date,symbol,name,price,mavg_price
1150820,00400A,主動國泰動能高息,14.66,14.21
1150820,00401A,主動摩根台灣鑫收,13.35,13.39
1150820,00402A,主動安聯美國科技,9.64,9.78
1150820,00403A,主動統一升級50,10.03,9.96
1150820,00404A,主動聯博動能50,9.43,9.51
1150820,00405A,主動富邦台灣龍耀,8.57,8.31
1150820,00406A,主動中信台灣收益,9.58,9.43
1150820,00407A,主動凱基台灣,9.54,9.49
1150820,00408A,主動第一金優股息,10.35,10.31
1150820,00410A,主動永豐科技趨勢,11.31,10.96
1150820,0050,元大台灣50,103.80,104.14
1150820,0051,元大中型100,141.80,141.43
1150820,0052,富邦科技,60.45,60.73
1150820,0053,元大電子,236.45,236.31
1150820,0055,元大MSCI金融,43.12,43.85
1150820,0056,元大高股息,52.05,51.99
1150820,0057,富邦摩台,309.75,311.17
1150820,0061,元大寶滬深,24.39,24.83
1150820,006203,元大MSCI台灣,188.70,189.04
1150820,006204,永豐臺灣加權,223.20,223.73
1150820,006205,富邦上証,40.59,41.22
1150820,006206,元大上證50,37.50,38.11
1150820,006207,復華滬深,32.49,33.04
1150820,006208,富邦台50,237.85,238.49
1150820,00625K,富邦上証+R,,8.77
1150820,00631L,元大台灣50正2,34.27,34.46
1150820,00632R,元大台灣50反1,10.22,10.22
1150820,00633L,富邦上証正2,48.22,49.76
1150820,00634R,富邦上証反1,3.12,3.08
1150820,00635U,期元大S&P黃金,46.51,44.67
1150820,00636,國泰中國A50,27.79,28.31
1150820,00636K,國泰中國A50+U,8.75,8.83
1150820,00637L,元大滬深300正2,19.95,20.66
1150820,00638R,元大滬深300反1,6.71,6.62
1150820,00639,富邦深100,16.75,17.05
1150820,00640L,富邦日本正2,105.90,107.88
1150820,00641R,富邦日本反1,3.72,3.71
1150820,00642U,期元大S&P石油,28.10,26.73
1150820,00643,群益深証中小,18.57,18.92
1150820,00643K,群益深証中小+R,,4.00
1150820,00645,富邦日本,57.20,57.66
1150820,00646,元大S&P500,77.55,78.08
1150820,00647L,元大S&P500正2,140.75,141.61
1150820,00648R,元大S&P500反1,3.90,3.91
1150820,00650L,復華香港正2,17.66,17.46
1150820,00651R,復華香港反1,5.10,5.16
1150820,00652,富邦印度,33.20,33.82
1150820,00653L,富邦印度正2,47.13,47.96
1150820,00654R,富邦印度反1,6.68,6.65
1150820,00655L,國泰中國A50正2,33.48,34.68
1150820,00656R,國泰中國A50反1,5.89,5.82
1150820,00657,國泰日經225,77.95,78.59
1150820,00657K,國泰日經225+U,24.44,24.52
1150820,00660,元大歐洲50,46.61,47.38
1150820,00661,元大日經225,85.55,86.23
1150820,00662,富邦NASDAQ,121.00,121.96
1150820,00663L,國泰臺灣加權正2,98.40,98.94
1150820,00664R,國泰臺灣加權反1,1.65,1.65
1150820,00665L,富邦恒生國企正2,9.74,9.59
1150820,00666R,富邦恒生國企反1,8.90,9.00
1150820,00668,國泰美國道瓊,62.40,63.01
1150820,00668K,國泰美國道瓊+U,19.56,19.62
1150820,00669R,國泰美國道瓊反1,5.18,5.18
1150820,00670L,富邦NASDAQ正2,201.25,202.26
1150820,00671R,富邦NASDAQ反1,2.43,2.43
1150820,00673R,期元大S&P原油反1,12.34,13.05
1150820,00674R,期元大S&P黃金反1,27.33,28.57
1150820,00675L,富邦臺灣加權正2,298.50,299.29
1150820,00676R,富邦臺灣加權反1,5.66,5.66
1150820,00678,群益那斯達克生技,45.22,41.79
1150820,00680L,元大美債20正2,6.53,6.46
1150820,00681R,元大美債20反1,21.56,21.80
1150820,00682U,期元大美元指數,20.29,20.46
1150820,00683L,期元大美元指正2,21.11,21.51
1150820,00684R,期元大美元指反1,15.21,15.14
1150820,00685L,群益臺灣加權正2,11.25,11.28
1150820,00686R,群益臺灣加權反1,1.01,1.01
1150820,00688L,國泰20年美債正2,6.51,6.43
1150820,00689R,國泰20年美債反1,22.60,22.88
1150820,00690,兆豐藍籌30,75.30,76.50
1150820,00692,富邦公司治理,89.10,89.29
1150820,00693U,期街口S&P黃豆,22.57,21.80
1150820,00700,富邦恒生國企,17.73,17.64
1150820,00701,國泰股利精選30,36.64,38.36
1150820,00702,國泰標普低波高息,25.24,25.22
1150820,00703,台新MSCI中國,19.88,19.96
1150820,00706L,期元大S&P日圓正2,19.13,19.18
1150820,00707R,期元大S&P日圓反1,,31.98
1150820,00708L,期元大S&P黃金正2,85.05,78.73
1150820,00709,富邦歐洲,41.23,41.37
1150820,00710B,復華彭博非投等債,19.14,19.23
1150820,00711B,復華彭博新興債,15.72,15.78
1150820,00712,復華富時不動產,8.94,8.85
1150820,00713,元大台灣高息低波,61.15,60.99
1150820,00714,群益道瓊美國地產,22.23,22.32
1150820,00715L,期街口布蘭特正2,50.95,45.82
1150820,00717,富邦美國特別股,14.81,14.94
1150820,00728,第一金工業30,66.60,64.72
1150820,00730,富邦臺灣優質高息,28.90,28.99
1150820,00731,復華富時高息低波,89.95,90.97
1150820,00733,富邦臺灣中小,65.85,64.78
1150820,00735,國泰臺韓科技,101.75,99.28
1150820,00736,國泰新興市場,31.48,31.71
1150820,00737,國泰AI機器人,41.07,40.97
1150820,00738U,期元大道瓊白銀,53.50,50.69
1150820,00739,元大MSCI A股,27.83,28.33
1150820,00752,中信中國50,23.77,23.79
1150820,00753L,中信中國50正2,9.85,9.80
1150820,00757,統一FANG+,137.80,139.34
1150820,00762,元大全球AI,112.25,113.24
1150820,00763U,期街口道瓊銅,34.45,35.14
1150820,00770,國泰北美科技,67.70,69.11
1150820,00771,元大US高息特別股,15.65,15.68
1150820,00775B,台新投等債15+,31.20,31.61
1150820,00783,富邦中証500,28.48,28.69
1150820,00830,國泰費城半導體,84.25,86.30
1150820,00850,元大臺灣ESG永續,89.20,89.43
1150820,00851,台新全球AI,70.25,71.38
1150820,00852L,國泰美國道瓊正2,35.86,36.38
1150820,00861,元大全球未來通訊,85.95,87.42
1150820,00865B,國泰US短期公債,48.87,49.20
1150820,00875,國泰網路資安,54.40,55.85
1150820,00876,元大全球5G,87.00,88.89
1150820,00878,國泰永續高股息,32.15,33.04
1150820,00881,國泰台灣科技龍頭,48.68,52.28
1150820,00882,中信中國高股息,15.07,15.02
1150820,00885,富邦越南,17.64,18.10
1150820,00891,中信關鍵半導體,33.45,34.93
1150820,00892,富邦台灣半導體,39.05,40.03
1150820,00893,國泰智能電動車,42.86,43.62
1150820,00894,中信小資高價30,45.62,47.28
1150820,00895,富邦未來車,49.73,50.23
1150820,00896,中信綠能及電動車,26.99,27.16
1150820,00897,富邦基因免疫生技,13.52,11.74
1150820,00898,國泰基因免疫革命,11.08,10.02
1150820,00899,FT潔淨能源,23.75,23.92
1150820,00900,富邦特選高股息30,18.56,18.68
1150820,00901,永豐智能車供應鏈,44.61,44.83
1150820,00902,中信電池及儲能,13.35,13.43
1150820,00903,富邦元宇宙,21.39,21.53
1150820,00904,台新臺灣半導體30,39.14,39.57
1150820,00905,FT臺灣Smart,25.75,25.71
1150820,00907,永豐優息存股,17.17,16.88
1150820,00908,富邦入息REITs+,15.45,15.56
1150820,00909,國泰數位支付服務,44.60,44.41
1150820,00910,第一金太空衛星,61.15,61.96
1150820,00911,兆豐洲際半導體,53.25,54.45
1150820,00912,中信臺灣智慧50,34.01,33.60
1150820,00913,兆豐台灣晶圓製造,45.49,47.32
1150820,00915,凱基優選高股息30,31.09,31.69
1150820,00916,國泰全球品牌50,26.96,27.09
1150820,00917,中信特選金融,24.12,24.27
1150820,00918,大華優利高填息30,33.64,33.67
1150820,00919,群益台灣精選高息,30.31,30.07
1150820,00920,富邦ESG綠色電力,24.37,24.68
1150820,00921,兆豐龍頭等權重,23.90,23.62
1150820,00922,國泰台灣領袖50,40.05,40.17
1150820,00923,群益台ESG低碳50,38.50,41.06
1150820,00924,復華S&P500成長,33.21,33.72
1150820,00926,凱基全球菁英55,26.26,26.65
1150820,00927,群益半導體收益,35.30,35.97
1150820,00929,復華台灣科技優息,28.44,28.86
1150820,00930,永豐ESG低碳高息,23.75,23.87
1150820,00932,兆豐永續高息等權,17.49,17.52
1150820,00934,中信成長高股息,28.36,28.46
1150820,00935,野村臺灣新科技50,55.95,56.48
1150820,00936,台新永續高息中小,21.07,21.27
1150820,00938,凱基優選30,24.37,24.83
1150820,00939,統一台灣高息動能,22.21,22.27
1150820,00940,元大台灣價值高息,12.40,12.40
1150820,00941,中信上游半導體,25.90,26.39
1150820,00943,兆豐電子高息等權,21.28,21.57
1150820,00944,野村趨勢動能高息,20.54,20.64
1150820,00945B,凱基美國非投等債,14.50,14.64
1150820,00946,群益科技高息成長,15.28,15.19
1150820,00947,台新臺灣IC設計,36.15,36.01
1150820,00949,復華日本龍頭,21.74,21.88
1150820,00951,台新日本半導體,17.14,17.95
1150820,00952,凱基台灣AI50,17.63,17.96
1150820,00953B,群益優選非投等債,9.70,9.74
1150820,00954,中信日本半導體,18.28,19.12
1150820,00956,中信日經高股息,13.23,13.23
1150820,00960,野村全球航運龍頭,20.89,19.44
1150820,00961,FT臺灣永續高息,13.10,13.13
1150820,00962,台新AI優息動能,14.92,15.07
1150820,00963,中信全球高股息,13.11,13.27
1150820,00964,中信亞太高股息,14.59,14.27
1150820,00965,元大航太防衛科技,26.44,26.73
1150820,00971,野村美國研發龍頭,17.64,17.78
1150820,00972,野村日本動能高息,21.59,21.70
1150820,009800,中信NASDAQ,13.08,13.19
1150820,009801,中信美國創新科技,11.24,12.26
1150820,009802,富邦旗艦50,18.59,18.96
1150820,009803,玉山市值動能50,20.93,21.07
1150820,009804,聯邦台精彩50,21.83,21.90
1150820,009805,台新美國電力基建,15.77,16.13
1150820,009808,華南永昌優選50,29.63,30.44
1150820,009809,富邦淨零ESG50,17.26,17.37
1150820,00980A,主動野村臺灣優選,24.13,24.07
1150820,009810,玉山全球藍籌100,21.47,21.65
1150820,009811,統一美國50,13.32,13.43
1150820,009812,野村日本東證,12.74,12.95
1150820,009813,貝萊德標普卓越50,11.32,11.42
1150820,009816,凱基台灣TOP50,15.13,15.12
1150820,009817,國泰日本不動產,9.15,9.18
1150820,009818,華南永昌NASDAQxT,19.87,20.23
1150820,009819,中信數據及電力,10.02,10.28
1150820,00981A,主動統一台股增長,29.25,28.94
1150820,00981T,平衡凱基雙核收息,11.77,11.91
1150820,009820,元大納斯達克精選,9.80,9.97
1150820,009821,野村稀土關鍵資源,15.16,14.48
1150820,009824,群益美國科技巨頭,10.03,10.14
1150820,009826,貝萊德世界股票,10.16,10.24
1150820,00982A,主動群益台灣強棒,21.80,22.40
1150820,00982D,主動富邦動態入息,9.76,9.83
1150820,00982T,平衡兆豐台美動能,14.86,15.23
1150820,00983A,主動中信ARK創新,12.33,11.82
1150820,00983D,主動富邦複合收益,9.98,10.06
1150820,00984A,主動安聯台灣高息,15.18,15.07
1150820,00984D,主動聯博全球非投,10.06,10.12
1150820,00985A,主動野村台灣50,22.48,21.96
1150820,00985B,群益ESG投等債0-5,10.27,10.32
1150820,00986A,主動台新龍頭成長,14.40,14.78
1150820,00987A,主動台新優勢成長,16.00,15.52
1150820,00988A,主動統一全球創新,16.51,16.83
1150820,00989A,主動摩根美國科技,16.91,17.25
1150820,00990A,主動元大AI新經濟,15.55,16.00
1150820,00991A,主動復華未來50,17.91,17.47
1150820,00991B,貝萊德A級公司債,14.95,14.99
1150820,00992A,主動群益科技創新,17.78,17.16
1150820,00993A,主動安聯台灣,13.30,13.12
1150820,00994A,主動第一金台股優,17.08,16.77
1150820,00995A,主動中信台灣卓越,17.01,16.84
1150820,00996A,主動兆豐台灣豐收,13.74,13.64
1150820,00997A,主動群益美國增長,11.30,11.52
1150820,00999A,主動野村臺灣高息,11.21,11.02
1150820,01001T,土銀富邦R1,11.28,11.32
1150820,01002T,土銀國泰R1,13.10,13.26
1150820,01004T,土銀富邦R2,10.25,10.19
1150820,01007T,兆豐國泰R2,11.55,11.77
1150820,01009T,王道圓滿R1,,5.66
1150820,01010T,京城樂富R1,,10.00
1150820,020000,富邦特選蘋果N,30.77,30.89
1150820,020011,統一微波高息20N,,16.40
1150820,020012,富邦行動通訊N,,22.88
1150820,02001L,富邦蘋果正二N,139.40,138.22
1150820,020020,元大台股領航N,,27.03
1150820,020028,元大特選電動車N,20.00,19.88
1150820,020029,元大ESG高股息N,17.89,18.14
1150820,020030,統一智慧電動車N,,18.45
1150820,020031,統一IC設計臺灣N,9.80,10.06
1150820,020032,元大綠能N,,10.49
1150820,020034,元大IC設計N,14.54,14.49
1150820,020036,元大金融配息N,,10.16
1150820,020037,元大金融高股息N,11.20,11.37
1150820,020038,元大ESG配息N,13.85,13.96
1150820,020039,元大加權N,14.29,14.33
1150820,03001T,啟碁台新5A售02,,0.91
1150820,03002T,台積電群益5A售12,0.26,0.56
1150820,03003T,聯發科群益5A售09,0.50,0.29
1150820,03004T,臺股指群益5C售05,,0.11
1150820,03005T,臺股指群益5C售06,,0.25
1150820,03006T,臺股指群益5C售07,,0.27
1150820,03006X,元展06,,247.25
1150820,030079,南亞統一59購01,14.40,13.30
1150820,03007T,台灣50元大5B售05,,0.15
1150820,030088,玉晶光統一59購01,1.30,0.87
1150820,03008T,臺股指元大5A售29,0.29,0.31
1150820,030092,訊芯統一59購01,,4.17
1150820,03009T,聯發科凱基64售03,0.20,0.18
1150820,03010T,台化凱基5A售05,,0.23
1150820,03011T,台積電凱基67售14,,1.22
1150820,03012T,聯發科凱基63售01,,0.11
1150820,03012X,元展12,66.50,67.94
1150820,030135,飛捷國票59購01,0.57,0.86
1150820,03013T,大立光凱基5A售06,0.10,0.12
1150820,03013X,元展13,,69.33
1150820,03014T,臺股指凱基5A售47,,0.09
1150820,03014X,元展14,,60.00
1150820,03015T,臺股指凱基5C售16,0.29,0.32
1150820,030169,台灣50凱基5B購01,,37.50
1150820,03016T,臺股指凱基5C售17,0.21,0.22
1150820,030174,鴻海凱基63購01,4.00,5.47
1150820,03018T,玉晶光國票5A售03,,0.35
1150820,03019X,元展19,,13.00
1150820,03021T,華泰台新5A售01,1.66,1.62
1150820,03022T,大立光台新5A售03,,0.12
1150820,03023T,眾達群益5A售03,,1.61
1150820,030240,南亞統一5A購01,7.35,7.18
1150820,030241,南亞統一62購01,,8.65
1150820,030243,台化統一62購01,1.85,1.96
1150820,030245,台玻統一5A購01,,2.42
1150820,030246,宇隆統一5A購01,,0.57
1150820,03024T,臺股指群益65售04,0.96,1.05
1150820,030250,同欣電統一5B購01,,1.74
1150820,030251,AES統一5C購01,0.07,0.10
1150820,03026T,滬深2X國票5B售01,,0.60
1150820,03027T,華邦電國票5B售02,,0.09
1150820,03028T,南亞科國票5B售02,,0.05
1150820,03029X,元展26,,88.00
1150820,03031T,台灣50台新5A售06,,0.13
1150820,03032T,國巨台新5A售05,0.14,0.13
1150820,03033T,S&P正2凱基5B售01,0.25,0.27
1150820,03034T,美費半凱基5A售02,,0.07
1150820,030350,滬深2X元大5A購01,,1.12
1150820,03035T,台積電凱基5A售11,0.22,0.27
1150820,03035X,元展32,14.70,13.90
1150820,03036T,華邦電凱基5A售03,0.07,0.12
1150820,03037T,南亞科凱基5A售03,,0.05
1150820,03038T,群創凱基5A售04,0.03,0.08
1150820,03039T,臺股指凱基65售03,,0.45
1150820,03039X,元展36,,78.25
1150820,03040T,力積電元大5A售07,,0.26
1150820,03041T,聯發科永豐5A售06,,0.10
1150820,03042T,群創元大5A售04,0.03,0.04
1150820,03043T,臺股指元大5A售30,,0.63
1150820,03044T,T50正2凱基5A售08,,0.26
1150820,03045T,鴻海凱基5C售07,0.34,0.30
1150820,03046T,台積電凱基5C售09,0.08,0.15
1150820,03047T,台灣50富邦5A售03,0.11,0.16
1150820,03047X,元展44,,30.90
1150820,03048T,台灣50富邦5A售04,0.16,0.18
1150820,030499,台光電國票5A購01,,37.25
1150820,03049T,台灣50富邦5C售12,,0.22
1150820,03050T,T50正2富邦5B售04,0.33,0.37
1150820,03050X,元展47,,8.25
1150820,030518,滬深2X凱基59購02,,1.65
1150820,03051T,臺股指富邦5A售14,0.12,0.17
1150820,03052T,臺股指富邦5A售15,0.11,0.14
1150820,03053T,臺股指富邦5A售16,,0.14
1150820,03054T,臺股指富邦5A售17,,0.18
1150820,03055T,臺股指富邦5B售10,0.21,0.24
1150820,03056T,T50正2凱基63售04,0.80,0.78
1150820,030573,台積電統一68購01,2.31,2.32
1150820,030576,智邦統一5A購01,,2.43
1150820,030578,金像電統一62購01,2.20,2.50
1150820,03057T,台積電凱基67售15,,0.89
1150820,030580,台光電統一62購01,4.58,4.45
1150820,03058T,臺股指凱基5A售48,,0.16
1150820,030591,緯創統一59購01,1.50,1.74
1150820,030592,緯創統一5A購01,0.95,1.42
1150820,03059T,日本2X元大5B售01,0.18,0.20
1150820,030608,緯穎統一5B購01,3.10,2.98
1150820,030609,緯穎統一62購01,2.62,2.47
1150820,03060T,臺股指群益5A售19,,0.31
1150820,03061T,臺股指群益5A售20,0.18,0.18
1150820,03062T,臺股指群益5A售21,0.21,0.21
1150820,03063T,臺股指群益5A售22,,0.42
1150820,03065T,T50正2群益5A售06,,0.34
1150820,03066T,T50正2群益5A售07,,0.29
1150820,03067T,T50正2群益5A售08,,0.45
1150820,03068T,台積電群益5A售14,0.37,0.36
1150820,03069T,台積電群益5A售15,,0.57
1150820,03073T,力積電群益5A售03,0.31,0.37
1150820,03074T,台積電富邦74售03,0.58,0.59
1150820,03075T,群創富邦61售01,,0.10
1150820,030766,T50反1中信62購01,0.07,0.07
1150820,030767,臺指反中信62購01,0.07,0.06
1150820,03076T,緯穎富邦61售04,0.11,0.14
1150820,03077T,台積電凱基63售08,,0.83
1150820,03078T,臺股指凱基5A售49,,0.28
1150820,030793,鴻海凱基68購01,3.65,4.24
1150820,03079T,台灣50元大5A售10,0.34,0.40
1150820,03080T,台積電群益5A售16,,0.65
1150820,03082T,聯發科群益5A售14,,0.15
1150820,03083T,聯發科凱基5A售14,0.11,0.13
1150820,03084T,臺股指元大5A售31,0.22,0.24
1150820,03085T,臺股指元大5A售32,,0.27
1150820,03086T,燿華國票5A售03,,1.21
1150820,030889,元債2X永豐64購01,0.45,0.45
1150820,03089T,台玻國票5B售02,0.66,0.82
1150820,03090T,燿華凱基5A售04,1.27,1.35
1150820,03091T,T50正2永豐61售02,0.82,0.85
1150820,03092T,毅嘉富邦5B售01,0.57,0.57
1150820,03093T,日本2X凱基5A售02,,0.41
1150820,03094T,台玻凱基5B售03,0.64,0.76
1150820,03095T,京元電凱基5A售05,1.01,0.96
1150820,030967,鴻海凱基68購02,3.89,4.42
1150820,03096T,玉晶光凱基5A售02,0.37,0.63
1150820,03097T,威盛國票5B售05,,0.46
1150820,03098T,威盛國票5B售06,0.67,0.66
1150820,03099T,南亞科台新5A售06,0.10,0.10
1150820,03100T,臺股指台新5A售03,,0.47
1150820,03101T,聯發科永豐5B售08,,0.10
1150820,03103T,台灣50群益5A售08,,0.30
1150820,03104T,台玻群益5A售06,,0.56
1150820,03105T,台積電群益5A售19,0.96,0.95
1150820,03106T,聯發科群益5A售16,0.44,0.42
1150820,031074,美債2X永豐64購01,0.66,0.65
1150820,03107T,玉晶光群益5C售01,0.47,0.71
1150820,03108T,華邦電國泰5B售01,0.12,0.17
1150820,03109T,聯發科國票5A售06,0.28,0.28
1150820,03110T,緯穎國票5B售06,0.18,0.22
1150820,03111T,緯穎國票5C售02,0.12,0.17
1150820,03112T,T50正2台新5B售02,,0.60
1150820,03113T,南亞科台新5A售08,,0.09
1150820,03114T,台灣50富邦5B售03,0.38,0.39
1150820,03116T,臺股指富邦5B售12,0.33,0.35
1150820,03117T,T50正2元大5A售10,,0.44
1150820,03118T,台股增元大5A售02,0.58,0.79
1150820,03119T,南亞科中信5B售02,0.03,0.06
1150820,03120T,台灣50凱基5B售07,0.52,0.58
1150820,03121T,香港2X凱基5C售01,0.83,0.94
1150820,03122T,聯發科凱基5B售05,0.07,0.07
1150820,03123T,臺股指凱基5B售12,,0.40
1150820,03124T,臺股指凱基5C售18,,0.47
1150820,03125T,台積電元大5B售09,,0.96
1150820,031266,台塑統一68購01,0.71,0.70
1150820,031269,川湖統一62購01,,8.86
1150820,03126T,聯發科元大5B售07,0.24,0.21
1150820,031272,台達電統一62購01,,5.23
1150820,031273,鴻海統一5C購03,0.79,0.97
1150820,031274,鴻海統一68購01,1.09,1.25
1150820,031278,致茂統一5A購01,,6.55
1150820,03127T,國巨國票5B售03,0.03,0.53
1150820,031286,建準統一62購01,0.35,0.41
1150820,031288,長榮太統一5A購01,,0.38
1150820,031289,長榮太統一62購01,0.35,0.44
1150820,031292,奇鋐統一68購01,1.72,1.71
1150820,031296,亞光統一59購01,,0.01
1150820,031297,亞光統一5B購02,,0.05
1150820,03129T,台灣50台新5B售03,,0.50
1150820,031308,智伸科統一62購01,0.30,0.34
1150820,03130T,T50正2台新5C售03,0.63,0.73
1150820,031316,台塑化統一68購01,1.18,1.10
1150820,031319,緯穎統一59購02,,2.78
1150820,03131T,鴻海台新5B售02,1.16,1.02
1150820,031321,昇陽半統一5B購01,0.50,0.74
1150820,03132T,智邦台新5B售02,1.90,1.65
1150820,03133T,南亞科台新5B售01,0.10,0.11
1150820,03134T,盟立台新5B售02,0.10,0.12
1150820,03135T,力積電台新5B售03,0.54,0.83
1150820,03136T,臺股指台新5B售01,,0.53
1150820,03137T,聯發科群益5B售07,1.43,1.35
1150820,03138T,AES群益5B售03,,0.82
1150820,03139T,臺股指群益5B售18,0.43,0.49
1150820,03140T,華邦電中信5B售02,0.02,0.03
1150820,03141T,群創中信5B售02,0.03,0.04
1150820,03142T,力積電中信5B售03,0.09,0.13
1150820,03143T,臺股指中信63售07,,0.69
1150820,03144T,台灣50凱基5C售07,,0.41
1150820,03145T,台灣50凱基5C售08,0.52,0.56
1150820,03146T,台股增凱基5C售02,0.66,0.85
1150820,03147T,AES凱基5B售04,0.77,0.75
1150820,03148T,臺股指凱基65售05,0.56,0.56
1150820,03149T,FB台50元大65售02,1.06,1.08
1150820,03150T,台積電群益5B售11,,0.73
1150820,031526,鴻海凱基64購03,,5.07
1150820,03152T,群創群益61售01,,0.09
1150820,03153T,群創國票5B售01,,0.04
1150820,03155T,川湖台新5B售03,0.10,0.09
1150820,03156T,啟碁台新5B售02,,0.86
1150820,03157T,力積電台新5B售05,0.77,0.85
1150820,03158T,臺股指台新5B售03,,0.89
1150820,03159T,台灣50中信65售02,0.70,0.72
1150820,03160T,T50正2中信65售01,0.66,0.68
1150820,03161T,臺指2X中信65售01,0.71,0.71
1150820,03162T,聯電中信5B售01,0.06,0.07
1150820,03163T,台積電中信65售04,0.69,0.69
1150820,031643,鴻海凱基64購04,,2.31
1150820,03164T,日月光中信5B售01,0.09,0.10
1150820,03165T,華邦電凱基5C售02,,0.17
1150820,03166T,勤誠凱基5B售04,0.88,0.73
1150820,03167T,臺股指元大5B售20,,0.39
1150820,03168T,金寶台新5B售02,0.70,0.76
1150820,03169T,群創台新5B售03,0.04,0.04
1150820,03170T,鈞興台新5B售02,,1.33
1150820,03171T,昇陽半台新5B售05,1.24,1.12
1150820,03172T,元石油群益5B售03,,1.35
1150820,031730,道瓊銀國票5B購01,6.95,5.67
1150820,03173T,SGBR2X群益5B售06,1.16,1.28
1150820,03174T,啟碁群益5B售03,,0.17
1150820,03175T,力積電群益5B售03,0.52,0.62
1150820,03176T,T50正2富邦61售09,0.48,0.57
1150820,03177T,T50正2富邦65售01,,0.65
1150820,03178T,聯發科國票5C售04,0.67,0.64
1150820,03179T,T50正2凱基5C售02,0.87,0.93
1150820,03180T,元石油凱基5B售03,1.00,1.09
1150820,031815,T50反1富邦62購01,0.08,0.06
1150820,03181T,SGBR2X凱基5B售05,0.97,1.04
1150820,03182T,台積電凱基5B售20,0.92,1.02
1150820,031834,鴻海凱基68購03,,3.09
1150820,03183T,台積電凱基61售10,,1.06
1150820,03184T,聯發科凱基5B售08,0.17,0.19
1150820,03185T,台灣50國泰5C售02,1.00,1.06
1150820,031874,奇鋐國票59購01,,11.31
1150820,03188T,臺股指國泰5B售01,0.64,0.79
1150820,03189T,T50正2元大5B售09,0.58,0.66
1150820,03190T,聯發科元大5B售18,0.80,0.79
1150820,03191T,貿聯元大5B售08,1.23,1.31
1150820,03192T,臺股指元大5B售21,0.38,0.44
1150820,03193T,臺股指元大5C售15,0.54,0.65
1150820,03194T,台積電台新5B售07,0.49,0.52
1150820,03195T,台積電台新5B售08,,0.69
1150820,03196T,台積電台新5C售05,0.73,0.73
1150820,03198T,台積電台新62售08,,0.67
1150820,03199T,台積電台新63售02,0.66,0.66
1150820,03200T,威盛台新5B售02,,1.39
1150820,03201T,聯發科台新5B售05,0.42,0.41
1150820,03202T,聯發科台新5B售06,0.45,0.41
1150820,03204T,台灣50群益5B售08,,0.55
1150820,03205T,T50正2群益5B售01,,0.93
1150820,03206T,台積電群益5B售14,1.14,1.18
1150820,032075,鴻海凱基68購04,2.20,2.84
1150820,03207T,聯發科群益5B售10,1.04,0.99
1150820,03208T,晶豪科群益5B售02,,0.68
1150820,03209T,嘉晶群益5B售02,0.43,0.56
1150820,03210T,臺股指群益5B售19,0.50,0.53
1150820,03211T,T50正2凱基5B售08,0.73,0.79
1150820,03212T,台積電凱基5B售21,0.84,0.87
1150820,03213T,台積電凱基63售10,,1.84
1150820,03214T,臺股指凱基61售09,0.90,0.84
1150820,03215T,智邦台新5B售04,2.41,2.13
1150820,03216T,漢唐台新5B售03,,1.04
1150820,03217T,漢唐台新5B售04,0.89,0.78
1150820,03218T,南亞科台新62售03,0.24,0.33
1150820,03219T,京元電台新5B售04,3.20,3.06
1150820,03220T,緯創台新5B售03,0.31,0.30
1150820,03221T,日月光台新5B售02,,0.87
1150820,03222T,jpp台新5B售02,1.25,1.47
1150820,03223T,台積電元大5B售16,,0.45
1150820,03225T,晶豪科凱基5B售05,0.16,0.23
1150820,03226T,美費半元大5B售03,0.75,0.81
1150820,03227T,台積電元大5B售18,,0.73
1150820,03228T,兆赫國票5B售02,,1.51
1150820,03229T,世芯國票5C售01,2.01,2.05
1150820,03230T,世芯國票63售02,2.32,2.38
1150820,03231T,T50正2群益5B售04,0.86,0.82
1150820,03232T,台股增群益5B售04,0.64,0.79
1150820,03234T,智邦群益65售01,0.84,0.78
1150820,03235T,緯創群益63售02,,0.29
1150820,03236T,臺股指群益5B售21,,0.49
1150820,03237T,南亞科台新5C售03,0.20,0.31
1150820,032385,鴻海凱基64購05,,2.96
1150820,032388,台積電凱基5B購06,,12.94
1150820,03238T,世芯台新5B售03,1.12,1.18
1150820,03239T,臺股指台新5B售06,0.56,0.62
1150820,03241T,台灣50富邦5B售05,,0.50
1150820,03242T,台灣50富邦5C售14,,0.59
1150820,03245T,T50正2富邦62售04,0.73,0.75
1150820,03246T,台積電富邦63售05,,0.57
1150820,03247T,臺股指富邦5B售14,0.31,0.29
1150820,03248T,臺股指富邦5B售15,0.56,0.61
1150820,03249T,臺股指富邦61售14,,0.97
1150820,03250T,臺股指富邦65售03,,0.60
1150820,03251T,聯電元大5B售09,,0.16
1150820,03252T,台積電元大5B售19,0.41,0.55
1150820,03253T,台灣50凱基5C售09,0.62,0.66
1150820,03254T,T50正2凱基63售05,,0.90
1150820,03255T,創見凱基5B售05,0.56,0.58
1150820,032564,鴻海國票59購02,,1.16
1150820,03256T,臺股指凱基5C售19,,0.58
1150820,032579,晶心科國票5B購01,0.45,0.54
1150820,03257T,台灣50台新5B售08,0.83,0.91
1150820,03258T,T50正2台新5B售06,,0.71
1150820,03259T,鴻海台新5B售05,,1.27
1150820,03260T,鴻準台新5B售03,1.54,1.48
1150820,03261T,漢唐台新5B售06,,0.66
1150820,03262T,緯創台新5B售04,,0.67
1150820,03263T,福懋科台新5B售04,1.13,1.10
1150820,03264T,臺股指富邦5B售17,,0.53
1150820,03265T,臺股指富邦61售15,0.37,0.39
1150820,03266T,臺股指富邦62售05,0.61,0.62
1150820,03267T,台積電群益61售07,,1.25
1150820,03268T,華邦電群益61售01,0.30,0.56
1150820,03269T,南亞科群益61售01,0.18,0.27
1150820,03270T,臺股指群益5B售23,,0.55
1150820,03271T,台灣50國票5B售02,0.83,0.87
1150820,03272T,川湖國票5C售02,0.17,0.12
1150820,03273T,群創國票5B售02,0.26,0.26
1150820,03274T,達發國票5B售03,1.45,1.41
1150820,03275T,臺股指國票5B售04,1.02,1.10
1150820,03276T,台灣50凱基5C售10,0.36,0.40
1150820,03277T,T50正2凱基5C售03,0.82,0.87
1150820,03278T,川湖凱基5B售10,0.27,0.16
1150820,03279T,聯電凱基5B售06,,0.21
1150820,03280T,南亞科凱基5B售06,,0.24
1150820,03281T,台灣50群益5B售09,0.78,0.73
1150820,03283T,創見群益5C售01,2.03,2.04
1150820,03284T,聯詠群益64售01,0.55,0.58
1150820,03285T,緯創群益64售01,0.53,0.52
1150820,03286T,台積電元大5B售21,,0.17
1150820,03287T,聯詠群益65售01,,0.41
1150820,03289T,文曄元大5B售02,,2.28
1150820,032908,緯穎凱基5B購01,5.20,5.14
1150820,03290T,臺股指元大5B售22,,0.62
1150820,032910,緯穎凱基5B購02,,4.68
1150820,03291T,台灣50富邦5C售15,0.44,0.46
1150820,03292T,T50正2富邦5B售06,0.48,0.51
1150820,03293T,台灣50元大5C售05,0.76,0.75
1150820,032942,鴻海統一68購03,0.34,0.40
1150820,032944,漢唐統一64購01,0.23,0.26
1150820,032946,建準統一59購01,,0.15
1150820,032947,長榮太統一59購01,,0.09
1150820,03294T,台積電凱基5B售24,,1.10
1150820,032951,德律統一64購01,,0.90
1150820,032952,精銳統一5B購01,,0.07
1150820,032956,臻鼎統一64購01,2.88,3.65
1150820,032957,達興統一5B購01,0.19,0.20
1150820,032958,達興統一64購01,0.32,0.42
1150820,03295T,群創凱基5B售05,0.19,0.19
1150820,032960,精成科統一5C購02,,0.05
1150820,032961,富世達統一5C購01,,1.25
1150820,03296T,臺股指凱基5B售17,0.45,0.47
1150820,03297T,臺指2X群益5B售02,0.89,0.98
1150820,03298T,光寶科群益5B售05,0.49,0.70
1150820,03299T,漢唐群益5B售03,,0.52
1150820,03300T,昇貿群益5B售02,2.60,2.52
1150820,03301T,緯穎群益5B售07,,0.57
1150820,03302T,臺股指群益63售06,,0.43
1150820,03303T,臺股指群益63售07,,0.77
1150820,033041,T50反1中信62購02,0.40,0.26
1150820,03304T,臺股指群益63售08,0.85,0.87
1150820,03305T,臺股指中信63售09,0.55,0.56
1150820,03306T,台積電群益5B售17,1.07,1.16
1150820,03307T,聯電國票5B售04,,0.48
1150820,03308T,道瓊銅凱基61售02,,0.59
1150820,03309T,臺股指凱基63售13,0.48,0.51
1150820,03310T,臺股指凱基63售14,,0.64
1150820,03312T,上銀台新5B售04,1.43,1.56
1150820,03313T,國巨台新5B售07,0.40,0.40
1150820,03317T,力積電台新5B售10,,1.34
1150820,03318T,晶豪科中信5B售02,0.46,0.54
1150820,03319T,臺股指中信62售04,,0.58
1150820,03320T,台灣50台新5B售10,,1.15
1150820,03321T,台灣50台新5B售11,,0.72
1150820,03322T,國巨台新5B售10,3.84,3.77
1150820,03323T,微星台新5B售04,,0.25
1150820,03324T,上銀群益61售02,0.84,0.94
1150820,03326T,國巨群益5C售02,0.34,0.37
1150820,03327T,大立光群益65售01,0.25,0.45
1150820,03328T,臻鼎群益61售02,1.11,1.11
1150820,03329T,眾達群益5B售04,2.17,2.28
1150820,03330T,力積電群益5B售04,1.15,1.13
1150820,03331T,臺股指群益5B售30,0.38,0.46
1150820,03332T,臺股指群益5B售31,,0.34
1150820,03333T,臺股指群益5B售32,0.58,0.61
1150820,03334T,臺股指群益5B售33,0.63,0.65
1150820,03335T,臺股指群益5B售34,0.72,0.78
1150820,03336T,國巨國票5B售06,0.87,0.81
1150820,03337T,晶豪科國票5B售03,0.81,0.81
1150820,03338T,電子類國票5B售03,1.02,1.08
1150820,03339T,國巨永豐61售05,0.58,0.57
1150820,033407,啟碁國票5A購01,,6.20
1150820,033408,矽力中信58購01,0.15,0.53
1150820,03340T,臺股指富邦62售06,,0.90
1150820,033413,台積電永豐58購02,7.05,7.22
1150820,033414,台積電永豐58購03,,12.75
1150820,03341T,聯電凱基5B售10,0.68,0.67
1150820,03342T,晶豪科凱基5B售10,,0.92
1150820,03343T,大立光凱基5B售12,0.18,0.45
1150820,03344T,臻鼎凱基5B售06,0.71,0.70
1150820,033450,富世達凱基58購02,,2.06
1150820,03345T,台股增國票5B售06,,1.03
1150820,03346T,貿聯國票5C售01,0.47,0.55
1150820,03347T,貿聯元大5B售09,0.80,0.88
1150820,03348T,台灣50台新5B售13,1.04,1.11
1150820,03349T,滬深2X台新5B售02,,1.09
1150820,03350T,中砂台新5B售03,1.33,1.44
1150820,03351T,國巨中信65售04,0.58,0.57
1150820,03352T,聯電國泰61售01,,1.17
1150820,03353T,臻鼎國票5B售03,0.70,0.69
1150820,033542,南亞統一58購02,,14.80
1150820,033543,華新統一58購03,1.53,1.40
1150820,033544,華新統一58購04,,1.32
1150820,033546,台達電統一58購02,,5.03
1150820,033547,金寶統一58購01,,1.15
1150820,033548,華通統一62購01,,2.92
1150820,033549,鴻海統一58購03,0.68,0.90
1150820,03354T,臻鼎國票5B售04,,0.51
1150820,033550,鴻海統一5A購02,0.62,0.80
1150820,033551,台積電統一5C購05,3.99,4.28
1150820,033552,台積電統一68購02,1.70,1.78
1150820,033553,鴻準統一58購03,,0.05
1150820,033555,燿華統一64購01,,0.62
1150820,033556,金像電統一64購01,1.65,1.73
1150820,033557,威盛統一58購03,,0.07
1150820,033558,漢唐統一58購01,0.14,0.37
1150820,033559,聯發科統一58購01,6.60,7.41
1150820,03355T,T50正2永豐5B售03,,0.73
1150820,033560,強茂統一58購01,,3.00
1150820,033561,長榮統一58購02,0.99,0.68
1150820,033562,陽明統一58購01,0.02,0.01
1150820,033563,萬海統一58購02,0.71,0.19
1150820,033565,長榮太統一58購02,,0.03
1150820,033566,長榮太統一59購02,,0.36
1150820,033567,長榮太統一64購01,0.29,0.35
1150820,033568,神基統一5B購01,,0.16
1150820,033569,神基統一64購01,,0.80
1150820,03356T,台積電永豐5C售23,,0.66
1150820,033570,大立光統一58購01,5.55,4.03
1150820,033571,零壹統一5B購01,,0.18
1150820,033573,德律統一58購01,,0.50
1150820,033574,德律統一5C購01,,1.07
1150820,033575,欣興統一58購02,,28.75
1150820,033576,玉晶光統一59購02,0.84,0.68
1150820,033577,創意統一58購02,12.00,10.51
1150820,033578,群創統一58購01,15.10,16.13
1150820,033579,嘉澤統一64購01,0.45,0.60
1150820,03357T,台積電永豐65售08,,1.02
1150820,033580,神達統一58購05,0.09,0.16
1150820,033583,臻鼎統一58購03,,4.79
1150820,033584,臻鼎統一58購04,3.34,3.68
1150820,033588,矽力統一5B購01,,0.93
1150820,03358T,台灣50富邦65售06,,0.61
1150820,033590,鈺邦統一5A購01,0.56,0.77
1150820,033591,鈺邦統一5C購01,,0.76
1150820,033592,緯穎統一64購01,,2.53
1150820,033593,洋基統一64購01,,1.02
1150820,033594,AES統一64購01,,0.29
1150820,033595,采鈺統一58購02,1.17,1.31
1150820,033597,富世達統一64購01,,0.56
1150820,033598,台虹統一59購01,,13.25
1150820,03359T,T50正2富邦5C售01,,0.60
1150820,033600,台達電中信58購03,11.20,12.48
1150820,033601,京元電中信58購02,,4.81
1150820,03360T,臺股指元大61售23,0.67,0.70
1150820,033611,奇鋐永豐62購01,,8.61
1150820,03361T,國巨凱基5B售08,0.48,0.57
1150820,033620,連加兆豐58購01,,0.01
1150820,03362T,國巨凱基61售03,0.38,0.43
1150820,033634,台化統一58購03,2.28,2.37
1150820,033635,大亞統一5A購01,,0.13
1150820,033636,聯電統一58購01,,6.95
1150820,033637,燿華統一58購01,,0.34
1150820,033638,燿華統一58購02,,0.56
1150820,033639,技嘉統一58購01,0.08,0.26
1150820,033640,威盛統一58購04,0.04,0.18
1150820,033641,正崴統一58購01,,0.05
1150820,033642,正崴統一5C購01,,0.28
1150820,033643,漢唐統一58購02,,0.05
1150820,033644,友達統一58購01,3.90,3.94
1150820,033645,建準統一58購01,,0.04
1150820,033646,建準統一58購02,,0.04
1150820,033647,京元電統一58購01,,1.68
1150820,033648,京元電統一64購01,,2.96
1150820,033649,強茂統一58購02,,2.86
1150820,03364T,臺股指台新5B售10,,0.90
1150820,033651,長榮航統一58購01,,0.08
1150820,033652,漢翔統一58購02,0.86,0.42
1150820,033654,神基統一58購01,,0.01
1150820,033655,德律統一5B購01,,0.77
1150820,033656,健策統一62購01,3.30,2.95
1150820,033657,神達統一58購06,0.01,0.03
1150820,033658,臻鼎統一58購05,,4.88
1150820,033659,達興統一58購01,,0.01
1150820,033660,帆宣統一58購01,1.64,1.76
1150820,033661,鈺邦統一58購02,,0.29
1150820,033662,鈺邦統一5B購01,,0.76
1150820,033663,洋基統一58購01,0.18,0.30
1150820,033665,富世達統一58購04,0.83,0.69
1150820,03366T,聯電群益62售01,0.59,0.56
1150820,03368T,保瑞群益5B售02,0.47,0.68
1150820,033694,富世達凱基58購03,,3.58
1150820,03370T,臺股指群益6A售02,1.74,1.78
1150820,03371T,聯電統一65售05,0.43,0.43
1150820,03372T,國巨統一65售09,0.37,0.37
1150820,033735,健策國票5A購01,,14.60
1150820,03373T,華邦電統一65售06,0.34,0.37
1150820,03374T,力積電統一65售05,0.41,0.42
1150820,03375T,華通中信5B售02,0.76,0.85
1150820,03376T,台灣50元大5B售09,,0.56
1150820,03377T,台灣50凱基65售02,1.05,1.08
1150820,03378T,牧德凱基5B售05,1.34,1.34
1150820,03379T,華邦電國泰5C售04,0.40,0.45
1150820,03380T,晶豪科統一65售06,0.49,0.51
1150820,03382T,台灣50台新5B售15,,0.50
1150820,03383T,盟立台新5B售05,0.68,0.73
1150820,033845,臻鼎中信58購01,6.65,6.84
1150820,033849,國巨富邦58購01,26.00,29.61
1150820,03384T,康舒台新5B售01,,1.32
1150820,033853,緯創富邦5B購01,2.07,2.63
1150820,033856,佳能第一58購01,,0.13
1150820,03385T,啟碁台新5B售06,,2.77
1150820,03386T,晶豪科群益5B售06,0.56,0.66
1150820,03387T,臻鼎群益5B售05,0.66,0.79
1150820,03388T,啟碁群益5B售10,,2.12
1150820,03389T,南亞科統一65售08,0.22,0.25
1150820,033900,廣宇元富58購01,,0.01
1150820,033908,緯創元富58購01,,8.98
1150820,03391T,南亞科台新5B售07,,0.31
1150820,03392T,臺股指元大5C售17,,0.60
1150820,03393T,緯穎富邦61售06,0.23,0.27
1150820,033942,聯電統一5A購01,3.52,4.56
1150820,033943,鴻海統一5B購01,0.42,0.56
1150820,033944,鴻海統一68購04,0.51,0.65
1150820,033945,國巨統一58購02,,12.05
1150820,033946,國巨統一5B購01,4.52,5.03
1150820,033948,華泰統一5A購01,,0.08
1150820,033949,智邦統一64購01,1.78,2.27
1150820,03394T,臺股指富邦5B售19,,0.34
1150820,033950,鴻準統一5B購01,,0.11
1150820,033951,佳能統一5B購01,,0.18
1150820,033952,威盛統一64購01,,0.66
1150820,033953,建準統一64購01,0.31,0.37
1150820,033954,盟立統一5A購01,,2.20
1150820,033955,盟立統一5C購01,,2.27
1150820,033957,鉅祥統一64購01,,0.72
1150820,033958,長榮航統一5A購01,,0.20
1150820,03395T,臺股指富邦62售08,0.66,0.68
1150820,033962,奇鋐統一5B購02,,4.41
1150820,033963,威強電統一64購01,,0.77
1150820,033965,零壹統一5C購02,,0.11
1150820,033966,新日興統一59購01,0.08,0.04
1150820,033967,神達統一59購01,,0.08
1150820,033968,神達統一64購01,,0.26
1150820,033969,臻鼎統一5C購01,2.55,2.53
1150820,03396T,臻鼎中信63售01,0.86,0.86
1150820,033970,佳必琪統一5A購01,,1.10
1150820,033973,龍德船統一5A購01,,0.14
1150820,033974,泓德統一58購02,,0.01
1150820,033976,台虹統一5C購01,9.75,9.75
1150820,033977,南電統一5B購01,,18.35
1150820,033978,世紀鋼統一58購01,,0.01
1150820,03397T,緯穎中信65售02,0.61,0.64
1150820,03398T,臺股指中信62售05,,1.07
1150820,03399T,台股增國票5B售07,,1.31
1150820,03400T,益登國票5B售02,0.83,0.81
1150820,03401T,美費半凱基5B售02,,0.75
1150820,03402T,金像電凱基5B售06,1.17,1.27
1150820,03403T,陽明台新5B售03,0.60,1.14
1150820,03404T,萬海台新5B售03,0.33,0.77
1150820,034059,世芯群益58購03,,0.17
1150820,03405T,臻鼎台新5B售08,,1.95
1150820,03407T,力成台新5B售02,,2.37
1150820,03408T,力智台新5B售05,,2.39
1150820,03409T,T50正2群益5C售01,1.06,1.06
1150820,03410T,台灣50中信65售04,1.25,1.25
1150820,03411T,臺指2X中信65售03,0.95,0.95
1150820,03412T,台灣50富邦62售03,,0.72
1150820,03413T,南亞科富邦61售04,0.36,0.39
1150820,03414T,日月光凱基5B售04,0.83,0.84
1150820,03415T,力積電凱基5B售04,,0.73
1150820,034166,T50反1富邦58購02,0.01,0.01
1150820,03416T,矽統台新5B售05,,2.77
1150820,03417T,金像電台新5B售04,2.15,2.33
1150820,03418T,南亞科台新5B售08,0.34,0.41
1150820,03419T,臻鼎台新5B售09,1.93,1.92
1150820,03420T,矽格台新5B售03,2.52,2.44
1150820,03421T,T50正2元大5B售11,1.02,1.08
1150820,034223,滬深2X元大58購02,0.11,0.11
1150820,03422T,金像電群益5B售05,3.48,3.74
1150820,03423T,萬海群益65售01,1.29,1.47
1150820,034247,緯創元大58購01,2.75,3.61
1150820,03424T,京元電中信63售03,1.27,1.24
1150820,034251,群創元大58購01,,30.00
1150820,03425T,臺股指中信63售10,0.72,0.73
1150820,034265,AES元大58購01,,0.02
1150820,03426T,華通元大5B售12,,3.00
1150820,034279,台光電群益58購01,,16.96
1150820,03427T,台灣50群益5B售10,1.51,1.56
1150820,034283,昇貿群益58購01,,0.05
1150820,03428T,矽統群益63售01,1.54,1.45
1150820,03429T,日月光群益5B售05,2.16,2.25
1150820,03430T,矽格群益5B售04,,1.30
1150820,03431T,臺股指群益5B售37,0.93,0.98
1150820,034323,臻鼎兆豐58購02,,9.95
1150820,03432T,臺股指群益5B售38,1.18,1.19
1150820,03433T,SGBR2X台新5B售01,1.36,1.60
1150820,034344,緯穎元富58購03,,11.15
1150820,034345,SP黃豆國票5B購01,0.62,0.49
1150820,03434T,台玻台新5B售04,1.03,1.15
1150820,03435T,華通台新5B售07,,2.03
1150820,034361,穎崴國票58購01,,31.20
1150820,03436T,仁寶台新5B售03,,1.77
1150820,03437T,金像電台新5B售05,,3.67
1150820,03438T,盟立台新5B售07,1.45,1.56
1150820,03439T,臻鼎台新5B售11,2.44,2.42
1150820,03440T,達興台新5B售02,4.26,4.04
1150820,03441T,緯穎台新5B售09,0.63,0.74
1150820,034429,台達電元大58購01,6.70,7.90
1150820,03442T,緯穎台新5B售10,0.84,0.95
1150820,03443T,臺股指富邦5B售20,0.65,0.68
1150820,03444T,臺股指富邦63售10,,0.93
1150820,034458,緯創元大58購02,,5.45
1150820,03445T,臺股指富邦65售08,0.65,0.67
1150820,03446T,台灣50台新5B售18,1.29,1.35
1150820,034474,AES元大58購02,,0.01
1150820,03447T,東元台新5B售02,,2.35
1150820,03448T,臺股指凱基5B售18,0.74,0.76
1150820,03449T,臺股指凱基61售11,0.83,0.84
1150820,034507,亞翔凱基59購01,,5.95
1150820,03450T,臺指2X群益5B售03,1.87,2.01
1150820,03451T,立隆電群益5B售05,2.44,2.37
1150820,034524,T50反1元富59購01,,0.01
1150820,03452T,力成群益5B售06,,3.98
1150820,03453T,T50正2元大5B售13,0.69,0.71
1150820,03454T,臺股指元大5B售26,,0.90
1150820,03455T,臺股指元大5B售27,0.82,0.81
1150820,03456T,臺股指富邦5B售21,0.76,0.79
1150820,034573,台達電元大59購01,,6.35
1150820,03457T,T50正2凱基5C售06,1.05,1.07
1150820,03458T,立隆電凱基5B售06,,1.69
1150820,034597,群創元大59購01,,17.95
1150820,034599,貿聯元大59購01,,7.80
1150820,03459T,力成凱基5B售06,,1.20
1150820,03460T,T50正2台新5B售08,,1.28
1150820,03461T,華城台新5B售02,,1.39
1150820,03462T,力成台新5B售08,1.93,1.89
1150820,03463T,T50反1元大5B售08,,1.45
1150820,03464T,台灣50群益5B售11,1.36,1.40
1150820,03465T,T50正2群益5B售06,1.47,1.51
1150820,03466T,臺股指群益5B售40,,1.35
1150820,03467T,日月光台新5C售02,1.87,1.82
1150820,03468T,台灣50富邦63售10,0.72,0.72
1150820,03469T,台灣50富邦66售01,0.92,0.92
1150820,03470T,T50正2富邦63售03,0.75,0.76
1150820,03471T,臺股指富邦63售12,0.75,0.74
1150820,03472T,臺股指富邦66售04,1.02,1.00
1150820,03473T,臺股指富邦66售05,0.72,0.73
1150820,034741,樺漢元富59購01,,2.03
1150820,03474T,臺股指富邦66售06,0.85,0.85
1150820,03475T,力積電群益5C售04,2.10,2.27
1150820,034769,台達電元大59購02,6.25,7.39
1150820,03476T,台灣50凱基5C售12,,0.94
1150820,034779,京元電元大59購01,,1.75
1150820,03477T,力積電凱基5C售04,0.88,0.86
1150820,034786,辛耘元大59購02,2.44,2.44
1150820,034788,貿聯元大59購02,,2.96
1150820,03478T,臺股指凱基66售01,0.85,0.86
1150820,034791,神達元大59購01,0.01,0.02
1150820,034796,臻鼎元大59購02,7.10,6.72
1150820,03479T,美費半元大61售03,,2.19
1150820,03480T,聯電元大5C售10,2.33,2.33
1150820,034819,京元電兆豐59購01,,3.79
1150820,03481T,南亞科台新5C售06,0.40,0.55
1150820,03482T,力積電台新5C售03,2.47,2.51
1150820,03483T,聯電凱基5C售07,1.33,1.32
1150820,034842,辛耘凱基59購01,7.50,7.50
1150820,03484T,佳世達群益5C售02,1.80,1.91
1150820,034857,光寶科元大59購01,,10.00
1150820,03485T,宏碁群益5C售03,,3.61
1150820,03486T,英業達群益5C售03,2.16,2.23
1150820,03487T,微星群益5C售02,1.11,1.21
1150820,034880,緯創元大59購01,,6.17
1150820,034888,精成科元大59購01,,0.01
1150820,03488T,緯創群益5C售05,,0.51
1150820,03489T,臺股指群益5C售08,0.92,0.98
1150820,034901,昇陽半元大59購01,,1.19
1150820,03490T,臺股指群益5C售09,1.49,1.54
1150820,034916,滬深2X國票65購01,,1.40
1150820,03491T,華碩國票5C售02,0.59,0.64
1150820,034924,漢唐國票59購01,,0.18
1150820,03492T,台灣50台新5C售02,,1.54
1150820,03493T,仁寶台新5C售02,1.62,1.65
1150820,03494T,華碩台新5C售04,0.68,0.90
1150820,03495T,南亞科台新5C售08,0.59,0.75
1150820,03496T,宏碁群益5C售04,,1.47
1150820,03498T,緯創群益5C售06,,0.72
1150820,034994,祥碩兆豐59購01,0.08,0.10
1150820,03499T,華邦電凱基5C售07,0.76,0.88
1150820,03500T,微星凱基5C售03,,0.47
1150820,03501T,華邦電元大5C售12,1.32,1.48
1150820,03502T,臺股指元大5C售20,0.82,0.85
1150820,03503T,臺股指富邦61售16,0.61,0.62
1150820,035046,中興電統一59購01,,0.13
1150820,03504T,臺股指富邦63售13,0.83,0.82
1150820,035052,華通統一59購01,,4.77
1150820,035053,國巨統一59購02,,14.10
1150820,035054,華邦電統一59購03,,27.80
1150820,035055,智邦統一59購01,3.11,3.75
1150820,035056,佳能統一59購01,0.01,0.04
1150820,035059,漢唐統一59購01,,0.17
1150820,03505T,臺股指富邦66售08,,0.65
1150820,035060,建準統一59購02,,0.33
1150820,035061,京元電統一59購01,,1.78
1150820,035062,京元電統一59購02,,0.89
1150820,035069,強茂統一59購01,2.58,2.66
1150820,035071,長榮太統一59購03,,0.10
1150820,035075,奇鋐統一59購01,,4.66
1150820,035078,健鼎統一59購01,1.47,1.10
1150820,03507T,宏碁凱基5C售04,1.62,1.71
1150820,035080,創意統一59購02,7.90,6.83
1150820,035081,世芯統一5B購03,0.27,0.33
1150820,035083,神達統一59購02,0.03,0.08
1150820,035089,亞翔統一59購01,,3.03
1150820,03508T,華碩凱基5C售05,0.59,0.73
1150820,035092,AES統一59購03,,0.02
1150820,035098,聯發科元富61購01,12.00,13.31
1150820,03509T,緯創凱基5C售06,0.48,0.44
1150820,03510T,臺股指凱基5C售22,1.73,1.75
1150820,03511T,臺股指凱基61售12,1.69,1.73
1150820,03512T,南亞科元大5C售05,0.81,1.05
1150820,03513T,鴻海台新5C售04,,2.97
1150820,03514T,廣宇台新5C售02,1.79,1.78
1150820,035152,佳能元大59購01,,0.06
1150820,03515T,亞力群益5C售03,1.72,1.76
1150820,03516T,鴻海群益63售06,,0.77
1150820,035170,亞光元大59購01,,0.03
1150820,035172,緯創元大59購02,,5.77
1150820,035177,南寶元大59購01,,0.01
1150820,03517T,臺股指國票5C售01,1.60,1.66
1150820,035188,昇陽半元大59購02,,1.20
1150820,03518T,台灣50台新5C售04,1.70,1.72
1150820,03519T,台灣50中信66售02,0.44,0.45
1150820,03520T,臺股指中信63售12,0.75,0.75
1150820,035218,台積電永豐69購01,10.40,10.35
1150820,03521T,SGBR2X凱基5C售01,,0.99
1150820,03522T,鴻海凱基5C售15,0.83,0.78
1150820,035245,大立光元富59購01,29.10,21.57
1150820,03524T,金寶台新5C售02,2.06,2.04
1150820,035256,臺股指元富59購01,,18.90
1150820,03525T,臺股指元大5C售24,0.96,1.00
1150820,03526T,聯電富邦64售01,0.75,0.73
1150820,03527T,康舒凱基5C售06,,0.95
1150820,03528T,T50正2台新5C售11,4.66,4.83
1150820,03529T,A50正2台新5C售01,1.82,1.63
1150820,035306,緯創凱基59購01,,6.14
1150820,03530T,華邦電台新5C售05,0.64,0.72
1150820,03531T,華邦電台新5C售06,1.15,1.24
1150820,035325,美時統一69購01,0.49,0.48
1150820,035328,華通統一59購03,,6.17
1150820,035329,鴻海統一59購03,,0.77
1150820,03532T,國泰金台新5C售03,1.47,1.50
1150820,035330,鴻準統一59購01,,0.09
1150820,035332,毅嘉統一59購03,0.01,0.08
1150820,035333,漢唐統一59購02,0.01,0.04
1150820,035335,京元電統一65購01,,1.79
1150820,035338,義隆統一5C購01,,0.39
1150820,03533T,華邦電國票61售04,0.61,0.66
1150820,035341,盟立統一59購01,3.07,2.88
1150820,035344,志聖統一5B購01,,3.60
1150820,035347,鉅祥統一5C購01,0.33,0.37
1150820,035348,強茂統一59購02,3.18,4.29
1150820,035349,強茂統一59購03,1.95,2.01
1150820,03534T,T50正2中信66售04,0.95,0.97
1150820,035350,皇昌統一59購01,,0.01
1150820,035351,長榮太統一59購04,,0.03
1150820,035355,健鼎統一59購02,,0.67
1150820,035357,貿聯統一65購01,,1.27
1150820,035359,TPK統一5C購01,0.85,0.73
1150820,03535T,中砂凱基5C售02,0.52,0.56
1150820,035360,神達統一59購03,,0.05
1150820,035362,智伸科統一59購01,,0.09
1150820,035363,智伸科統一59購02,,0.12
1150820,035365,南寶統一59購02,,0.01
1150820,035366,南寶統一59購03,,0.03
1150820,035369,臻鼎統一59購01,3.13,3.36
1150820,03536T,華邦電凱基5C售09,0.51,0.56
1150820,035373,達興統一5C購01,0.07,0.10
1150820,035375,瀚宇博統一5C購01,,0.17
1150820,035379,洋基統一59購02,,0.96
1150820,03537T,奇鋐凱基5C售07,0.41,0.51
1150820,035380,AES統一59購04,,0.02
1150820,035386,台虹統一59購02,,10.23
1150820,03539T,臺股指富邦66售11,0.84,0.82
1150820,035409,漢唐元大59購01,0.14,0.24
1150820,03540T,晶技國票61售03,1.25,1.41
1150820,03541T,松川國票61售04,0.57,0.67
1150820,035422,緯創元大59購03,,5.21
1150820,035424,創意元大59購01,,14.60
1150820,035426,南寶元大59購02,,0.01
1150820,03542T,臺股指國票5C售04,1.32,1.37
1150820,03543T,臺股指國票5C售05,0.92,0.92
1150820,03544T,T50正2台新63售03,,1.14
1150820,035457,亞光統一59購02,,0.05
1150820,035458,神達統一59購04,0.15,0.20
1150820,03545T,元債2X台新5C售01,1.09,1.09
1150820,035461,佳必琪統一59購01,,1.74
1150820,035463,富世達統一5B購02,,1.04
1150820,035465,台虹統一59購03,,10.10
1150820,03546T,永光台新5C售02,,2.19
1150820,035472,神達永豐59購01,,0.46
1150820,03547T,漢唐台新5C售01,1.32,1.24
1150820,035483,緯穎中信59購01,,5.20
1150820,03548T,友達台新5C售08,,0.75
1150820,03549T,臺股指台新5C售07,0.38,0.43
1150820,03550T,臺股指台新5C售08,0.49,0.48
1150820,03551T,臺股指台新5C售09,,1.19
1150820,03552T,臺股指台新5C售10,1.48,1.52
1150820,035537,祥碩元富59購01,,0.42
1150820,035538,AES元富59購01,0.02,0.09
1150820,035539,昇陽半元富59購01,0.71,1.11
1150820,03553T,臺股指台新5C售11,1.81,1.89
1150820,035543,為升國票59購01,0.32,0.30
1150820,03554T,台灣50元大5C售08,1.05,1.06
1150820,035555,貿聯國票59購01,4.60,4.60
1150820,03555T,元金2X元大5C售06,1.33,1.56
1150820,03556T,晶豪科元大5C售06,0.47,0.48
1150820,035586,漢唐元大59購02,0.01,0.06
1150820,03558T,光寶科凱基5C售09,0.38,0.48
1150820,03559T,南亞科凱基5C售04,0.17,0.18
1150820,035600,德律元大59購01,1.73,2.03
1150820,03560T,臺股指凱基61售15,0.71,0.75
1150820,035616,佳必琪元大59購01,,2.86
1150820,03561T,T50正2國票5C售03,,1.26
1150820,03562T,FBNQ2X國票5C售01,1.34,1.42
1150820,035636,鴻海群益59購02,,0.38
1150820,03563T,美費半國票5C售02,1.26,1.26
1150820,03564T,南亞國票61售02,0.24,0.27
1150820,03565T,華城國票61售02,,1.20
1150820,03566T,鴻海國票61售04,0.80,0.76
1150820,035679,臺指反富邦69購01,0.05,0.05
1150820,03567T,智邦國票61售04,,0.90
1150820,035682,所羅門富邦59購01,0.05,0.19
1150820,035689,台積電永豐59購02,,10.40
1150820,03568T,南亞科國票61售06,0.53,0.67
1150820,03569T,瑞軒國票61售03,1.08,1.17
1150820,03570T,奇鋐國票61售03,0.43,0.51
1150820,03571T,健鼎國票61售01,,0.92
1150820,03572T,日月光國票61售02,0.65,0.65
1150820,035737,士電統一59購02,0.05,0.08
1150820,035738,中砂統一5B購03,,2.24
1150820,03573T,啟碁國票61售03,1.11,1.11
1150820,035740,川湖統一59購01,10.00,7.66
1150820,035741,川湖統一5C購01,,5.51
1150820,035742,光寶科統一5C購01,1.46,1.37
1150820,035745,所羅門統一59購04,0.09,0.18
1150820,035746,致茂統一61購01,,5.26
1150820,035747,鉅祥統一5C購02,,0.19
1150820,035748,強茂統一5C購01,,1.52
1150820,03574T,可成群益5C售07,,1.01
1150820,035751,神基統一61購01,,0.14
1150820,035752,晟銘電統一61購01,,0.12
1150820,035753,緯創統一59購02,,2.21
1150820,035754,玉晶光統一59購03,1.01,0.86
1150820,035756,貿聯統一59購01,,3.24
1150820,035757,上品統一59購01,,0.01
1150820,035759,達興統一5B購02,,0.10
1150820,03575T,台灣50台新5C售06,0.79,0.81
1150820,035761,長虹統一5C購01,,0.13
1150820,035762,達麗統一5C購01,,0.20
1150820,035763,佳必琪統一5C購01,0.93,1.01
1150820,035766,AES統一5B購01,,0.03
1150820,035767,采鈺統一5B購01,,0.77
1150820,035768,采鈺統一5C購01,0.57,0.65
1150820,035769,采鈺統一5C購02,,2.00
1150820,03576T,臺股指台新5C售12,,0.54
1150820,03577T,臺股指台新5C售13,,1.02
1150820,03578T,電子類國票5C售03,1.30,1.34
1150820,03579T,金融類國票5C售02,0.90,0.90
1150820,03580T,台灣50台新5C售08,2.20,2.30
1150820,03581T,南亞科台新63售03,0.70,0.78
1150820,035828,長榮太元大59購01,,0.18
1150820,03582T,華城凱基5C售04,0.70,0.87
1150820,03583T,鴻海凱基5C售21,,0.81
1150820,03584T,智邦凱基5C售07,0.82,0.75
1150820,035852,緯穎元大59購01,,3.99
1150820,035853,采鈺元大59購01,,1.13
1150820,03585T,日月光凱基5C售08,0.76,0.72
1150820,03586T,聯茂凱基5C售04,0.16,0.28
1150820,035870,鴻海群益69購01,3.53,4.05
1150820,03587T,美費半群益5C售01,,2.71
1150820,035897,玉晶光中信59購01,,0.92
1150820,03589T,臺股指群益5C售19,,0.55
1150820,03590T,臺股指群益5C售20,,0.74
1150820,03591T,臺股指群益5C售21,,0.81
1150820,035927,楠梓電元富59購01,1.93,2.39
1150820,03592T,臺股指群益5C售22,0.65,0.67
1150820,035938,緯穎元富59購02,,5.80
1150820,03593T,臺股指群益5C售23,0.85,0.83
1150820,035948,華邦電凱基59購01,50.50,46.20
1150820,03594T,臺股指群益5C售24,0.95,0.94
1150820,035957,貿聯凱基59購01,,6.30
1150820,03595T,臺股指群益5C售25,,1.04
1150820,03596T,臺股指群益5C售26,,1.17
1150820,03597T,電子類群益5C售02,0.95,0.97
1150820,03598T,臺股指元大61售25,1.30,1.34
1150820,035997,南亞元大59購01,8.15,8.62
1150820,03599T,臺股指元大63售23,1.42,1.44
1150820,03600T,臺股指凱基61售16,1.20,1.21
1150820,036016,奇鋐元大59購01,,6.35
1150820,03601T,臺股指凱基63售18,1.43,1.47
1150820,036022,牧德元大59購01,0.11,0.16
1150820,03602T,電子類凱基61售02,1.08,1.12
1150820,036038,光寶科富邦59購01,46.70,39.25
1150820,036039,台達電富邦59購01,,84.00
1150820,03603T,台灣50元大61售03,,0.92
1150820,036045,亞光富邦59購01,,0.12
1150820,03604T,台灣50台新5C售10,2.13,2.17
1150820,03605T,T50正2中信66售05,1.11,1.12
1150820,03606T,臺指2X中信66售02,,0.58
1150820,03607T,華通國票61售04,1.34,1.45
1150820,03608T,揚博群益5C售02,,1.74
1150820,036097,聯發科永豐5B購01,,11.30
1150820,03609T,臺股指群益63售11,1.02,1.04
1150820,03610T,聯電中信5C售03,,0.61
1150820,036115,滬深2X富邦59購01,,0.27
1150820,03611T,台灣50富邦5C售16,,0.68
1150820,03611U,臺股指群益59售05,0.04,0.04
1150820,036124,漢翔富邦59購01,0.14,0.10
1150820,036128,緯穎富邦59購01,,4.28
1150820,036129,昇陽半富邦59購01,0.45,0.45
1150820,03612T,T50正2富邦61售11,,0.71
1150820,036131,金像電中信59購01,,4.71
1150820,036136,創意中信59購02,,12.70
1150820,03613T,台股增富邦63售01,0.59,0.62
1150820,03614T,臺股指富邦5C售22,1.00,1.01
1150820,03615T,南亞科台新61售04,1.05,1.18
1150820,036163,光寶科國票5B購01,,5.42
1150820,03616T,臺股指元大5C售26,1.19,1.20
1150820,03617T,T50正2群益5C售03,1.41,1.42
1150820,03618T,華邦電國泰61售07,1.31,1.37
1150820,03619T,華邦電國泰61售08,1.11,1.14
1150820,03620T,台股增凱基5C售03,1.22,1.31
1150820,03621T,美費半元大5C售04,1.88,1.85
1150820,03622T,南亞科中信5C售02,0.32,0.41
1150820,03623T,華邦電永豐61售05,0.85,0.95
1150820,03624T,臺指2X富邦64售01,,0.86
1150820,03625T,華邦電國票61售08,1.64,1.71
1150820,03626T,台積電國泰61售03,2.06,2.05
1150820,036274,達興元大59購01,,0.01
1150820,03627T,台積電國泰61售04,,1.70
1150820,036282,富世達元大59購01,,1.51
1150820,036287,緯穎兆豐59購01,5.20,5.25
1150820,03628T,南亞科台新61售06,0.95,1.07
1150820,036295,台達電中信59購02,3.98,4.59
1150820,036297,金像電中信59購02,4.34,4.34
1150820,036299,聯發科中信59購01,,9.21
1150820,03629T,台灣50凱基61售06,1.18,1.18
1150820,036303,神達中信59購02,,0.02
1150820,036306,緯穎中信59購04,1.52,1.59
1150820,03630T,台灣50凱基63售08,,1.40
1150820,03631T,台股增元大5C售03,1.29,1.36
1150820,03632T,南亞群益5C售05,1.07,1.19
1150820,036339,智邦國票61購01,,5.84
1150820,03633T,華邦電群益61售03,,1.25
1150820,036346,嘉澤國票5A購01,0.29,0.59
1150820,036347,貿聯國票5B購01,,3.97
1150820,03634T,南亞科群益61售03,1.10,1.24
1150820,03635T,晶豪科群益5C售09,,1.32
1150820,03636T,南亞科中信64售03,0.88,0.96
1150820,03637T,南亞國票61售07,0.65,0.74
1150820,03638T,台灣50台新5C售12,2.62,2.61
1150820,03639T,台積電台新5C售10,1.39,1.42
1150820,03640T,南亞科台新5C售16,1.07,1.24
1150820,03641T,南亞科台新5C售17,1.27,1.45
1150820,03642T,南亞科國泰62售04,1.57,1.80
1150820,03643T,友達國泰61售04,1.69,1.78
1150820,036449,鴻海中信59購01,,0.23
1150820,03644T,南亞凱基5C售08,0.51,0.56
1150820,036450,台積電中信59購02,,4.41
1150820,036451,華碩中信59購01,0.58,0.49
1150820,036456,緯穎中信59購05,,2.31
1150820,036457,元黃金永豐59購01,0.05,0.07
1150820,03645T,南亞科凱基5C售09,0.75,0.92
1150820,03646T,臺股指凱基61售17,1.44,1.41
1150820,036479,貿聯兆豐59購01,6.65,7.28
1150820,03647T,台灣50元大5C售09,1.43,1.42
1150820,03648T,臺股指元大5C售27,,1.35
1150820,036493,元黃金凱基59購01,0.10,0.12
1150820,036498,光寶科凱基59購01,,1.43
1150820,03649T,台積電群益5C售18,,1.50
1150820,036507,亞光凱基59購01,0.48,0.45
1150820,03650T,矽統群益63售02,1.51,1.56
1150820,03651T,聯詠群益65售02,1.06,1.06
1150820,036521,國巨群益59購01,33.30,33.30
1150820,03652T,日月光群益5C售08,2.09,2.05
1150820,03653T,聯茂群益66售01,1.77,2.15
1150820,03654T,臺股指群益62售04,1.59,1.54
1150820,036556,金像電元大59購01,5.70,5.72
1150820,03655T,台積電中信66售04,,0.67
1150820,03656T,臺股指中信64售02,1.15,1.16
1150820,03657T,聯電國票5C售05,,1.94
1150820,036583,緯穎元大59購02,,5.13
1150820,03658T,聯電國票61售02,1.93,1.90
1150820,03659T,瑞昱國票5C售04,1.66,1.61
1150820,036605,AES元富59購02,,0.09
1150820,036606,台虹元富59購01,,20.60
1150820,03660T,台灣50凱基5C售14,,1.40
1150820,03661T,T50正2元大5C售06,,1.64
1150820,036627,國巨中信59購01,,16.67
1150820,03662T,T50正2永豐5C售03,,1.10
1150820,03663T,上証2X國票61售03,,0.90
1150820,03664T,台股增國票5C售03,1.50,1.55
1150820,036650,奇鋐永豐59購02,,13.00
1150820,03665T,強茂國票5C售05,1.54,1.61
1150820,036662,台達電凱基59購02,,6.35
1150820,03666T,台化台新5C售03,,0.97
1150820,03667T,友達台新5C售10,1.37,1.41
1150820,03668T,可成台新5C售04,,1.17
1150820,036691,元黃金元富59購01,,0.45
1150820,03669T,聯茂台新5C售04,0.47,0.85
1150820,036700,聯發科元富64購01,,11.40
1150820,036701,宏達電元富59購01,,0.04
1150820,036708,光寶科國票5A購01,,4.81
1150820,03670T,聯茂台新5C售05,0.49,0.74
1150820,03671T,臺股指台新5C售17,1.20,1.18
1150820,03672T,台化台新5C售05,,0.95
1150820,03674T,力智台新5C售04,1.58,1.56
1150820,03675T,道瓊銀凱基5C售08,,0.70
1150820,03676T,美費半凱基5C售03,1.77,1.73
1150820,03677T,台灣50元大5C售12,1.34,1.33
1150820,03678T,臺股指元大5C售28,,1.36
1150820,036792,奇鋐元大59購02,,5.78
1150820,03679T,臺股指元大5C售29,1.43,1.46
1150820,036805,緯穎元大59購03,3.51,3.26
1150820,036815,道瓊銅凱基5C購01,,1.18
1150820,03681T,元金2X群益5C售07,,1.61
1150820,036832,創見凱基59購01,,10.20
1150820,03683T,華通群益5C售07,2.21,2.41
1150820,036843,光寶科統一5C購02,,0.94
1150820,036845,台達電統一5C購01,1.25,1.37
1150820,036846,華通統一64購01,,2.68
1150820,036848,國巨統一5B購02,,11.20
1150820,036849,廣宇統一5C購01,,0.15
1150820,03684T,台積電群益5C售20,,1.01
1150820,036852,華邦電統一5C購01,,12.53
1150820,036853,順德統一5C購01,,1.76
1150820,036855,創見統一5C購01,,1.96
1150820,036857,強茂統一5B購01,2.40,2.67
1150820,03685T,元黃金凱基5C售09,0.76,0.95
1150820,036860,漢翔統一64購01,0.34,0.32
1150820,036861,偉訓統一5C購01,,0.15
1150820,036865,牧德統一61購01,0.40,0.42
1150820,036866,辛耘統一5C購01,,1.39
1150820,036868,日月光統一5C購01,4.40,4.77
1150820,036869,上品統一5B購01,0.01,0.02
1150820,03686T,元金2X凱基5C售08,0.72,0.93
1150820,036871,精成科統一64購01,0.15,0.15
1150820,036872,帆宣統一5C購02,,1.37
1150820,036874,力成統一5C購01,,1.49
1150820,036875,力成統一5C購02,1.30,1.62
1150820,036877,矽格統一5C購01,,1.76
1150820,036878,同欣電統一5C購01,,0.90
1150820,036879,同欣電統一5C購02,0.64,0.71
1150820,03687T,華通凱基5C售08,1.35,1.65
1150820,036880,天虹統一5B購01,0.10,0.19
1150820,03688T,友達凱基5C售11,1.27,1.35
1150820,03689T,可成凱基5C售07,,0.97
1150820,03690T,FBNQ2X國票5C售02,1.16,1.20
1150820,03691T,宇隆國票62售02,1.20,1.12
1150820,036926,創意元富59購01,,66.20
1150820,03692T,鴻海國票62售01,,0.59
1150820,036930,緯穎元富59購03,,8.51
1150820,036936,奇鋐永豐59購03,,13.30
1150820,036937,奇鋐永豐59購04,,14.10
1150820,03693T,金像電國票62售01,0.95,1.04
1150820,03694T,日月光國票62售01,1.02,0.99
1150820,03695T,緯穎國票62售01,,0.34
1150820,03696T,騰輝電國票5C售03,,1.58
1150820,03697T,T50正2台新5C售15,,1.53
1150820,03698T,滬深2X台新5C售02,,1.73
1150820,03699T,日月光富邦66售01,0.90,0.89
1150820,03700T,京元電群益5C售07,2.08,1.99
1150820,03701T,臺股指元大5C售30,0.96,0.99
1150820,037022,光寶科統一5B購01,1.40,1.29
1150820,037024,台達電統一59購02,2.54,2.53
1150820,037025,鴻海統一59購04,0.14,0.26
1150820,037026,仁寶統一59購01,0.31,0.55
1150820,037027,國巨統一59購03,,9.95
1150820,037028,台積電統一59購03,2.89,2.91
1150820,037029,旺宏統一59購01,,13.70
1150820,03702T,臺股指富邦61售17,,0.64
1150820,037031,華邦電統一59購04,,14.85
1150820,037032,海悅統一59購01,,0.02
1150820,037033,宏碁統一59購01,0.02,0.09
1150820,037034,大同統一59購01,0.01,0.09
1150820,037035,台光電統一59購03,11.90,12.80
1150820,037038,南亞科統一59購03,23.20,20.98
1150820,037039,南亞科統一59購04,,16.10
1150820,03703T,滬深2X國票62售03,1.59,1.46
1150820,037041,南亞科統一5C購03,17.40,16.03
1150820,037044,南亞科統一64購01,9.60,8.89
1150820,037045,創見統一59購01,2.88,2.85
1150820,037046,聯發科統一59購02,5.65,6.41
1150820,037047,宏達電統一5C購01,0.03,0.12
1150820,037048,漢翔統一59購03,0.15,0.15
1150820,037049,漢翔統一5C購01,0.43,0.37
1150820,03704T,南亞科國票61售10,0.76,0.90
1150820,037050,晶豪科統一59購01,,8.00
1150820,037051,亞光統一59購03,,0.04
1150820,037052,欣興統一5C購01,12.00,11.60
1150820,037053,貿聯統一64購01,0.98,1.02
1150820,037056,力成統一59購01,1.54,1.85
1150820,037059,鈺邦統一5B購02,,0.26
1150820,037060,鈺邦統一64購01,,1.45
1150820,037062,天虹統一59購02,,0.05
1150820,037064,台虹統一5B購01,4.55,4.06
1150820,037065,南電統一5B購02,,15.80
1150820,037066,南電統一5C購01,,11.50
1150820,037067,東哥統一59購01,0.01,0.15
1150820,03706T,華擎國票62售01,,1.08
1150820,03707T,台灣50台新61售02,1.24,1.40
1150820,037083,道瓊銀元富59購01,,3.40
1150820,03708T,南亞科永豐61售05,,0.74
1150820,037091,宏達電元富5C購01,0.13,0.16
1150820,03709T,台積電群益61售10,,1.50
1150820,037104,台積電凱基59購02,,8.22
1150820,03710T,緯穎凱基61售08,,0.36
1150820,03711T,台積電元大61售49,2.04,2.05
1150820,03712T,臺股指中信65售01,,1.05
1150820,037132,南亞科永豐5A購01,,84.67
1150820,03713T,台灣50凱基61售07,1.16,1.21
1150820,03715T,臺股指凱基61售19,1.33,1.40
1150820,03716T,臺股指凱基64售04,1.39,1.42
1150820,03717T,T50正2永豐61售04,,1.19
1150820,03718T,台積電永豐61售14,3.11,3.13
1150820,03719T,台積電永豐61售15,,2.25
1150820,03720T,台積電永豐61售16,1.85,1.82
1150820,03721T,台積電永豐61售17,3.03,3.07
1150820,03721U,臺股指群益5B售02,,0.07
1150820,03723T,台積電永豐64售05,2.23,2.21
1150820,037242,國巨中信59購02,9.80,9.50
1150820,037247,國巨統一5B購03,8.50,8.95
1150820,037248,華泰統一5C購02,,0.13
1150820,037249,金像電統一5A購01,,2.89
1150820,03724T,台積電永豐64售06,,2.66
1150820,037251,牧德統一5C購01,,0.57
1150820,037252,jpp統一5C購01,,0.33
1150820,037254,力積電統一5C購01,3.64,4.27
1150820,03725T,台積電永豐64售07,1.94,1.93
1150820,03726B,台積電富邦64熊01,1.00,0.99
1150820,03726T,台積電永豐67售03,3.78,3.79
1150820,03727T,台積電永豐67售04,3.37,3.39
1150820,03728T,台灣50群益61售02,,1.34
1150820,03729T,台灣50群益61售03,,1.52
1150820,03730T,台灣50群益61售04,1.86,1.79
1150820,03731T,T50正2群益61售02,,1.17
1150820,03732B,臺股指元大61熊24,0.68,0.67
1150820,03732T,T50正2群益61售03,1.01,1.04
1150820,03733B,臺股指凱基65熊07,1.34,1.28
1150820,03733T,T50正2台新62售03,1.03,1.03
1150820,03734B,臺股指富邦65熊09,1.02,1.02
1150820,03734T,金像電元大61售12,1.97,2.13
1150820,03735B,臺股指元大5B熊28,0.68,0.70
1150820,03735T,臺股指元大61售27,1.39,1.35
1150820,03736B,臺股指元大5C熊18,0.91,0.91
1150820,03736T,T50正2凱基61售06,1.30,1.28
1150820,03737B,臺股指凱基63熊16,0.94,0.97
1150820,03737T,T50正2凱基64售03,1.26,1.27
1150820,037387,中502X國票5A購01,,0.03
1150820,03738B,臺股指富邦67熊05,0.63,0.62
1150820,03738T,台積電群益61售12,,1.60
1150820,03739B,臺股指凱基63熊21,1.28,1.27
1150820,03739T,台灣50台新61售04,,1.08
1150820,03740T,台灣50元大61售06,1.08,1.09
1150820,03741B,臺股指元大63熊29,0.68,0.65
1150820,03741T,華通元大61售16,2.50,2.63
1150820,03742B,臺股指元大63熊36,0.87,0.80
1150820,03742T,大立光永豐61售02,0.55,0.82
1150820,03742U,臺股指凱基59售03,,0.03
1150820,03743B,臺股指凱基63熊29,1.78,1.68
1150820,03743T,盟立國票63售02,1.04,1.09
1150820,037442,台積電永豐69購02,,5.71
1150820,03744T,旭隼國票65售02,,1.44
1150820,03745T,富鼎國票61售08,,2.29
1150820,037468,T50反1元富63購01,0.10,0.10
1150820,03746T,富鼎國票65售02,,2.01
1150820,03747T,臺股指國票61售02,2.50,2.54
1150820,037489,聯鈞元富59購01,,15.82
1150820,03748T,臺股指元大61售30,1.19,1.25
1150820,037493,旺宏統一5C購02,,11.15
1150820,037494,華邦電統一5C購02,,6.86
1150820,037495,晶豪科統一5C購02,,3.33
1150820,037496,嘉澤統一64購02,0.32,0.41
1150820,037497,愛普統一64購01,,1.79
1150820,037498,台積電中信59購03,,4.30
1150820,03749T,臺股指元大61售31,1.11,1.14
1150820,037503,聯詠中信59購01,,0.49
1150820,03750T,大立光群益62售01,,0.81
1150820,037519,奇鋐凱基59購02,,16.30
1150820,03751T,奇鋐群益61售04,2.05,2.33
1150820,037520,亞光凱基59購02,0.03,0.03
1150820,03752T,晶技國票61售06,1.59,1.70
1150820,037533,道瓊銀國票59購01,,4.03
1150820,03753T,榮科國票63售02,,2.09
1150820,03754T,台化台新61售03,,1.45
1150820,03755T,日月光台新61售03,2.43,2.37
1150820,03756T,大立光凱基61售08,0.77,1.14
1150820,03757T,南亞科群益63售01,,1.00
1150820,03758T,台灣50元大61售07,1.30,1.30
1150820,03759T,T50正2元大61售06,1.12,1.14
1150820,03760T,南亞科元大61售10,,0.67
1150820,03761T,日月光群益61售03,,1.72
1150820,03762T,台灣50元大61售09,1.68,1.66
1150820,03763T,美時台新61售02,,1.53
1150820,037643,台積電中信59購05,,3.57
1150820,037645,智原中信59購01,,0.02
1150820,037648,國巨統一5C購01,4.50,5.25
1150820,037649,智原統一64購01,,0.69
1150820,03764T,大立光台新61售05,0.60,1.00
1150820,037650,定穎控統一5C購01,0.46,0.54
1150820,03765T,臺股指台新61售02,1.92,1.86
1150820,03766T,友達統一63售03,0.63,0.64
1150820,03767T,群臺2X群益61售02,1.38,1.37
1150820,037696,欣興永豐58購01,183.00,172.67
1150820,037707,光寶科元富59購01,,1.67
1150820,037708,台達電元富59購01,,6.73
1150820,03770T,臺指2X中信67售01,,1.15
1150820,03771T,T50正2永豐61售05,,1.04
1150820,03772T,群臺2X凱基61售03,1.29,1.31
1150820,03773T,京元電凱基61售07,1.80,1.75
1150820,03774T,定穎控凱基61售09,1.98,1.93
1150820,037755,SP黃豆元大59購01,,0.23
1150820,03775T,晶豪科群益63售02,,0.93
1150820,03776T,台積電元大61售54,,1.89
1150820,03777T,南亞科元大61售11,1.16,1.27
1150820,03778T,金像電中信61售01,1.03,1.12
1150820,03779T,南亞科永豐61售07,0.80,0.95
1150820,03780T,南亞科國票61售11,,1.08
1150820,03781T,創見國票61售02,,1.17
1150820,03782T,台灣50台新61售07,4.60,4.81
1150820,03783T,南亞科台新61售11,,0.89
1150820,037848,京元電凱基59購01,1.30,1.87
1150820,03785T,群臺2X群益61售04,,1.43
1150820,03786T,台積電群益61售15,,1.62
1150820,03787T,臺股指元大63售26,0.76,0.77
1150820,03788T,臻鼎台新61售04,2.48,2.46
1150820,03789T,臻鼎台新61售05,,4.42
1150820,03790T,臺股指群益69售03,0.79,0.79
1150820,03791T,臺股指富邦61售19,,0.78
1150820,03792T,臺股指富邦62售09,0.89,0.89
1150820,037932,聯發科元富64購03,9.60,10.00
1150820,03793T,群臺2X凱基61售04,,1.20
1150820,03794T,台積電元大61售57,2.20,2.20
1150820,03795T,台灣50元大63售06,1.10,1.12
1150820,03796T,T50正2國票61售03,2.19,2.19
1150820,03797T,台股增國票61售01,1.77,1.91
1150820,037988,光寶科兆豐59購01,3.08,2.73
1150820,037989,華邦電兆豐59購02,30.30,31.86
1150820,03798T,華通國票61售05,,1.56
1150820,03799T,光罩國票61售02,1.90,1.88
1150820,03800T,智邦國票61售05,,1.15
1150820,03801T,臺股指國票61售06,2.12,2.17
1150820,03802T,臺股指國票61售07,2.80,2.96
1150820,03803T,台灣50富邦62售05,0.79,0.81
1150820,038047,台積電永豐59購03,,6.69
1150820,03804T,台灣50富邦67售03,0.71,0.71
1150820,03805T,力成台新61售03,1.13,1.15
1150820,038062,華邦電凱基59購02,36.90,38.70
1150820,038066,德律凱基59購01,,3.99
1150820,03806T,臺股指凱基6A售02,1.69,1.70
1150820,03807T,新唐群益61售04,,2.08
1150820,03808T,龍德船群益63售02,,0.87
1150820,03809T,臺股指群益66售02,0.98,0.99
1150820,03810T,群臺2X中信65售02,0.97,0.98
1150820,03811T,台股增中信65售02,0.88,0.90
1150820,03812T,友達中信62售01,0.55,0.57
1150820,03813T,華通凱基61售11,2.37,2.58
1150820,038147,鴻海兆豐59購01,,1.74
1150820,03814T,力積電凱基61售08,,1.89
1150820,03815T,臺股指凱基65售09,1.67,1.69
1150820,038168,臺指反國票59購02,,0.01
1150820,03816T,力積電元大61售06,3.06,3.10
1150820,038175,楠梓電國票59購01,,1.42
1150820,03817T,華通群益61售04,1.19,1.31
1150820,03818T,智邦群益61售05,2.94,2.76
1150820,038196,SP黃豆凱基59購01,0.60,0.46
1150820,038197,道瓊銀凱基59購02,,2.03
1150820,03819T,晶技群益63售01,3.69,4.13
1150820,038204,鴻海凱基59購01,,0.66
1150820,038209,台積電凱基5C購06,7.50,7.86
1150820,03820T,力成群益61售03,,3.33
1150820,03821T,力積電國票61售02,2.08,1.94
1150820,03822T,友達元大61售20,,1.24
1150820,03823T,台積電永豐61售19,1.25,1.28
1150820,03824T,台積電永豐61售20,1.08,1.04
1150820,03825T,旺宏國泰62售03,,1.19
1150820,03826T,旺宏國泰62售04,,1.03
1150820,03827T,友達國泰62售02,1.19,1.19
1150820,038286,中鋼群益59購01,,0.11
1150820,03828T,旺宏國票61售02,2.18,2.11
1150820,03829T,希華國票61售03,2.45,2.56
1150820,03830T,台虹國票61售03,0.76,1.08
1150820,038311,美時統一5C購02,0.30,0.31
1150820,038312,第一銅統一5C購01,0.17,0.19
1150820,038313,鴻海統一5C購04,0.23,0.37
1150820,038314,仁寶統一5C購01,,0.55
1150820,038315,國巨統一59購04,,7.11
1150820,038316,國巨統一59購05,,6.43
1150820,038317,國巨統一69購01,2.95,3.55
1150820,038318,台積電統一69購01,1.32,1.38
1150820,03831T,台虹國票65售02,0.83,1.05
1150820,038320,毅嘉統一59購04,0.06,0.08
1150820,038321,聯發科統一69購01,3.87,4.46
1150820,038322,立隆電統一59購01,,2.76
1150820,038324,文曄統一5B購01,,0.97
1150820,038325,辛耘統一5B購01,,1.23
1150820,038327,南電統一5C購03,,7.77
1150820,038329,鴻海中信59購02,0.12,0.28
1150820,03832T,電子類國票61售03,2.16,2.24
1150820,038336,南電中信59購01,,26.35
1150820,038339,道瓊銀凱基5B購01,2.63,2.30
1150820,03833T,旺宏凱基61售06,1.68,1.69
1150820,03834T,晶技凱基61售07,1.66,1.74
1150820,03835T,力成凱基61售08,1.77,1.90
1150820,03836T,力積電台新61售02,1.54,1.52
1150820,03837T,富世達台新61售04,0.69,0.82
1150820,03838T,臺股指台新61售04,1.46,1.49
1150820,03839T,台積電富邦77售05,,0.95
1150820,038400,美時永豐59購01,0.03,0.03
1150820,038403,鴻海永豐59購01,,0.23
1150820,038404,鴻海永豐5C購01,,3.08
1150820,03840T,台積電富邦77售06,,0.99
1150820,03841T,旺宏群益61售05,1.37,1.40
1150820,03844T,臺股指群益61售18,,1.20
1150820,038450,鴻海群益59購03,0.09,0.37
1150820,03845T,臺股指群益61售19,1.90,1.92
1150820,03846T,臺股指群益61售20,1.60,1.61
1150820,03847T,臺股指群益61售21,,1.29
1150820,03848T,臺股指群益61售22,,1.41
1150820,03849T,群創國泰62售03,1.29,1.23
1150820,03850T,台灣50元大64售04,0.88,0.91
1150820,03851T,台積電元大61售64,,1.72
1150820,038524,華新統一5A購01,0.44,0.51
1150820,038525,美時統一6A購01,0.35,0.35
1150820,038526,第一銅統一6A購01,,0.42
1150820,038527,仁寶統一5A購01,0.13,0.19
1150820,038528,台光電統一5A購01,8.50,8.50
1150820,038529,聯發科統一5A購02,6.75,7.29
1150820,03852T,群創元大61售07,3.25,3.18
1150820,038530,聯發科統一5A購03,4.90,5.19
1150820,038531,全新統一5A購01,3.86,3.31
1150820,038532,全新統一61購02,2.38,2.30
1150820,038533,jpp統一61購01,0.37,0.37
1150820,038538,美時中信5A購01,,0.10
1150820,03853T,台灣50群益61售08,1.06,1.15
1150820,038540,國巨中信5A購01,10.80,10.80
1150820,038542,世芯中信5A購01,,0.40
1150820,03855T,臺股指群益64售04,,0.84
1150820,038562,正新永豐5A購01,0.45,0.32
1150820,038564,富華新永豐5A購01,0.03,0.04
1150820,038567,神達永豐5A購01,0.33,0.64
1150820,03856T,臺股指凱基61售22,1.54,1.59
1150820,038571,FB越南國票5A購01,0.31,0.56
1150820,03857T,臺股指凱基61售23,1.91,1.96
1150820,038581,緯創國票5C購01,,3.42
1150820,03858T,新纖國票61售05,1.14,1.16
1150820,03860T,中砂國票61售03,,1.27
1150820,03861T,上銀國票61售02,0.89,0.94
1150820,038626,緯創凱基59購02,,4.15
1150820,03862T,光寶科國票61售03,0.62,0.74
1150820,03863T,金像電國票64售01,1.15,1.21
1150820,03864T,漢唐國票61售04,,1.33
1150820,03865T,立隆電國票61售03,,1.73
1150820,038660,光寶科元大5A購01,,2.51
1150820,038662,台達電元大5A購01,,8.85
1150820,03866T,漢翔國票61售03,0.79,1.01
1150820,03867T,大立光國票61售03,0.62,0.91
1150820,038683,亞光元大5A購01,,0.36
1150820,03868T,德律國票61售01,,1.18
1150820,03869T,智原國票61售02,,1.29
1150820,03871T,嘉澤國票61售03,1.36,1.12
1150820,03872T,定穎控國票61售03,,1.20
1150820,038730,弘憶股元富5A購01,,0.94
1150820,03873T,力成國票61售02,,1.34
1150820,038745,T50正2永豐5A購01,,20.35
1150820,03874T,台塑化國票61售04,,2.43
1150820,03875T,富世達國票61售02,,0.67
1150820,03876T,南茂國票61售04,1.42,1.42
1150820,038771,緯創富邦5A購01,,1.40
1150820,03877T,宇瞻國票61售02,0.75,0.81
1150820,038782,SP黃豆國票5A購01,1.19,0.93
1150820,03878T,群創台新61售06,1.27,1.22
1150820,038795,緯創國票62購01,,1.92
1150820,03879T,啟碁台新61售02,,1.60
1150820,038807,美時統一6A購02,0.46,0.46
1150820,038809,士紙統一5A購01,,0.06
1150820,03880T,群創富邦62售03,0.82,0.78
1150820,038810,第一銅統一5A購01,,0.03
1150820,038811,第一銅統一5C購02,,0.16
1150820,038812,光寶科統一59購01,1.65,1.46
1150820,038813,光寶科統一5A購01,0.99,0.91
1150820,038816,聯電統一5A購03,,7.30
1150820,038817,台達電統一6A購01,1.35,1.46
1150820,038819,鴻海統一5A購03,,0.34
1150820,03881T,台積電中信61售05,0.62,0.63
1150820,038822,台積電統一61購02,2.37,2.50
1150820,038823,旺宏統一5A購01,,11.90
1150820,038824,旺宏統一6A購01,6.20,6.54
1150820,038825,智邦統一6A購01,,1.91
1150820,038826,宏碁統一5A購01,,0.18
1150820,038827,鴻準統一5A購01,,0.10
1150820,038828,金像電統一6A購01,,1.97
1150820,038829,技嘉統一5A購01,,0.62
1150820,03882T,力積電中信61售01,0.50,0.52
1150820,038830,技嘉統一61購01,,0.64
1150820,038831,友達統一5A購01,,3.15
1150820,038836,宏達電統一5A購02,,0.01
1150820,038837,宏達電統一5A購03,0.04,0.04
1150820,038838,宏達電統一61購02,0.02,0.02
1150820,038839,漢翔統一5A購01,0.50,0.38
1150820,03883T,台積電元大61售66,1.55,1.56
1150820,038840,全漢統一61購01,,0.32
1150820,038841,聯詠統一5A購01,0.29,0.36
1150820,038842,華晶科統一61購01,0.26,0.27
1150820,038843,緯創統一59購03,,0.63
1150820,038844,緯創統一5A購02,0.75,0.76
1150820,038845,緯創統一5A購03,,1.34
1150820,038846,緯創統一5A購04,,0.59
1150820,038847,緯創統一5C購02,,0.74
1150820,038848,緯創統一6A購01,0.50,0.58
1150820,038849,群創統一5A購01,8.85,9.52
1150820,038850,群創統一5A購02,9.90,10.62
1150820,038851,群創統一6A購01,4.20,4.34
1150820,038853,永信統一61購01,0.28,0.28
1150820,038855,瑞智統一5A購01,,0.14
1150820,038857,瀚宇博統一6A購01,,0.24
1150820,038858,台郡統一61購01,,0.29
1150820,038859,群電統一5A購01,,0.09
1150820,03885T,光寶科群益61售05,0.39,0.51
1150820,038860,帝寶統一5A購01,,0.27
1150820,038861,緯穎統一5A購01,,2.73
1150820,038862,緯穎統一6A購01,,2.76
1150820,038864,羅昇統一5A購01,,0.22
1150820,038865,羅昇統一61購01,0.14,0.20
1150820,03886T,力積電群益61售05,,1.11
1150820,038877,光寶科元大5A購02,1.88,1.69
1150820,03887T,新纖凱基61售03,,1.14
1150820,03888T,上銀凱基61售04,0.65,0.83
1150820,03889T,金像電凱基64售02,1.27,1.40
1150820,03890T,漢唐凱基61售09,1.30,1.25
1150820,03891T,立隆電凱基61售08,,1.38
1150820,03892T,漢翔凱基61售05,0.87,1.09
1150820,038939,緯創凱基5A購01,,0.76
1150820,03893T,德律凱基61售06,1.03,1.14
1150820,03894T,智原凱基61售04,,1.20
1150820,03895T,京鼎凱基61售03,1.75,1.70
1150820,038960,東元富邦5A購01,0.03,0.03
1150820,03896T,新唐凱基61售04,1.65,1.60
1150820,03897T,上証2X國票65售02,,2.05
1150820,038983,東元統一59購01,,0.01
1150820,038985,東元統一5C購01,,0.01
1150820,038986,東元統一6A購01,,0.18
1150820,038987,光寶科統一6A購01,0.78,0.76
1150820,038988,楠梓電統一5C購01,0.93,0.99
1150820,03898T,華通國票65售01,,1.35
1150820,038992,華泰統一6A購01,0.21,0.26
1150820,038994,台亞統一5A購01,,0.48
1150820,038997,華邦電統一6A購01,6.40,6.24
1150820,038999,金像電統一5A購02,,3.52
1150820,03899T,創見國票63售01,0.82,0.84
1150820,039000,興勤統一5A購01,0.90,0.68
1150820,039001,興勤統一6A購01,1.31,1.11
1150820,039004,宏達電統一6A購01,0.11,0.12
1150820,039007,嘉晶統一61購01,,1.45
1150820,039008,嘉晶統一6A購01,1.17,1.16
1150820,039009,奇鋐統一6A購01,3.35,3.25
1150820,03900T,緯創國票61售03,,0.74
1150820,039011,欣興統一5A購01,,19.76
1150820,039012,欣興統一6A購01,,9.70
1150820,039014,緯創統一5C購03,0.28,0.43
1150820,039015,緯創統一6A購02,0.67,0.71
1150820,039016,昇貿統一59購01,,0.14
1150820,039018,昇貿統一5A購01,,0.20
1150820,039019,昇貿統一5C購01,,0.29
1150820,03901T,群創國票61售04,2.13,1.98
1150820,039020,昇貿統一5C購02,0.07,0.21
1150820,039021,昇貿統一6A購01,0.41,0.44
1150820,039022,創意統一5A購02,,8.12
1150820,039023,辛耘統一6A購01,,1.27
1150820,039024,宏致統一5A購01,0.81,0.74
1150820,039025,宏致統一6A購01,0.80,0.85
1150820,039027,精成科統一6A購01,0.16,0.17
1150820,039028,緯穎統一5A購02,2.30,2.21
1150820,039029,中台統一5A購01,,0.01
1150820,03902T,牧德國票61售01,,1.10
1150820,039032,兆聯統一6A購01,1.35,1.48
1150820,039033,意騰統一5A購01,,0.03
1150820,039034,意騰統一6A購01,,0.20
1150820,039035,昇陽半統一6A購01,0.61,0.73
1150820,039036,南電統一6A購01,6.20,6.27
1150820,039037,富鼎統一5A購01,,2.06
1150820,039038,富鼎統一6A購01,1.08,1.50
1150820,03903T,貿聯國票61售04,0.73,0.78
1150820,039040,華邦電中信5A購01,,62.62
1150820,039042,聯發科中信5A購01,,14.70
1150820,039044,神達中信5A購01,0.03,0.03
1150820,03904T,日月光國票63售01,,1.36
1150820,039050,東元永豐5A購01,,0.02
1150820,03905T,帆宣國票63售01,,1.55
1150820,03906T,洋基國票61售03,1.23,1.28
1150820,03907T,T50正2富邦61售15,1.02,0.99
1150820,03908T,臺股指富邦61售21,0.65,0.66
1150820,03909T,臺股指富邦61售22,0.50,0.52
1150820,03910T,臺股指富邦61售23,,0.57
1150820,039120,惠特元富5A購01,,1.20
1150820,03912T,群臺2X中信67售03,0.85,0.85
1150820,03913T,台灣50永豐61售04,1.11,1.11
1150820,03914T,台灣50永豐61售05,,0.99
1150820,03915T,台灣50永豐64售03,,1.65
1150820,039164,鴻海元大5A購01,,0.46
1150820,03916T,T50正2凱基61售08,1.23,1.24
1150820,03917T,上証2X凱基61售03,,1.54
1150820,039187,新日興元大5A購01,0.10,0.15
1150820,03918T,群創凱基61售08,1.91,1.74
1150820,039195,jpp元大5A購01,0.38,0.38
1150820,03919T,牧德凱基61售07,0.69,0.68
1150820,03920T,貿聯凱基61售10,0.93,0.98
1150820,03921T,帆宣凱基61售06,1.37,1.41
1150820,039224,楠梓電凱基5A購01,2.55,2.85
1150820,03922T,富世達凱基61售04,0.62,0.81
1150820,03923T,臺股指凱基61售25,,0.82
1150820,03924T,臺股指凱基61售26,0.98,1.02
1150820,03925T,臺股指凱基61售27,1.20,1.21
1150820,03926T,菱生國票61售04,,1.08
1150820,03928T,力積電台新61售04,2.19,2.15
1150820,03929T,南亞科元大61售21,1.30,1.45
1150820,03930T,臻鼎元大61售23,3.52,3.54
1150820,03931T,奇鋐中信61售04,0.53,0.60
1150820,039328,滬深2X國票67購01,,0.98
1150820,03932T,群創中信61售03,0.69,0.65
1150820,03933T,奇鋐國票65售01,0.98,1.06
1150820,03934T,台灣50國泰62售01,,1.93
1150820,039353,T50反1中信5A購02,,0.03
1150820,039354,台達電中信5A購01,,9.90
1150820,03935T,T50正2群益62售03,,1.20
1150820,03936T,T50正2群益62售04,1.44,1.45
1150820,03937T,群臺2X群益61售07,1.04,1.06
1150820,039385,台灣50富邦64購02,,24.50
1150820,03938T,群臺2X群益61售08,,1.37
1150820,03939T,華通群益61售07,,2.33
1150820,03940T,華通元大61售18,2.06,2.28
1150820,039418,緯創凱基5C購01,,2.06
1150820,03941T,日月光元大61售09,,2.68
1150820,03942T,台灣50富邦62售06,1.72,1.74
1150820,039437,東元統一61購01,0.10,0.10
1150820,039438,東元統一6A購02,0.12,0.11
1150820,039439,中興電統一5A購01,0.16,0.17
1150820,03943T,台灣50台新61售09,1.43,1.44
1150820,039440,上銀統一5A購01,1.82,1.83
1150820,039441,楠梓電統一59購01,1.45,1.79
1150820,039443,楠梓電統一6A購01,1.01,1.06
1150820,039444,楠梓電統一6A購02,,0.96
1150820,039445,鴻海統一6A購01,0.31,0.37
1150820,039446,台積電統一64購01,,1.69
1150820,039449,台亞統一6A購01,0.50,0.55
1150820,03944T,南亞科台新63售05,0.81,0.90
1150820,039450,華邦電統一6A購02,5.15,4.97
1150820,039451,敬鵬統一5A購01,,0.39
1150820,039452,技嘉統一6A購01,0.41,0.48
1150820,039453,瑞昱統一5A購01,0.71,0.92
1150820,039454,台光電統一6A購01,4.99,4.46
1150820,039455,興勤統一6A購02,0.97,0.84
1150820,039456,全新統一6A購01,2.04,2.17
1150820,039457,宏達電統一6A購02,0.22,0.32
1150820,039458,嘉晶統一5A購02,,1.21
1150820,039459,嘉晶統一6A購02,,1.38
1150820,03945T,友達台新61售05,0.87,0.93
1150820,039460,奇鋐統一6A購02,1.60,1.63
1150820,039461,欣興統一59購03,,18.57
1150820,039462,昇貿統一6A購02,0.35,0.38
1150820,039463,新日興統一5C購01,0.03,0.05
1150820,039464,融程電統一6A購01,0.39,0.45
1150820,039465,融程電統一6A購02,,0.60
1150820,039467,台勝科統一6A購01,,3.13
1150820,039468,辛耘統一6A購02,1.35,1.38
1150820,039469,宏致統一5A購02,0.87,0.97
1150820,03946T,群創台新61售07,,1.73
1150820,039470,宏致統一6A購02,0.82,0.90
1150820,039472,材料統一6A購01,0.22,0.23
1150820,039473,全訊統一5C購01,,0.10
1150820,039474,全訊統一6A購01,0.27,0.28
1150820,039475,祥碩統一6A購01,0.27,0.29
1150820,039477,康舒統一5A購01,0.73,0.93
1150820,039478,康舒統一6A購01,0.74,0.77
1150820,03947T,華邦電國泰63售03,1.45,1.38
1150820,039481,富鼎統一5C購01,,2.56
1150820,039482,富鼎統一6A購02,1.34,1.31
1150820,039483,宏全統一5C購01,,0.28
1150820,03948T,旺宏國票61售05,,1.98
1150820,03949T,華邦電國票61售09,0.94,1.02
1150820,039507,友達元大5A購01,,3.37
1150820,03950T,貿聯國票61售05,0.96,1.01
1150820,039514,奇鋐元大5A購04,8.10,8.05
1150820,03951T,樺漢國票61售03,1.11,1.03
1150820,03952T,華邦電元大61售06,1.30,1.42
1150820,03953T,愛普群益63售01,1.46,1.54
1150820,03954T,華邦電凱基61售10,1.31,1.46
1150820,03955T,奇鋐凱基65售03,0.94,1.06
1150820,03956T,愛普凱基61售08,1.78,1.83
1150820,03957T,旺宏富邦67售02,,0.78
1150820,03958T,微星台新61售02,1.20,1.05
1150820,03959T,智邦中信61售02,0.70,0.65
1150820,039603,中砂統一6A購01,,1.40
1150820,039605,光罩統一6A購01,,0.43
1150820,039606,台亞統一6A購02,,0.57
1150820,039607,華邦電統一5A購02,,12.90
1150820,039609,毅嘉統一5C購01,,0.27
1150820,03960T,T50正2永豐61售08,,1.25
1150820,039611,華新科統一59購01,,4.22
1150820,039612,華新科統一61購01,,2.71
1150820,039613,華新科統一6A購01,1.96,2.01
1150820,039616,台勝科統一6A購02,2.52,2.83
1150820,039617,材料統一6A購02,,0.38
1150820,039618,祥碩統一6A購02,0.41,0.39
1150820,039623,鈺邦統一5C購02,,0.30
1150820,039624,台虹統一6A購01,,4.80
1150820,03962T,台股增永豐61售04,,1.11
1150820,03963T,T50正2群益63售01,,0.70
1150820,03964T,華通群益61售08,,3.09
1150820,03965T,華邦電群益61售06,1.42,1.41
1150820,03966T,智邦群益61售07,,1.12
1150820,03967T,漢唐群益61售05,2.05,2.00
1150820,03969T,力成群益63售02,,1.54
1150820,03970T,中砂元大61售01,1.71,1.93
1150820,03971T,台積電元大61售74,,1.46
1150820,03972T,智邦元大61售09,2.39,2.30
1150820,03973T,緯穎元大61售25,,1.32
1150820,039748,台積電群益5A購01,8.15,9.20
1150820,03974T,英業達凱基61售04,1.42,1.43
1150820,03975T,健鼎凱基61售02,,1.12
1150820,039768,上証2X國票5B購01,,0.47
1150820,03976T,嘉澤凱基61售07,1.67,1.37
1150820,03977T,矽格凱基61售07,1.58,1.56
1150820,039780,華邦電國票59購01,,28.50
1150820,039785,奇鋐國票5C購01,7.75,8.11
1150820,03978T,台玻國票61售03,0.76,0.79
1150820,03979T,鴻海國票61售06,0.97,0.87
1150820,03980T,志聖國票61售03,0.90,1.01
1150820,03981T,立隆電國票63售01,,1.15
1150820,039820,南電兆豐5A購01,,27.47
1150820,03982T,緯創國票61售04,1.02,0.99
1150820,03983T,定穎控國票65售02,1.22,1.22
1150820,03984T,新唐國票61售02,1.14,1.09
1150820,03985T,兆聯國票61售02,,1.07
1150820,03986T,意騰國票61售02,0.81,0.81
1150820,039871,元金反凱基6A購01,0.39,0.45
1150820,039872,道瓊銀凱基5A購01,,2.23
1150820,03987T,大立光中信61售02,0.72,0.92
1150820,039881,台積電凱基5A購03,,6.75
1150820,039886,聯發科凱基59購01,,33.00
1150820,03988T,緯創中信61售02,,0.52
1150820,03989T,台玻凱基61售06,0.86,0.89
1150820,03990T,華通凱基65售01,,1.63
1150820,03991T,華邦電凱基61售11,1.01,1.18
1150820,039922,技嘉元大59購01,,0.32
1150820,03992T,瑞昱凱基61售05,1.82,1.75
1150820,03993T,志聖凱基61售04,0.98,0.98
1150820,039946,力積電元大5A購01,,5.01
1150820,03994T,國泰金凱基61售02,,1.52
1150820,03995T,緯創凱基61售11,,0.93
1150820,039969,微星群益59購01,,1.37
1150820,03996C,臺股指元大5A牛05,,4.34
1150820,03996T,日月光凱基61售09,,2.09
1150820,039972,奇鋐群益59購02,,7.30
1150820,03997T,T50正2元大61售10,1.09,1.10
1150820,03998T,瑞昱元大61售08,1.35,1.30
1150820,03999T,奇鋐元大61售39,1.42,1.56
1150820,040000,神達富邦5A購01,0.07,0.10
1150820,040002,緯穎富邦5A購01,,4.58
1150820,04000T,力積電元大61售14,,2.69
1150820,04001C,臺股指凱基5B牛08,,10.00
1150820,04001T,臺股指元大61售38,0.98,0.99
1150820,040024,十銓國票5A購01,7.30,6.80
1150820,040029,華東國票5A購01,,5.55
1150820,04002C,臺股指富邦61牛04,,4.15
1150820,04002T,元石油國票61售04,,1.93
1150820,04003C,臺股指元大61牛14,,4.03
1150820,04003T,SGBR2X國票61售04,,2.52
1150820,040041,元金2X永豐5A購01,,0.15
1150820,040046,台積電永豐5A購03,,5.75
1150820,04004T,國泰金國票61售03,,1.42
1150820,04005C,臺股指元大5B牛12,,3.83
1150820,04005T,大立光國票61售04,0.51,0.67
1150820,040072,英業達元大5A購01,,3.70
1150820,040075,技嘉元大59購02,,0.84
1150820,04007T,愛普國票61售03,1.55,1.65
1150820,04008C,臺股指凱基64牛01,4.99,5.01
1150820,04008T,力積電國票61售06,1.37,1.50
1150820,04009C,臺股指元大64牛11,,3.75
1150820,04009T,群創中信62售01,0.54,0.51
1150820,04010C,臺股指元大63牛21,,3.99
1150820,04010T,美費半凱基62售01,,2.05
1150820,040112,力積電元大5A購02,,7.13
1150820,04011C,臺股指富邦64牛08,,3.96
1150820,04011T,力積電凱基62售02,1.38,1.31
1150820,04012C,臺股指元大64牛12,,1.73
1150820,04012T,台灣50國票62售01,,2.02
1150820,040133,富世達群益5A購01,,1.63
1150820,040136,道瓊銀凱基5A購02,0.86,0.86
1150820,04013T,台灣50國票62售02,1.57,1.57
1150820,04014C,臺股指凱基5C牛14,4.19,4.26
1150820,04015C,臺股指元大64牛15,1.46,1.49
1150820,04015T,中興電國票62售01,,1.08
1150820,04016C,臺股指凱基63牛09,2.52,2.52
1150820,04016T,大成鋼國票62售01,0.77,0.90
1150820,04017C,臺股指富邦65牛04,,1.33
1150820,04017T,光寶科國票63售01,,0.77
1150820,04018C,臺股指凱基5B牛13,1.94,1.95
1150820,04018T,金寶國票62售01,,0.81
1150820,04019C,臺股指元大65牛13,1.26,1.30
1150820,04019T,仁寶國票62售02,,0.91
1150820,040200,SP黃豆凱基5C購01,0.52,0.42
1150820,04020C,元債2X富邦65牛01,1.18,1.11
1150820,04020T,華邦電國票62售01,0.91,1.00
1150820,04021T,英業達國票62售01,,0.90
1150820,04022T,金像電國票63售02,,0.69
1150820,04023T,微星國票62售01,0.95,0.96
1150820,04024T,漢唐國票63售01,,1.18
1150820,04025T,長榮國票62售01,0.60,0.72
1150820,04026C,臺股指元大63牛28,1.08,1.11
1150820,04026T,萬海國票62售01,0.68,0.77
1150820,04027C,臺股指富邦68牛04,,1.21
1150820,04027T,神基國票62售01,0.85,0.85
1150820,04028C,臺股指凱基63牛28,1.72,1.96
1150820,04028T,信邦國票62售01,,0.70
1150820,040291,聯鈞元大5A購01,,4.48
1150820,040296,力成元大5A購01,,3.53
1150820,04029T,智原國票63售01,,1.23
1150820,04031T,中磊國票62售01,1.22,1.13
1150820,04032T,力成國票63售01,,1.10
1150820,040334,臺股指中信59購04,,19.50
1150820,04034T,啟碁國票63售03,,1.20
1150820,04035T,緯穎國票62售02,0.71,0.78
1150820,040362,旺宏凱基5A購01,,40.10
1150820,04036T,矽創國票62售01,,1.08
1150820,04037T,至上國票63售01,1.06,1.11
1150820,040384,緯穎凱基59購01,,11.00
1150820,04038T,南茂國票63售01,,0.90
1150820,040393,台積電元富6A購01,,24.22
1150820,040397,聯發科元富5A購08,13.70,13.70
1150820,04039T,華邦電富邦63售03,0.47,0.52
1150820,04040T,力積電台新62售02,1.59,1.59
1150820,040412,台達電國票5A購01,,4.70
1150820,040413,台達電國票5C購01,4.77,4.84
1150820,040414,台達電國票62購01,4.84,4.96
1150820,040415,台達電國票64購01,,5.47
1150820,04041T,華通元大62售05,2.10,2.25
1150820,040420,微星國票5A購01,0.42,0.82
1150820,04042T,台積電元大62售14,1.39,1.49
1150820,04043T,臺股指元大62售12,0.82,0.89
1150820,04044T,中砂國票64售01,,1.16
1150820,04045T,台玻國票64售02,0.57,0.64
1150820,040468,昇貿元大5A購01,0.16,0.26
1150820,04046T,鴻海國票64售02,,1.21
1150820,040470,聯鈞元大5A購02,,2.52
1150820,040474,jpp元大59購01,,0.36
1150820,04047T,立隆電國票64售03,,1.22
1150820,04048T,漢翔國票64售02,0.78,0.93
1150820,04049T,晶技國票64售01,0.69,0.71
1150820,04050T,TPK國票64售01,,0.96
1150820,040517,台積電中信5A購03,,2.51
1150820,040518,長榮中信5A購01,0.56,0.38
1150820,04051T,材料國票64售01,0.95,0.96
1150820,040520,力積電中信5A購01,3.29,3.38
1150820,040521,力積電中信5A購02,,3.22
1150820,04052T,新唐國票64售02,,1.00
1150820,04053T,康舒國票64售01,1.18,1.15
1150820,040545,FB越南富邦5A購01,,0.26
1150820,040552,臺股指富邦5A購03,,26.32
1150820,04055T,群電國票64售02,0.98,0.99
1150820,04056T,富世達國票64售01,,0.74
1150820,04057T,旺宏元大63售02,1.21,1.19
1150820,04058T,華邦電元大63售08,,1.40
1150820,04059T,南亞科元大63售13,1.04,1.16
1150820,040609,川湖統一6A購01,,7.61
1150820,04060T,奇鋐元大63售05,1.07,1.04
1150820,040610,華通統一6A購01,,1.54
1150820,040612,華泰統一5A購02,,0.07
1150820,040613,正崴統一6A購01,,0.37
1150820,040614,聯發科統一5A購04,8.30,8.30
1150820,040615,一詮統一6A購01,2.19,1.97
1150820,040616,華新科統一5A購01,5.00,5.81
1150820,040617,華新科統一6A購02,2.68,2.80
1150820,040618,長榮統一5C購02,0.80,0.61
1150820,040619,長榮統一6A購01,0.92,0.75
1150820,04061T,金像電台新62售02,1.16,1.30
1150820,040620,新興統一5A購01,0.63,0.66
1150820,040621,裕民統一5A購01,,0.28
1150820,040622,陽明統一5A購01,0.18,0.16
1150820,040623,陽明統一6A購01,0.44,0.35
1150820,040624,慧洋統一5A購01,0.79,0.69
1150820,040627,景碩統一6A購01,,8.06
1150820,040628,京鼎統一6A購01,0.35,0.42
1150820,040629,創意統一5A購03,,5.20
1150820,04062T,大立光台新62售01,1.25,2.08
1150820,040630,創意統一6A購01,4.00,3.20
1150820,040631,jpp統一6A購01,0.54,0.55
1150820,040632,亞翔統一6A購01,,1.50
1150820,040633,帆宣統一6A購01,,2.07
1150820,040635,華孚統一59購02,,0.02
1150820,040637,康舒統一6A購02,0.62,0.66
1150820,040639,緯穎統一6A購02,2.48,2.42
1150820,04063T,華邦電凱基63售03,1.22,1.31
1150820,040640,龍德船統一61購01,0.43,0.43
1150820,040641,龍德船統一6A購01,0.48,0.45
1150820,040644,力積電統一59購02,,3.12
1150820,040645,力積電統一5A購01,2.58,3.31
1150820,040646,力積電統一5C購02,,3.12
1150820,040647,力積電統一6A購01,1.96,2.02
1150820,040648,力積電統一6A購02,1.99,1.94
1150820,040649,力積電統一6A購03,,3.32
1150820,04064T,微星凱基63售02,0.94,1.18
1150820,040650,天虹統一6A購01,,0.54
1150820,040651,台虹統一6A購02,,4.31
1150820,040653,南電統一6A購02,,6.89
1150820,04065T,京元電凱基63售02,1.77,1.71
1150820,04066T,緯穎凱基63售03,1.05,1.31
1150820,04067T,至上凱基63售02,0.88,0.89
1150820,040685,昇貿元大5A購02,0.27,0.32
1150820,040688,聯鈞元大5A購03,,2.79
1150820,04068T,南茂凱基64售03,1.08,1.04
1150820,040691,定穎控元大5A購01,,0.40
1150820,04069T,台灣50富邦62售08,,0.76
1150820,04070T,台股增富邦62售02,0.48,0.46
1150820,04072T,金像電元大63售09,2.01,2.05
1150820,04073T,友達元大63售13,,1.40
1150820,04074T,南亞科國票65售01,0.73,0.82
1150820,04075T,訊芯國票65售01,0.84,0.86
1150820,040764,龍德船群益5A購02,0.18,0.17
1150820,04076T,采鈺國票63售01,1.45,1.47
1150820,040772,緯穎中信5A購01,2.21,2.13
1150820,040773,南電中信5A購01,,11.51
1150820,040775,元金2X永豐5A購02,0.33,0.32
1150820,040792,龍德船統一5C購01,,0.35
1150820,040793,至上統一5A購01,,1.64
1150820,040799,建準國票5B購01,,0.41
1150820,040807,旭隼國票5A購01,0.13,0.19
1150820,04080T,臺指2X群益62售03,,0.93
1150820,040810,富世達國票5C購01,1.58,1.76
1150820,040812,東元兆豐5A購01,,0.02
1150820,04081T,南亞科凱基63售06,1.01,1.14
1150820,040826,華新元大5A購01,1.36,1.50
1150820,04082T,日月光台新62售02,1.21,1.18
1150820,04084T,旺宏中信62售01,,0.51
1150820,04085T,華邦電中信62售02,0.39,0.41
1150820,040869,南電元大5A購02,,12.80
1150820,04087T,元債2X元大65售02,,1.21
1150820,04088T,鴻海元大63售15,,2.81
1150820,04089T,緯創元大63售06,2.46,2.38
1150820,040908,臺股指凱基5A購06,56.50,56.50
1150820,04090T,華邦電國票66售01,0.96,0.97
1150820,04091T,金像電國票66售02,1.05,1.15
1150820,040939,鴻海群益5A購03,,3.02
1150820,04093T,大立光國票66售01,,1.21
1150820,04094T,緯創國票66售01,1.09,1.05
1150820,040951,奇鋐群益5A購01,,4.01
1150820,04095T,力成國票66售01,,1.14
1150820,040969,大成鋼統一5C購01,0.61,0.52
1150820,04096T,啟碁國票66售01,1.14,1.13
1150820,040971,宇隆統一6A購01,0.31,0.37
1150820,040972,仁寶統一5C購02,0.82,0.73
1150820,040973,致茂統一6A購01,,2.74
1150820,040974,佳能統一5C購01,,0.11
1150820,040975,毅嘉統一6A購01,0.52,0.56
1150820,040978,創見統一5C購02,1.89,1.73
1150820,040979,強茂統一6A購01,0.83,0.80
1150820,04097T,富世達國票66售02,0.77,0.75
1150820,040980,景碩統一6A購02,,7.16
1150820,040981,世芯統一5A購01,0.57,0.51
1150820,040982,南電統一64購01,6.00,6.00
1150820,040983,台灣50中信5A購01,,16.80
1150820,040984,T50正2中信5A購02,,6.08
1150820,040985,T50反1中信64購02,0.12,0.13
1150820,04098T,宇瞻國票66售02,,1.00
1150820,040991,台積電永豐5A購06,5.10,5.55
1150820,04099T,臺股指台新65售05,1.17,1.16
1150820,04102T,緯穎國泰63售03,0.84,0.89
1150820,04103T,緯穎國票68售01,0.86,0.88
1150820,041043,華新元大5A購02,,1.79
1150820,04104T,鴻海凱基63售10,,1.05
1150820,041059,漢翔元大5A購01,2.02,1.80
1150820,04105T,金像電凱基63售06,0.45,0.86
1150820,04106T,緯創凱基63售05,,0.69
1150820,041075,康舒元大5A購01,0.43,0.66
1150820,04107T,啟碁凱基64售03,0.90,0.91
1150820,041093,聯詠兆豐5A購01,2.53,2.64
1150820,04109T,台積電群益68售02,1.31,1.33
1150820,041109,元金2X國票5A購01,0.33,0.27
1150820,04110T,和碩群益62售01,,1.52
1150820,041110,道瓊銀國票5A購01,,1.09
1150820,04111T,台灣50元大63售08,,0.72
1150820,04112T,台積電元大63售22,,0.65
1150820,04113T,臺股指元大63售30,,1.19
1150820,04114T,臺股指元大63售31,0.95,0.95
1150820,04115T,緯穎元大63售09,0.93,1.02
1150820,041162,飛宏群益5A購01,,0.17
1150820,041165,富邦金群益5A購01,5.00,5.03
1150820,041166,奇鋐群益5A購02,,13.10
1150820,04116T,台灣50凱基66售02,1.54,1.49
1150820,04117T,臺股指凱基63售24,1.33,1.28
1150820,041196,台灣50兆豐5A購01,,6.65
1150820,04119T,國精化國票63售01,,1.42
1150820,041207,飛宏統一5C購01,,0.18
1150820,041208,晶豪科統一6A購01,,2.73
1150820,041209,至上統一5C購01,,0.99
1150820,04120T,汎銓國票63售01,1.71,1.76
1150820,041210,元黃金中信5A購01,0.02,0.02
1150820,041211,臺指2X中信5A購01,,5.80
1150820,041212,元金2X中信5A購03,,0.03
1150820,041214,世芯中信5A購02,,1.04
1150820,041216,昇陽半中信5A購01,0.94,1.23
1150820,04121T,台灣50富邦62售10,,0.83
1150820,041227,鴻海永豐5A購01,1.36,3.45
1150820,041232,神達永豐5A購02,0.54,0.65
1150820,04123T,台灣50富邦65售08,,0.88
1150820,04124T,鴻海台新62售01,1.59,1.43
1150820,04125T,南亞科台新62售07,0.68,0.73
1150820,04126T,南亞科台新63售06,0.66,0.68
1150820,04127T,緯創台新62售02,2.19,2.00
1150820,041284,強茂元大5A購01,3.02,2.96
1150820,04128T,台灣50中信68售01,,1.15
1150820,04129T,新代國票64售01,,1.52
1150820,04130T,松川群益64售01,0.59,0.57
1150820,04131T,緯穎凱基63售05,0.82,0.91
1150820,041320,台積電元富5A購06,15.80,17.03
1150820,04132T,奇鋐國泰63售04,1.27,1.26
1150820,04133T,大立光台新62售03,1.06,1.11
1150820,04135T,華邦電元大63售14,1.79,1.79
1150820,04136T,南亞科元大63售19,1.22,1.26
1150820,04137T,台灣50中信68售03,0.82,0.80
1150820,04138T,南亞科凱基63售14,,1.45
1150820,041393,元黃金凱基5A購01,,0.20
1150820,041394,元金反凱基5A購01,,0.15
1150820,04139T,台積電元大63售24,,1.47
1150820,04140T,盟立國票65售02,1.86,1.82
1150820,04141T,奇鋐國票65售02,1.07,1.06
1150820,04142T,富世達國票64售03,,0.92
1150820,041432,鴻海統一5B購02,,0.32
1150820,041433,可成統一5C購01,,0.69
1150820,041434,聯鈞統一5C購01,1.48,1.14
1150820,041435,至上統一5C購02,,1.21
1150820,041436,可寧衛統一5C購01,,0.57
1150820,041437,可寧衛統一5C購02,,0.38
1150820,041438,鴻海中信5A購01,0.06,0.25
1150820,041439,台積電中信5A購06,,2.92
1150820,04143T,汎銓國票64售02,,1.85
1150820,041448,鴻海永豐5B購01,0.18,0.40
1150820,041449,台積電永豐5A購07,5.15,5.08
1150820,04144T,汎銓國票66售02,,2.17
1150820,041451,台積電永豐5A購09,4.49,4.73
1150820,04145T,南亞國票65售01,,1.17
1150820,04146T,晶豪科國票63售03,2.11,2.04
1150820,041477,康舒元富5A購01,1.43,1.89
1150820,04147T,晶豪科國票65售02,,1.81
1150820,041482,S&P反1國票5A購01,,0.04
1150820,041486,元金反國票61購01,,0.41
1150820,04148T,光寶科中信62售03,0.95,0.97
1150820,041494,華新科國票5C購01,,6.57
1150820,041497,禾伸堂國票58購01,,31.00
1150820,041498,緯穎國票58購01,1.95,2.06
1150820,04149T,華邦電中信62售04,0.96,0.96
1150820,041507,鴻海元大5A購03,0.29,0.47
1150820,04150T,南亞科中信62售06,0.90,0.94
1150820,041511,台積電元大5A購01,6.80,7.63
1150820,04151T,臺股指中信66售02,,1.61
1150820,04152T,臺股指元大63售38,,1.18
1150820,04153T,南亞群益64售01,2.53,2.54
1150820,041542,愛普元大59購01,,10.62
1150820,041546,富世達元大59購02,,0.95
1150820,04154T,光寶科群益64售02,1.43,1.45
1150820,041552,至上元大5A購01,2.39,2.60
1150820,04157T,南亞凱基63售02,1.46,1.39
1150820,041589,台積電群益5A購02,,3.28
1150820,04158T,南亞科台新62售09,1.03,1.07
1150820,04159T,南亞科台新65售04,1.18,1.19
1150820,041605,國巨統一5C購02,3.18,3.68
1150820,041606,京元電統一5C購01,,0.82
1150820,041607,華新科統一5C購01,,1.67
1150820,041609,禾伸堂統一5C購01,7.25,7.67
1150820,041611,聯鈞統一6A購01,1.90,1.78
1150820,041612,台勝科統一5C購01,,3.41
1150820,041613,富世達統一6A購01,0.68,0.63
1150820,041614,元黃金永豐5A購01,0.12,0.12
1150820,04161T,群創台新65售04,1.24,1.23
1150820,04162T,臻鼎台新62售03,,1.52
1150820,041633,鴻海兆豐5A購01,,0.52
1150820,041636,旺宏兆豐5A購01,,23.34
1150820,041643,和碩兆豐5A購01,1.54,1.69
1150820,04164T,光寶科凱基64售03,1.57,1.57
1150820,041658,元金2X中信5A購04,0.13,0.17
1150820,041659,鴻海中信5A購03,,0.25
1150820,04165T,臺股指凱基63售32,,1.75
1150820,041660,鴻海中信5A購04,,0.45
1150820,041661,國巨中信5A購02,,7.95
1150820,041662,京元電中信5A購01,,0.94
1150820,041667,創意中信5A購01,,6.50
1150820,041669,緯穎中信5A購02,,0.85
1150820,04166T,台積電元大63售26,1.48,1.49
1150820,04167T,台股增國票63售02,2.35,2.32
1150820,04168T,群臺2X中信68售02,,0.56
1150820,04169T,台灣50台新62售02,3.55,3.58
1150820,04171T,金像電台新62售04,1.58,1.58
1150820,04172T,南亞元大63售07,2.53,2.50
1150820,041737,創意國票62購01,,12.70
1150820,04173T,電子類國票63售03,2.20,2.19
1150820,041740,富世達國票62購01,1.50,2.82
1150820,041742,富鼎國票58購01,1.85,2.39
1150820,04176T,群創元大63售13,,1.55
1150820,04177T,華邦電群益66售01,1.19,1.22
1150820,041780,華新科元大5A購01,,3.81
1150820,041787,景碩元大58購01,,14.40
1150820,04178T,所羅門群益63售01,1.41,1.35
1150820,041790,昇貿元大59購01,,0.17
1150820,041803,元黃金群益5C購01,0.13,0.11
1150820,041804,SP黃豆群益5C購01,,0.19
1150820,04181T,臺股指群益62售14,,1.09
1150820,041836,可寧衛群益5A購01,,0.64
1150820,041840,智原中信5A購01,,0.06
1150820,04184T,台股增凱基63售06,1.42,1.42
1150820,041859,晶豪科兆豐5A購01,,13.20
1150820,041861,緯穎兆豐5A購01,,3.55
1150820,04186T,奇鋐永豐64售15,1.69,1.69
1150820,041889,道瓊2X凱基58購01,,1.70
1150820,04188T,智邦台新62售01,2.20,2.21
1150820,04189T,富世達台新62售02,1.82,1.90
1150820,041926,道瓊銀元富5A購01,1.14,1.14
1150820,041941,元黃金國票5A購01,,0.12
1150820,04194T,T50正2富邦68售01,1.42,1.43
1150820,04196T,國巨國泰63售05,1.26,1.25
1150820,041992,仁寶元大58購01,,0.17
1150820,04199T,新興群益62售01,1.54,1.49
1150820,042004,萬海元大5A購01,4.05,2.20
1150820,04200T,陽明群益62售01,1.38,1.46
1150820,042011,昇貿元大59購02,,0.25
1150820,04201T,嘉晶群益62售01,2.10,2.11
1150820,042026,元黃金中信5A購03,0.14,0.15
1150820,042030,國巨中信58購02,,10.15
1150820,042032,國巨中信5A購03,,5.12
1150820,042038,康舒中信5A購01,0.15,0.45
1150820,042039,緯穎中信5A購04,,2.21
1150820,04203T,玉晶光群益62售02,1.02,0.96
1150820,042068,大立光元富5A購01,75.00,70.00
1150820,04207T,旭隼群益62售04,2.42,2.48
1150820,042095,T50反1富邦5A購01,,0.06
1150820,04210T,臺股指元大63售39,1.44,1.44
1150820,04211T,臺股指元大64售21,1.24,1.24
1150820,042123,華新科國票59購01,,5.41
1150820,04212T,臺股指元大65售16,,1.40
1150820,042137,同欣電國票59購01,2.02,1.89
1150820,042138,台表科國票5A購01,,2.38
1150820,04214T,力積電中信62售06,1.10,1.10
1150820,042186,仁寶元大58購02,,0.80
1150820,042187,仁寶元大59購01,,0.40
1150820,042195,佳能元大5A購01,0.17,0.22
1150820,04219T,聯電永豐63售03,1.17,1.17
1150820,042207,萬海元大5A購02,2.16,0.98
1150820,042217,聯鈞元大59購01,,2.14
1150820,04221T,南亞科永豐65售05,1.51,1.51
1150820,04223T,大立光國票65售02,0.87,0.87
1150820,042255,光寶科永豐58購01,,2.31
1150820,042257,鴻海永豐58購02,,0.48
1150820,042273,T50正2富邦5A購02,,7.55
1150820,042286,元金反凱基5A購02,,0.32
1150820,04230T,T50正2凱基68售01,1.58,1.58
1150820,04231T,國巨凱基63售09,2.02,2.02
1150820,042373,華新科元大58購01,,2.79
1150820,042374,華新科元大59購01,,2.45
1150820,042387,力成元大58購01,,3.06
1150820,042395,南電元大59購01,,11.00
1150820,042406,鴻海群益6A購01,1.39,1.67
1150820,042413,智邦群益59購02,,6.00
1150820,042420,晶豪科群益5A購01,,5.77
1150820,042439,國巨富邦5A購01,,5.19
1150820,042447,台積電永豐5A購10,,4.00
1150820,042518,華新元大58購03,,0.16
1150820,042551,力成元大58購02,,1.40
1150820,042555,康舒元大58購01,,0.06
1150820,042572,奇鋐群益59購04,,3.98
1150820,042581,緯穎群益59購01,,2.23
1150820,042622,光寶科兆豐5B購01,2.28,2.07
1150820,042623,鴻海兆豐5B購01,,0.51
1150820,042626,緯創兆豐5B購01,,1.79
1150820,042627,貿聯兆豐5B購01,,3.38
1150820,042633,楠梓電永豐5B購01,1.81,2.11
1150820,042636,台積電永豐6B購01,3.62,4.14
1150820,042661,滬深2X國票66購01,0.99,1.21
1150820,042662,SP黃豆國票5B購02,0.16,0.12
1150820,042664,楠梓電國票59購02,,1.20
1150820,042675,奇鋐國票5B購01,,6.60
1150820,042677,緯創國票59購01,0.06,0.28
1150820,042678,貿聯國票5A購01,1.47,2.11
1150820,042686,SP黃豆群益59購01,,0.01
1150820,042699,奇鋐群益5A購03,,4.80
1150820,042709,元債2X元大65購01,0.16,0.15
1150820,042710,元債2X元大6B購01,0.22,0.20
1150820,042717,金寶元大59購01,,0.45
1150820,042747,定穎控元大5B購01,0.36,0.47
1150820,042749,祥碩元大59購01,,0.02
1150820,042754,康舒元大59購01,,0.03
1150820,042822,奇鋐國票59購02,,7.37
1150820,042826,旭隼國票59購01,,0.09
1150820,042837,台積電永豐5B購02,,6.22
1150820,042852,京元電兆豐5B購01,,1.41
1150820,042857,鴻海中信5B購01,0.09,0.17
1150820,042858,國巨中信5B購01,,7.30
1150820,042874,亞翔中信5B購01,,4.21
1150820,042929,T50反1元大5C購03,,0.12
1150820,042930,臺指反元大5B購01,,0.03
1150820,042954,晶豪科元大5A購03,,5.14
1150820,042958,智原元大59購01,,0.01
1150820,042975,SP黃豆群益61購01,0.16,0.13
1150820,042976,元金2X群益5B購01,0.40,0.32
1150820,042996,奇鋐群益59購05,,4.46
1150820,043010,元黃金永豐5B購01,,0.54
1150820,043067,慧洋元大5A購01,2.70,2.03
1150820,043072,大立光元大59購01,,15.01
1150820,043080,神達元大59購02,,0.05
1150820,043082,日月光元大59購01,,7.60
1150820,043091,滬深2X國票5A購03,,0.04
1150820,043114,京元電中信5B購01,,0.26
1150820,043118,AES中信5A購01,,0.06
1150820,043125,鴻海群益62購02,0.69,0.95
1150820,043135,奇鋐群益5A購04,,3.94
1150820,043153,仁寶凱基59購01,0.73,1.43
1150820,043169,昇貿凱基5A購01,0.56,0.66
1150820,043180,光寶科中信59購01,,3.64
1150820,043218,奇鋐國票62購01,4.81,5.06
1150820,043224,矽格國票61購01,,2.68
1150820,043258,康舒兆豐5B購01,0.59,0.81
1150820,043259,旭隼兆豐5B購01,,0.27
1150820,043287,佳能凱基5B購01,0.23,0.31
1150820,043289,台光電凱基5B購01,33.90,33.08
1150820,043291,宏達電凱基5B購01,0.17,0.23
1150820,043294,奇鋐凱基59購03,,7.69
1150820,043297,神達凱基59購01,,0.01
1150820,043301,定穎控凱基5B購01,,1.59
1150820,043355,華城元大5B購01,0.24,0.20
1150820,043374,大立光元大59購02,18.30,12.42
1150820,043396,T50反1中信5B購03,,0.01
1150820,043431,至上凱基5B購01,3.52,3.65
1150820,043450,中興電兆豐5B購01,0.79,0.78
1150820,043466,至上富邦59購01,,0.95
1150820,043499,金寶元大5A購02,1.94,2.35
1150820,043513,台光電元大5B購01,,10.35
1150820,043522,神達元大5B購01,0.09,0.12
1150820,043531,力積電元大5B購01,,3.51
1150820,043536,至上元大59購01,,0.83
1150820,043558,神達群益5A購01,,0.07
1150820,043589,美律國票5B購01,,0.02
1150820,043614,祥碩兆豐5B購01,,0.29
1150820,043624,貿聯中信59購01,4.52,4.52
1150820,043656,亞力統一5B購01,0.10,0.09
1150820,043658,國巨統一59購06,4.40,4.98
1150820,043659,國巨統一5B購04,3.68,4.15
1150820,043663,台光電統一5B購01,,11.40
1150820,043664,京元電統一5A購01,,0.44
1150820,043665,晶豪科統一6B購01,1.91,2.06
1150820,043666,貿聯統一59購02,1.01,1.20
1150820,043668,上緯控統一6B購01,0.31,0.30
1150820,043669,日月光統一5B購01,,6.10
1150820,043670,崇越統一5B購01,,1.21
1150820,043674,長華統一5B購01,,0.42
1150820,043675,至上統一59購01,,0.91
1150820,043676,至上統一65購01,0.54,0.62
1150820,043689,金像電元大59購02,,3.75
1150820,043696,建準元大59購01,,0.19
1150820,043697,建準元大5B購01,,0.20
1150820,043714,神達元大5B購02,,0.31
1150820,043717,日月光元大5A購03,,8.55
1150820,043720,jpp元大5B購01,,0.50
1150820,043845,T50正2中信5B購02,4.73,5.18
1150820,043851,世芯中信5B購01,,0.62
1150820,043871,宏達電凱基5B購02,0.40,0.42
1150820,043878,聯鈞凱基5A購01,,6.75
1150820,043888,國巨統一62購01,,3.06
1150820,043889,國巨統一6B購01,1.89,2.14
1150820,043890,旺宏統一5B購01,7.15,8.32
1150820,043891,旺宏統一65購01,3.94,3.87
1150820,043892,旺宏統一6B購01,3.98,4.16
1150820,043893,京元電統一65購02,0.48,0.52
1150820,043894,晶豪科統一5C購03,4.31,4.59
1150820,043896,奇鋐統一5B購03,2.88,2.73
1150820,043897,奇鋐統一5C購03,2.16,2.11
1150820,043898,奇鋐統一65購01,1.33,1.28
1150820,043899,聯鈞統一62購01,2.40,2.37
1150820,043900,貿聯統一65購02,0.77,0.78
1150820,043901,日月光統一6B購01,2.57,2.75
1150820,043902,勤誠統一65購01,0.49,0.61
1150820,043903,勤誠統一65購02,0.29,0.36
1150820,043904,勤誠統一6B購01,0.55,0.67
1150820,043913,祥碩群益5A購01,,0.55
1150820,043929,鴻準元大5A購01,0.41,0.50
1150820,043937,建準元大5B購02,0.17,0.22
1150820,043938,京元電元大5A購01,0.20,0.61
1150820,043954,jpp元大5B購02,,0.45
1150820,043957,康舒元大5A購02,,0.91
1150820,043965,至上元大5A購02,0.68,0.73
1150820,043972,台積電永豐5B購04,5.45,5.58
1150820,043985,世芯中信5B購02,0.46,0.33
1150820,043989,元金2X元富5B購01,,1.30
1150820,043992,台積電元富6B購01,,38.62
1150820,044008,台灣50國票5B購01,,24.15
1150820,044089,鴻準凱基5A購01,,0.67
1150820,044091,微星凱基59購01,1.02,1.96
1150820,044094,建準凱基5B購01,,0.26
1150820,044095,建準凱基5B購02,,0.43
1150820,044098,長榮凱基5B購01,4.61,3.92
1150820,044122,鴻海元大5B購01,0.36,0.40
1150820,044129,金像電元大5A購04,4.33,4.22
1150820,044131,友達元大59購01,,9.05
1150820,044134,建準元大5A購01,,0.02
1150820,044138,萬海元大59購01,0.50,0.29
1150820,044142,智原元大59購02,0.02,0.04
1150820,044145,昇貿元大5B購01,,0.20
1150820,044155,jpp元大5B購03,0.37,0.33
1150820,044169,至上元大5A購03,0.61,0.74
1150820,044171,旺宏統一6B購02,3.59,3.58
1150820,044172,建準統一59購03,,0.02
1150820,044173,建準統一5C購01,,0.12
1150820,044174,建準統一6B購01,0.33,0.36
1150820,044175,創見統一65購01,1.13,1.14
1150820,044176,飛宏統一6B購01,,0.25
1150820,044177,晟銘電統一6B購01,,0.15
1150820,044178,奇鋐統一5B購04,,2.01
1150820,044179,力積電統一5C購03,,2.73
1150820,044180,勤誠統一5B購01,0.13,0.21
1150820,044181,勤誠統一6B購02,0.34,0.41
1150820,044182,旺宏中信5B購01,,6.95
1150820,044183,致茂中信5B購01,,11.20
1150820,044185,京元電中信5B購02,,0.80
1150820,044187,南電中信5B購01,,23.06
1150820,044246,佳能凱基59購01,,0.02
1150820,044251,晶豪科凱基5A購01,,14.20
1150820,044259,精成科凱基59購02,0.01,0.02
1150820,044260,康舒凱基5A購01,,1.05
1150820,044267,至上凱基59購01,,0.84
1150820,044268,至上凱基5A購01,0.56,0.63
1150820,044274,元金2X國票59購01,0.43,0.35
1150820,044277,創見國票59購03,,2.52
1150820,044292,華東國票59購02,,1.16
1150820,044295,中鋼群益5B購01,,0.65
1150820,044320,創見富邦5B購01,,2.25
1150820,044355,定穎控元大5B購02,0.32,0.40
1150820,044357,祥碩元大5A購01,0.58,0.61
1150820,044364,愛普元大59購02,,3.22
1150820,044378,創見中信59購01,,2.97
1150820,044379,世芯中信5B購03,,0.77
1150820,044381,神達中信5B購03,,0.06
1150820,044383,緯穎中信5B購01,1.00,0.78
1150820,044384,力積電中信59購01,,4.43
1150820,044398,南亞統一5B購01,8.55,9.30
1150820,044399,旺宏統一6B購03,2.89,3.13
1150820,044400,創見統一5C購03,,1.56
1150820,044401,創見統一65購02,,0.92
1150820,044402,緯穎統一6B購01,2.25,2.19
1150820,044403,力積電統一65購01,1.14,1.23
1150820,044404,力積電統一6B購01,,1.58
1150820,044405,至上統一6B購01,0.50,0.50
1150820,044421,勤誠富邦59購01,0.01,0.11
1150820,044443,建準元大59購02,,0.01
1150820,044517,智邦凱基59購03,,7.15
1150820,044533,神達凱基5B購01,0.30,0.38
1150820,044568,晶豪科群益5A購02,,5.10
1150820,044575,緯穎群益5B購01,0.89,0.89
1150820,044608,南亞統一6B購01,3.91,3.92
1150820,044609,金像電統一6B購01,1.37,1.29
1150820,044610,台光電統一6B購01,4.38,4.13
1150820,044611,建準統一6B購02,,0.29
1150820,044612,創見統一59購02,0.50,0.73
1150820,044613,創見統一6B購01,,0.87
1150820,044615,緯穎統一5B購02,,1.04
1150820,044616,力積電統一6B購02,1.21,1.35
1150820,044617,南茂統一5C購01,,1.70
1150820,044618,南茂統一5C購02,1.46,1.60
1150820,044619,金像電中信5B購04,,1.61
1150820,044621,臺股指中信59購08,,16.02
1150820,044625,鴻海永豐59購02,,0.29
1150820,044642,台灣50富邦65購01,,11.30
1150820,044644,創見富邦5B購02,1.06,1.20
1150820,044651,南電富邦59購01,,12.20
1150820,044665,定穎控群益59購01,,0.11
1150820,044707,定穎控國票59購01,,0.07
1150820,044712,力積電國票5B購01,9.45,10.25
1150820,044770,神達元大59購03,,0.02
1150820,044788,南亞統一6B購02,,4.81
1150820,044789,華新統一6B購01,0.44,0.48
1150820,044790,華新統一6B購02,0.53,0.52
1150820,044791,鴻海統一6B購01,0.27,0.31
1150820,044792,國巨統一5B購05,3.60,4.03
1150820,044793,國巨統一6B購02,2.13,2.35
1150820,044795,國巨統一6B購03,2.21,2.40
1150820,044796,台積電統一6B購01,1.29,1.34
1150820,044797,金像電統一5C購01,1.76,1.65
1150820,044798,金像電統一6B購02,1.45,1.42
1150820,044799,華新科統一6B購01,,3.06
1150820,044800,日電貿統一65購01,,1.44
1150820,044801,乙盛統一5C購01,,0.65
1150820,044802,台塑化統一6B購01,0.73,0.61
1150820,044803,愛普統一6B購01,2.15,1.92
1150820,044804,來億統一5B購01,,0.09
1150820,044816,元黃金中信5B購01,0.49,0.41
1150820,044821,台化中信5B購01,2.68,2.68
1150820,044822,國巨中信5B購02,,7.80
1150820,044830,華新富邦59購01,0.01,0.09
1150820,044842,上証2X凱基59購01,,0.05
1150820,044850,台積電凱基63購01,,9.10
1150820,044906,緯創元富5B購01,,17.56
1150820,044942,萬海元大5A購03,3.00,1.78
1150820,044944,晟銘電元大59購02,,0.06
1150820,044957,祥碩元大5A購02,,0.17
1150820,044960,康舒元大5B購01,0.48,0.57
1150820,044969,至上元大5B購01,0.49,0.51
1150820,044994,AES中信5B購01,0.03,0.03
1150820,045025,貿聯富邦5B購01,,1.28
1150820,045049,凱美國票59購01,,0.91
1150820,045082,台光電凱基5A購01,,42.00
1150820,045087,萬海凱基59購01,0.67,0.29
1150820,045104,東元元大5B購01,0.16,0.15
1150820,045105,光寶科元大5A購03,3.68,3.68
1150820,045120,華新科元大5B購01,,3.20
1150820,045122,萬海元大5A購04,1.08,0.61
1150820,045132,貿聯元大5B購01,2.30,2.74
1150820,045137,祥碩元大5A購03,0.68,0.69
1150820,045182,臺指反中信5B購01,,0.10
1150820,045188,華新科統一6B購02,2.11,2.31
1150820,045189,貿聯統一6B購01,0.85,0.83
1150820,045190,乙盛統一5C購02,,0.43
1150820,045191,滬深2X凱基61購01,,0.26
1150820,045197,東元凱基5B購01,0.30,0.31
1150820,045224,金像電兆豐5B購01,,5.72
1150820,04523U,台積電統一59售02,,0.01
1150820,045258,光寶科元大5A購04,,3.15
1150820,045264,鴻準元大59購01,0.36,0.43
1150820,045278,萬海元大5A購05,2.79,1.25
1150820,045307,愛普元大5B購01,,2.46
1150820,045318,智邦中信5B購01,,4.24
1150820,045320,愛普中信5B購01,,3.20
1150820,045356,昇貿凱基59購01,,0.32
1150820,045360,神達凱基59購02,,0.14
1150820,045414,T50反1元大62購03,,0.17
1150820,045431,台光電元大5B購05,12.70,12.70
1150820,045439,萬海元大5B購01,2.67,1.78
1150820,045450,世芯元大5B購01,1.49,1.28
1150820,045454,祥碩元大5B購01,,2.13
1150820,045458,旭隼元大5B購01,0.33,0.39
1150820,045460,愛普元大5B購02,,6.54
1150820,045463,至上元大59購02,0.70,0.79
1150820,045486,國喬國票58購01,,0.01
1150820,045513,旭隼國票58購01,,0.03
1150820,045565,晟銘電凱基59購01,,0.07
1150820,045573,旭隼凱基5A購01,0.25,0.27
1150820,045575,緯穎凱基59購02,,5.45
1150820,045589,金寶元大5B購01,,4.11
1150820,045621,強茂元大5B購01,2.76,2.73
1150820,045623,奇鋐元大59購03,5.75,6.09
1150820,045624,欣興元大59購01,,48.10
1150820,045631,世芯元大5B購02,0.77,0.87
1150820,045633,祥碩元大5B購02,,0.88
1150820,045640,兆聯元大5B購01,,4.72
1150820,045679,至上國票58購01,0.84,2.02
1150820,045709,金寶凱基58購01,,6.46
1150820,045746,祥碩凱基5B購01,,1.27
1150820,045780,奇鋐元大59購04,,5.28
1150820,045797,愛普元大59購03,,4.13
1150820,045824,惠特群益59購01,,1.27
1150820,045827,兆聯群益59購01,,4.17
1150820,045830,道瓊銀中信5B購01,,0.68
1150820,045831,奇鋐中信59購01,,13.78
1150820,045855,奇鋐凱基5B購01,,11.55
1150820,045864,緯穎凱基59購03,,5.60
1150820,045878,道瓊反國票58購01,,0.01
1150820,045885,富世達國票58購02,,0.45
1150820,045897,鴻海富邦59購01,,0.48
1150820,045943,奇鋐元大59購05,,9.90
1150820,045962,元黃金中信5B購02,0.68,0.54
1150820,045967,興勤中信58購01,,1.09
1150820,045970,世芯中信5B購04,,0.63
1150820,046001,玉山金國票58購01,,0.09
1150820,046024,臺指反富邦6B購01,,0.06
1150820,046072,緯創凱基58購02,,2.58
1150820,046142,聯鈞元大58購05,,4.85
1150820,046153,旭隼元大59購01,0.40,0.40
1150820,046167,元黃金中信5B購03,,0.48
1150820,046168,金像電中信5B購06,2.21,2.29
1150820,046174,力積電中信5B購01,6.70,7.72
1150820,046188,緯穎永豐58購03,,2.73
1150820,046192,台泥兆豐5B購01,1.96,1.78
1150820,046266,祥碩群益59購01,,1.05
1150820,046270,元金反元大59購01,,0.27
1150820,046307,旭隼元大59購02,0.23,0.25
1150820,046338,大立光凱基58購01,,24.50
1150820,046341,世芯凱基5B購01,2.34,3.00
1150820,046348,力積電凱基5B購01,8.35,8.35
1150820,046351,寶成凱基58購01,,0.07
1150820,046364,奇鋐永豐5B購02,,7.08
1150820,046370,緯穎永豐5C購01,5.55,5.50
1150820,046375,聯發科中信5B購03,,6.38
1150820,046379,緯穎中信5B購02,,0.99
1150820,046381,貿聯兆豐5B購02,,2.12
1150820,046382,瀚宇博兆豐5B購01,0.08,0.14
1150820,046385,金像電富邦58購01,,0.76
1150820,046401,世芯凱基5B購02,,4.95
1150820,046402,旭隼凱基58購03,,0.01
1150820,046417,智原元富58購01,0.40,0.68
1150820,046418,智原元富58購02,,0.18
1150820,046422,緯創元富5B購02,,8.89
1150820,046436,精成科元富5B購01,,0.39
1150820,046448,S&P反1國票58購01,,0.01
1150820,046517,旺宏元大59購03,,15.25
1150820,046545,旭隼元大5B購02,,0.07
1150820,046561,鴻海永豐5C購02,0.85,0.96
1150820,046564,佳能永豐59購01,0.04,0.11
1150820,046571,世芯永豐59購02,,0.49
1150820,046572,世芯永豐59購03,,0.52
1150820,046573,世芯永豐5A購02,0.46,0.72
1150820,046579,旺宏中信5A購01,,15.29
1150820,046580,金像電中信5C購01,,0.79
1150820,046581,聯發科中信5C購01,,10.50
1150820,046582,欣興中信59購03,,28.20
1150820,046592,京元電凱基5A購01,,1.81
1150820,046612,世芯凱基5C購01,1.39,1.64
1150820,046614,祥碩凱基5A購01,,0.62
1150820,046630,緯穎兆豐5C購01,2.62,2.50
1150820,046662,楠梓電元大5A購01,0.40,0.55
1150820,046714,世芯國票59購01,0.07,0.36
1150820,046778,勤誠元富59購01,,0.92
1150820,046784,AES中信5B購02,,0.03
1150820,046785,富世達中信5A購01,,0.14
1150820,046786,台虹中信59購01,13.70,11.19
1150820,046796,奇鋐永豐5C購02,10.30,9.30
1150820,046801,緯穎永豐59購01,,1.41
1150820,046802,緯穎永豐5A購01,2.61,2.56
1150820,046805,南亞兆豐5C購01,,13.90
1150820,046810,欣興兆豐5C購01,40.70,37.13
1150820,046812,台達電富邦5C購01,,3.82
1150820,046813,鴻海富邦5C購01,,0.85
1150820,046814,台積電富邦5C購01,,5.92
1150820,046816,聯發科富邦5C購01,,22.00
1150820,046824,台達電凱基5A購01,,12.50
1150820,046850,T50反1元富5C購02,,0.21
1150820,046853,楠梓電元富59購02,0.75,1.15
1150820,046855,鴻海元富5C購01,0.58,0.96
1150820,046913,鴻海元大59購01,,1.81
1150820,046914,鴻海元大5C購01,1.33,1.71
1150820,046921,智邦元大5A購04,,4.34
1150820,046939,世芯元大59購01,,0.55
1150820,046940,貿聯元大5C購01,0.92,1.09
1150820,046944,瀚宇博元大5C購01,,0.04
1150820,046949,力積電元大59購03,,2.38
1150820,046959,T50正2中信66購01,,4.58
1150820,046961,南亞中信5C購01,,21.47
1150820,046967,世芯中信5C購01,,0.45
1150820,046971,緯穎中信5C購01,,1.28
1150820,046981,AES永豐59購01,,0.01
1150820,046994,國企2X凱基59購01,0.02,0.02
1150820,047015,祥碩凱基5A購02,0.99,0.99
1150820,047036,聯發科元富67購01,,8.72
1150820,047041,AES元富59購03,,0.04
1150820,047042,台虹元富59購02,16.00,14.90
1150820,047045,川湖元大59購01,,53.33
1150820,047046,川湖元大5B購01,,14.11
1150820,047049,鴻海元大59購02,,1.59
1150820,047050,鴻海元大5C購02,,0.78
1150820,047069,欣興元大5C購02,,17.57
1150820,047072,世芯元大59購02,,0.30
1150820,047073,貿聯元大5C購02,0.93,0.90
1150820,047074,愛普元大59購05,,4.80
1150820,047204,台達電中信5C購02,,2.15
1150820,047205,鴻海中信5C購01,,0.48
1150820,047209,京元電中信5C購02,,0.74
1150820,047219,鴻海富邦5C購02,,0.87
1150820,047223,全新富邦59購01,12.70,11.59
1150820,047224,長榮富邦59購01,,0.45
1150820,047237,緯穎富邦59購02,,1.26
1150820,047277,奇鋐凱基5A購02,,14.50
1150820,047279,貿聯凱基5A購01,,3.23
1150820,047281,緯穎凱基59購04,,2.66
1150820,047294,華新元大59購01,,1.35
1150820,047295,川湖元大59購02,,24.23
1150820,047312,京元電元大59購04,,0.18
1150820,047322,緯創元大5C購01,1.94,2.44
1150820,047326,世芯元大59購03,0.02,0.25
1150820,047331,緯穎元大59購04,0.62,0.77
1150820,047341,南亞群益59購01,,28.95
1150820,047358,台積電永豐6C購01,59.00,61.06
1150820,047371,鴻海中信5C購02,,0.60
1150820,047376,亞翔中信5C購02,,1.67
1150820,047386,德律元富59購01,10.30,10.87
1150820,047421,T50正2富邦66購01,,5.70
1150820,047423,南亞富邦59購02,,8.80
1150820,047425,台達電富邦5C購03,5.85,5.89
1150820,047431,台積電富邦5C購04,,6.47
1150820,047464,南亞元大59購04,,7.92
1150820,047466,南亞元大5B購02,,6.52
1150820,047482,京元電元大59購05,,0.13
1150820,047491,緯創元大5A購01,0.31,0.62
1150820,047502,亞翔元大59購01,1.97,2.68
1150820,047504,緯穎元大59購05,0.61,0.75
1150820,047518,南亞凱基59購03,15.80,15.90
1150820,047519,華新凱基5A購01,,2.22
1150820,047520,川湖凱基5B購01,,44.75
1150820,047521,光寶科凱基59購02,,8.95
1150820,047531,長榮航凱基5A購01,0.93,1.49
1150820,047544,jpp凱基59購01,,0.22
1150820,047548,緯穎凱基59購05,1.46,1.73
1150820,047553,台塑中信5C購01,,4.36
1150820,047581,台積電富邦5C購05,4.84,4.84
1150820,047585,滬深2X元富5C購01,1.51,1.97
1150820,047611,惠特國票5A購01,,0.36
1150820,047619,T50正2凱基65購01,,8.65
1150820,047636,世芯凱基59購01,,0.87
1150820,047670,長榮航群益59購01,,0.36
1150820,047671,慧洋群益59購01,,0.21
1150820,047685,南亞元大5A購03,,12.20
1150820,047686,南亞元大5B購03,,5.66
1150820,047690,川湖元大59購04,,26.85
1150820,047700,漢唐元大5C購01,,2.19
1150820,047701,建準元大59購04,,0.08
1150820,047702,京元電元大5A購02,0.25,0.53
1150820,047714,緯創元大5A購02,0.53,0.81
1150820,047716,世芯元大5C購01,,1.83
1150820,047718,亞翔元大59購02,2.54,3.22
1150820,047752,欣興中信5B購01,,17.80
1150820,047754,緯穎中信5C購02,,1.79
1150820,047756,南電中信5C購01,,9.41
1150820,047757,南電中信5C購02,,12.80
1150820,047758,至上中信5A購01,0.38,0.40
1150820,047767,台達電元富5C購01,11.50,11.00
1150820,047771,華航元富59購01,0.33,0.58
1150820,047792,聯發科富邦5C購02,,18.39
1150820,047815,緯創凱基59購03,,0.97
1150820,047826,至上凱基5A購02,1.93,2.18
1150820,047851,臺指反元大5C購02,,0.01
1150820,047852,台塑元大59購01,,1.24
1150820,047870,金像電元大5C購01,,3.56
1150820,047872,京元電元大5A購03,,0.32
1150820,047873,強茂元大5B購02,2.45,2.44
1150820,047881,緯創元大5B購01,0.40,0.62
1150820,047884,世芯元大5C購02,,3.10
1150820,047887,jpp元大5A購02,0.03,0.11
1150820,047888,瀚宇博元大59購01,,0.03
1150820,047908,國泰金群益5A購01,,7.75
1150820,047924,裕民中信5A購01,0.23,0.23
1150820,047938,AES永豐5C購01,,0.23
1150820,047943,A50正2元富5C購01,0.55,0.72
1150820,047953,國巨國票59購01,,29.00
1150820,047972,台塑凱基59購01,,2.01
1150820,047988,慧洋凱基5A購01,4.39,3.44
1150820,048002,南亞元大5C購02,,9.65
1150820,048004,中砂元大59購03,,3.70
1150820,048008,川湖元大5C購01,19.90,16.60
1150820,048020,金像電元大5C購02,,1.48
1150820,048030,緯創元大5B購02,0.63,1.08
1150820,048034,貿聯元大59購03,,2.16
1150820,048037,亞翔元大59購03,,3.14
1150820,048039,緯穎元大5C購01,,2.04
1150820,048051,緯創富邦5C購01,,1.15
1150820,048094,鼎炫統一5C購01,,0.17
1150820,048095,鼎炫統一6C購01,0.26,0.26
1150820,048096,T50反1中信5C購02,,0.16
1150820,048097,道瓊反中信5C購01,,0.26
1150820,048099,鴻海中信5C購03,0.68,0.97
1150820,048100,國巨中信59購05,,6.17
1150820,048102,京元電中信59購03,0.62,0.86
1150820,048121,欣興永豐5A購02,,56.00
1150820,048134,材料元富59購02,,0.40
1150820,048156,中砂凱基59購01,,13.40
1150820,048177,緯創凱基5C購02,,2.71
1150820,048180,定穎控凱基59購01,,0.04
1150820,048185,緯穎凱基59購06,2.62,2.77
1150820,048218,川湖元大5B購03,,11.10
1150820,048231,京元電元大5C購01,0.58,0.60
1150820,048239,日電貿元大59購01,,2.24
1150820,048244,貿聯元大59購04,,2.07
1150820,048248,瀚宇博元大5A購01,0.32,0.24
1150820,048257,AES元大59購05,0.01,0.06
1150820,048261,南茂元大5C購01,,4.86
1150820,048264,國巨中信5C購03,,4.96
1150820,048268,威盛中信5C購01,,0.42
1150820,048273,台虹中信59購02,9.05,7.26
1150820,048302,鴻海凱基63購02,,3.50
1150820,048308,京元電凱基5C購01,,1.19
1150820,048318,瀚宇博凱基5A購01,,0.12
1150820,048320,愛普凱基5A購01,,13.07
1150820,048325,道瓊2X元大59購01,,0.51
1150820,048333,金像電元大5B購01,,2.06
1150820,048337,中航元大59購01,,0.37
1150820,048338,慧洋元大5C購01,,3.35
1150820,048347,貿聯元大5A購01,1.91,2.09
1150820,048349,定穎控元大5B購03,,0.70
1150820,048352,瀚宇博元大5A購02,,0.06
1150820,048356,緯穎元大5C購02,3.04,3.14
1150820,048360,兆聯元大5A購01,,1.68
1150820,048363,台虹元大5A購01,10.50,7.54
1150820,048371,鴻海富邦5C購03,,1.30
1150820,048378,大立光富邦59購01,,10.77
1150820,048380,世芯富邦59購01,,0.58
1150820,048383,達興富邦59購01,,0.10
1150820,048387,AES富邦59購01,,0.11
1150820,048394,台達電元富5C購03,,25.10
1150820,048430,毅嘉群益5A購01,,0.09
1150820,048451,台虹統一6C購01,2.16,1.82
1150820,048452,台積電中信5C購01,,2.25
1150820,048466,台灣50元富58購01,,58.00
1150820,048469,長榮永豐59購01,,2.23
1150820,048474,鴻海元富58購01,0.23,0.84
1150820,048479,世芯元富58購01,0.64,1.36
1150820,048493,鼎炫永豐5A購01,,0.01
1150820,048494,道瓊銀富邦5C購01,,0.20
1150820,048519,鴻海凱基5C購03,2.61,3.56
1150820,048530,中航凱基59購01,,0.33
1150820,048540,兆聯凱基5A購01,,5.19
1150820,048557,金像電元大5B購02,2.12,2.28
1150820,048567,德律元大59購03,,4.41
1150820,048569,緯創元大5A購03,2.08,2.55
1150820,048572,嘉澤元大59購01,,1.07
1150820,048574,貿聯元大5A購02,,1.56
1150820,048576,定穎控元大5B購04,,0.14
1150820,048578,聯茂元大59購01,,7.97
1150820,048581,緯穎元大5C購03,,2.04
1150820,048587,台虹元大5A購02,6.35,4.58
1150820,048588,台虹元大5B購01,,4.28
1150820,048630,台玻元富59購01,,3.06
1150820,048631,台玻元富5C購01,3.82,3.55
1150820,048650,毅嘉國票59購01,,0.07
1150820,048673,T50正2中信5C購01,,8.85
1150820,048674,香港2X中信5C購01,,0.30
1150820,048675,道瓊銀中信5C購01,0.14,0.17
1150820,048676,台達電中信5C購05,,2.50
1150820,048680,亞翔中信5B購03,,1.62
1150820,048682,緯穎中信5C購03,,3.40
1150820,048697,AES永豐59購02,0.02,0.01
1150820,048736,T50正2元大5B購02,,12.50
1150820,048740,東元元大5B購02,0.47,0.14
1150820,048774,眾達元大59購01,,0.08
1150820,048777,聯茂元大59購02,,7.42
1150820,048792,東元富邦59購01,,0.02
1150820,048797,道瓊銀群益5A購01,1.73,1.45
1150820,048803,台積電群益5C購05,5.40,6.00
1150820,048808,漢唐群益5A購01,0.46,0.76
1150820,048815,洋基群益59購01,,0.31
1150820,048819,臺股指群益59購12,,15.20
1150820,048845,欣興凱基5C購02,,34.66
1150820,048846,緯創凱基5C購03,,3.57
1150820,048849,貿聯凱基5B購02,3.68,3.95
1150820,048852,旭隼凱基5B購01,0.91,0.93
1150820,048859,台積電中信5C購03,,3.13
1150820,048861,世芯中信5C購02,,0.84
1150820,048862,緯穎中信5C購04,,2.22
1150820,048870,川湖富邦5C購01,,14.62
1150820,048891,道瓊銀元富5C購01,,0.88
1150820,048923,川湖凱基5B購02,,20.83
1150820,048929,台積電凱基6C購01,,13.05
1150820,048932,漢唐凱基59購01,0.89,1.54
1150820,048965,台塑元大59購02,,3.56
1150820,048966,南亞元大59購06,,8.35
1150820,048968,中砂元大5C購01,,3.00
1150820,048987,華碩元富58購01,,5.88
1150820,048992,群創元富58購01,,23.75
1150820,048997,德律元大5A購01,4.08,4.56
1150820,049020,漢唐群益5A購02,0.80,1.35
1150820,049040,臺股指群益62購01,48.00,46.63
1150820,049042,滬深2X中信5C購01,0.44,0.60
1150820,049044,國巨中信5C購04,5.05,5.05
1150820,049050,臺股指中信5C購01,,11.50
1150820,049053,祥碩兆豐5C購01,,1.50
1150820,049054,台塑富邦59購01,,1.35
1150820,049056,鴻海富邦5C購04,,2.07
1150820,049075,緯穎永豐59購02,,5.34
1150820,049106,鴻海元大59購03,,1.94
1150820,049108,台積電元大59購03,,4.39
1150820,049129,日電貿元大5C購01,,4.13
1150820,049133,世芯元大5C購03,1.78,1.98
1150820,049149,兆聯元大5B購02,,2.27
1150820,049184,台積電凱基6C購02,,11.20
1150820,049204,洋基凱基59購01,0.24,0.60
1150820,049215,T50正2中信59購02,4.18,4.27
1150820,049216,SGBR2X中信5C購01,,8.92
1150820,049218,鴻海中信5A購05,,0.90
1150820,049224,聯鈞中信5B購01,,2.40
1150820,049227,兆聯中信59購01,,1.45
1150820,049228,至上中信5A購02,,0.72
1150820,049235,台積電永豐6C購02,,23.80
1150820,049256,漢唐凱基5C購01,,2.23
1150820,049263,奇鋐凱基5B購03,,12.19
1150820,049264,緯創凱基5A購02,2.92,4.18
1150820,049268,聯鈞凱基59購01,,14.98
1150820,049270,貿聯凱基5A購02,4.46,6.73
1150820,049278,華通兆豐5A購01,,4.75
1150820,049279,聯發科兆豐5A購01,,18.10
1150820,049286,漢唐富邦59購01,,0.52
1150820,049288,裕民富邦59購01,0.29,0.26
1150820,049301,精成科富邦59購01,,0.09
1150820,049303,至上富邦5A購01,1.52,1.54
1150820,049309,華碩元富5C購01,,9.13
1150820,049323,汎銓元富59購01,,15.10
1150820,049325,道瓊銀國票5C購01,0.46,0.44
1150820,049354,中信金群益5A購01,,3.41
1150820,049365,潤泰新群益5A購01,0.59,0.39
1150820,049367,元金反元大5C購01,,0.35
1150820,049379,鴻海元大59購04,,1.95
1150820,049381,台積電元大59購04,3.95,4.19
1150820,049397,德律元大5B購01,,3.27
1150820,049400,日電貿元大5C購02,,3.29
1150820,049402,昇貿元大59購03,,0.09
1150820,049414,兆聯元大5B購03,,1.61
1150820,049420,美費半元富59購01,,22.70
1150820,049429,陽明元富59購02,,0.01
1150820,049432,漢唐中信5A購01,0.80,0.89
1150820,049448,冠德永豐58購01,,0.15
1150820,049451,世芯永豐59購04,,2.45
1150820,049454,亞翔永豐58購02,,1.07
1150820,049456,佳必琪永豐58購01,7.00,7.10
1150820,049460,富世達永豐59購01,,13.85
1150820,049462,華泰兆豐5C購01,,0.22
1150820,049463,燿華兆豐5C購01,,3.41
1150820,049464,裕民兆豐5C購01,,1.05
1150820,049466,光寶科富邦5C購01,4.05,4.22
1150820,049484,國巨凱基5C購02,,32.20
1150820,049494,中航凱基59購02,,0.42
1150820,049500,亞光凱基59購03,0.37,0.46
1150820,049501,德律凱基59購02,,6.90
1150820,049505,聯鈞凱基58購03,14.60,11.02
1150820,049507,神達凱基5A購01,,2.03
1150820,049525,長華元富5C購01,,2.53
1150820,049541,聯電國泰59購01,53.00,57.70
1150820,049554,聯發科群益5A購01,,41.70
1150820,049569,中砂元大59購04,,3.97
1150820,049580,台積電元大59購05,3.96,4.30
1150820,049584,萬海元富59購01,2.27,0.75
1150820,049595,宏達電元大5C購01,0.62,0.61
1150820,049611,世芯元大59購04,,1.20
1150820,049620,道瓊銀中信5C購02,,0.11
1150820,049621,川湖中信5A購01,,15.78
1150820,049622,台達電中信5C購07,,3.75
1150820,049623,鴻海中信5C購04,1.20,1.53
1150820,049627,欣興中信5B購02,,16.76
1150820,049629,材料中信5C購01,0.18,0.20
1150820,049636,鴻海永豐64購01,,1.62
1150820,049637,鴻海永豐65購01,,1.49
1150820,049638,鴻海永豐66購01,,3.95
1150820,049649,長榮太永豐5C購01,1.06,1.34
1150820,049650,晟銘電永豐5C購01,0.06,0.10
1150820,049652,世芯永豐64購01,,3.08
1150820,049653,神達永豐59購02,0.56,0.71
1150820,049656,富世達永豐58購01,0.49,1.14
1150820,049658,中鋼台新58購01,,0.09
1150820,049673,南亞凱基5C購02,38.00,38.75
1150820,049676,光寶科凱基5A購01,,8.07
1150820,049677,聯電凱基59購01,,47.65
1150820,049683,智邦凱基5C購01,6.00,7.17
1150820,049687,聯發科凱基59購05,,45.20
1150820,049692,德律凱基58購01,,4.33
1150820,049693,緯創凱基61購01,,3.00
1150820,049694,世芯凱基58購04,,0.31
1150820,049710,中砂元大59購05,,4.80
1150820,049713,台玻元大5C購02,2.38,2.25
1150820,049742,日電貿元大58購02,,4.21
1150820,049747,瀚宇博元大5C購02,0.19,0.25
1150820,049759,兆聯元大59購01,,1.56
1150820,049787,鴻海元富5C購02,2.80,3.57
1150820,049798,華固國票59購01,,0.04
1150820,049800,台新金國票58購01,9.00,9.30
1150820,049808,緯穎國票58購02,4.94,4.94
1150820,049823,洋基兆豐58購01,0.23,0.44
1150820,049831,台虹富邦59購01,10.30,10.30
1150820,049832,T50正2中信66購02,,3.37
1150820,049833,T50反1中信66購01,0.09,0.10
1150820,049834,道瓊銀中信66購01,0.43,0.37
1150820,049835,台達電中信5C購08,,2.21
1150820,049837,國巨中信5C購05,,7.15
1150820,049842,慧洋中信5C購01,1.46,1.17
1150820,049847,力積電中信59購02,,1.69
1150820,049848,力積電中信5C購01,2.74,3.13
1150820,049849,AES中信5C購01,,0.16
1150820,049850,台虹中信5C購01,7.35,7.17
1150820,049851,東元永豐5C購01,,0.20
1150820,049859,仁寶永豐58購01,4.35,4.17
1150820,049862,長榮永豐58購02,,8.36
1150820,049869,晟銘電永豐59購01,,0.02
1150820,049874,晟銘電統一59購01,,0.04
1150820,049875,晟銘電統一59購02,,0.01
1150820,049881,智原統一59購01,,0.03
1150820,049886,力積電永豐59購01,2.10,2.49
1150820,049888,采鈺永豐58購01,,7.65
1150820,049894,元黃金凱基5C購01,0.34,0.35
1150820,049899,台玻凱基5C購01,,3.34
1150820,049900,川湖凱基5B購03,74.50,59.28
1150820,049903,鴻海凱基6C購01,3.22,3.90
1150820,049904,金像電凱基5B購01,5.40,5.30
1150820,049906,漢唐凱基58購03,,2.28
1150820,049910,萬海凱基5A購01,7.00,3.63
1150820,049911,富邦金凱基59購01,,1.80
1150820,049929,兆聯凱基5A購02,2.52,3.41
1150820,049930,台虹凱基58購02,,23.95
1150820,049937,東元元大5C購01,0.23,0.24
1150820,049939,台玻元大5A購02,2.30,2.14
1150820,049941,台玻元大5C購03,1.79,1.65
1150820,049966,志聖元大5C購01,,11.00
1150820,049978,力積電元大5B購03,,2.25
1150820,049983,南茂元大5B購01,,4.15
1150820,049998,力成群益58購01,,4.53
1150820,050002,力積電群益58購02,,2.35
1150820,050007,元金2X元富5C購01,0.24,0.15
1150820,050014,國巨元富5C購02,28.50,29.05
1150820,050039,世芯國票58購03,,1.44
1150820,050041,同欣電國票58購01,,0.16
1150820,050050,道瓊銀永豐59購01,,0.09
1150820,050056,台積電永豐5C購02,,5.93
1150820,050059,全新永豐58購02,,12.32
1150820,050060,亞航永豐58購01,,0.08
1150820,050064,海華永豐58購01,,0.08
1150820,050068,帆宣永豐59購01,,10.25
1150820,050071,昇陽半永豐58購02,1.69,1.93
1150820,050072,大量兆豐58購01,,12.20
1150820,050073,大量兆豐58購02,,10.08
1150820,050074,統一富邦59購01,0.20,0.16
1150820,050076,國泰金富邦58購01,,1.14
1150820,050077,凱基金富邦58購01,,5.10
1150820,050080,和碩富邦59購01,,1.44
1150820,050081,中租富邦59購01,0.27,0.34
1150820,050085,道瓊銀元富5C購03,1.35,0.97
1150820,050092,台玻中信5C購01,1.78,1.51
1150820,050096,聯發科中信5C購05,,12.80
1150820,050097,全新中信5C購01,,6.06
1150820,050103,力積電中信5A購04,1.31,1.67
1150820,050108,臺指反國票63購01,,0.07
1150820,050111,長興國票58購01,,7.03
1150820,050123,大量統一6C購01,,3.33
1150820,050145,道瓊銀元大59購01,,0.06
1150820,050146,台塑元大5A購01,,4.96
1150820,050148,中砂元大59購06,,3.53
1150820,050161,毅嘉元大5C購02,,0.38
1150820,050170,亞光元大5C購01,0.70,0.77
1150820,050191,勤誠元大5C購01,,0.77
1150820,050192,上証2X群益5A購01,,0.10
1150820,050195,川湖群益5B購02,17.90,13.05
1150820,050198,鴻海群益5C購05,2.42,3.36
1150820,050206,富邦金群益5A購02,,2.63
1150820,050213,龍德船群益58購02,,0.21
1150820,050214,富世達群益59購01,,0.78
1150820,050228,台積電凱基58購11,11.60,14.16
1150820,050241,神達凱基58購03,,0.12
1150820,050244,力成凱基59購01,,6.90
1150820,050246,緯穎凱基5C購01,7.10,7.39
1150820,050252,大立光中信59購01,10.90,9.34
1150820,050253,愛普中信5C購02,5.10,4.86
1150820,050254,元黃金永豐58購01,,0.02
1150820,050258,信錦永豐58購01,,0.56
1150820,050260,華新永豐58購01,,2.67
1150820,050265,智邦永豐58購03,,4.04
1150820,050268,陽明永豐58購01,1.41,0.95
1150820,050269,晶豪科永豐5C購02,,5.40
1150820,050272,偉訓永豐58購01,,0.76
1150820,050278,聯鈞永豐59購01,,4.27
1150820,050279,保瑞永豐58購01,,0.03
1150820,050280,兆聯永豐59購01,,1.83
1150820,050282,至上永豐58購02,10.10,8.75
1150820,050284,毅嘉統一64購01,,0.19
1150820,050294,元金2X國票58購01,,0.01
1150820,050308,雷虎統一59購01,,4.72
1150820,050309,雷虎統一59購02,2.98,3.00
1150820,050315,雷虎統一59購03,2.72,2.63
1150820,050319,長興凱基58購01,,10.30
1150820,050321,鴻海凱基6C購02,3.76,4.33
1150820,050322,海悅凱基58購01,,0.20
1150820,050331,台新金凱基58購01,,15.45
1150820,050332,晶豪科凱基59購02,,20.59
1150820,050333,大立光凱基58購02,,36.57
1150820,050341,亞翔凱基59購02,,4.30
1150820,050347,道瓊銀富邦63購01,0.36,0.29
1150820,050351,鴻海富邦5C購05,,2.28
1150820,050354,智邦富邦58購05,,3.96
1150820,050355,鴻準富邦58購01,,0.35
1150820,050358,瑞昱富邦59購01,,2.06
1150820,050359,漢唐富邦58購04,,0.73
1150820,050363,亞航富邦58購01,0.12,0.06
1150820,050365,中信金富邦58購01,,0.74
1150820,050367,緯創富邦5C購02,,1.94
1150820,050368,嘉澤富邦59購01,0.65,1.48
1150820,050369,上緯控富邦58購01,,0.32
1150820,050371,臻鼎富邦59購01,11.10,11.10
1150820,050376,台塑化富邦59購01,2.10,1.79
1150820,050378,富世達富邦58購03,,0.03
1150820,050379,昇陽半富邦59購02,,1.93
1150820,050407,台塑元大5A購02,4.17,4.38
1150820,050459,創意元富5C購02,,31.92
1150820,050464,華新國票58購02,,0.17
1150820,050485,晶豪科統一65購01,1.49,1.53
1150820,050487,道瓊銀中信5C購03,,0.04
1150820,050489,金像電中信5C購05,1.11,1.04
1150820,050493,奇鋐中信58購02,,6.29
1150820,050494,健鼎中信58購01,2.04,2.32
1150820,050495,創意中信59購03,,5.06
1150820,050496,創意中信5A購03,,6.55
1150820,050497,創意中信5C購01,,4.67
1150820,050498,創意中信5C購02,5.00,4.94
1150820,050499,聯鈞中信5B購02,,2.34
1150820,050503,緯穎中信5A購05,3.21,1.84
1150820,050506,華新永豐58購02,0.08,0.41
1150820,050507,華泰永豐58購01,,0.03
1150820,050508,台積電永豐5C購03,7.90,8.35
1150820,050510,金像電永豐58購04,,7.44
1150820,050518,昇貿永豐58購01,0.08,0.40
1150820,050520,創意永豐58購02,,29.45
1150820,050521,創意永豐58購03,,25.90
1150820,050522,創意永豐59購01,,61.25
1150820,050523,貿聯永豐58購02,,5.62
1150820,050526,達麗永豐58購01,,0.06
1150820,050530,緯穎永豐5B購01,,3.16
1150820,050531,力積電永豐5C購03,,3.00
1150820,050533,至上永豐58購03,,1.56
1150820,050534,元金2X富邦5C購01,,0.06
1150820,050535,光寶科富邦5C購02,,3.76
1150820,050538,緯穎富邦5C購01,,2.01
1150820,050541,道瓊銀凱基5C購01,,0.35
1150820,050542,道瓊銅凱基5A購01,,0.68
1150820,050559,緯創凱基5A購03,,1.48
1150820,050563,創意凱基5A購01,,22.20
1150820,050564,創意凱基5C購01,,17.86
1150820,050565,創意凱基63購01,,17.80
1150820,050567,智易凱基58購01,,0.35
1150820,050569,力成凱基59購02,,4.34
1150820,050570,旭隼凱基59購01,,1.48
1150820,050575,勤誠凱基5C購01,0.92,1.65
1150820,050577,中鋼群益5A購01,,0.13
1150820,050582,群光群益5C購01,,0.26
1150820,050586,晶豪科群益5A購03,,3.83
1150820,050587,晶豪科群益63購01,,4.71
1150820,050590,昇貿群益58購03,0.07,0.07
1150820,050628,毅嘉元大5C購03,0.14,0.17
1150820,050658,台玻中信59購01,,0.85
1150820,050659,大立光中信61購01,5.95,4.33
1150820,050660,聯詠中信5A購01,,2.39
1150820,050662,群創中信59購01,26.00,28.40
1150820,050666,鴻海台新59購01,,1.58
1150820,050677,道瓊銀凱基61購01,,0.15
1150820,050682,中鋼凱基5A購01,,0.48
1150820,050686,漢唐凱基59購02,,4.09
1150820,050687,友達凱基59購01,,10.40
1150820,050692,晶豪科凱基5B購01,,19.10
1150820,050701,達麗凱基59購01,,0.10
1150820,050702,力成凱基59購03,,6.09
1150820,050707,緯穎凱基5B購03,,4.80
1150820,050709,兆聯凱基5A購03,,4.73
1150820,050721,創意統一65購01,3.15,2.77
1150820,050723,台塑富邦61購01,,2.64
1150820,050727,金像電富邦5A購01,1.35,1.33
1150820,050729,緯穎富邦61購01,,1.61
1150820,050731,南茂富邦61購01,3.34,3.01
1150820,050762,台積電元富71購01,,15.60
1150820,050767,金像電元富61購01,8.40,7.68
1150820,050773,漢唐元富61購01,,9.69
1150820,050781,創意元富61購02,,15.90
1150820,050785,牧德元富5A購01,,3.01
1150820,050789,富世達元富61購01,1.87,1.54
1150820,050791,潤泰新元富5A購01,0.50,0.59
1150820,050792,潤泰新元富61購01,1.15,1.05
1150820,050795,道瓊銅永豐5A購01,,0.29
1150820,050799,群光永豐59購01,,0.17
1150820,050800,毅嘉永豐5B購01,,0.24
1150820,050803,群創永豐59購01,24.70,28.30
1150820,050804,神達永豐61購01,0.85,0.96
1150820,050831,毅嘉元大5B購01,,0.09
1150820,050835,所羅門統一59購01,,0.24
1150820,050836,所羅門統一59購02,0.10,0.11
1150820,050837,所羅門統一59購03,,0.16
1150820,050865,佳世達群益59購01,,0.18
1150820,050868,揚博群益59購01,1.00,2.79
1150820,050869,豐達科群益5B購01,0.63,0.68
1150820,050878,達麗群益59購01,,0.07
1150820,050879,復盛群益5B購01,,0.88
1150820,050880,連加群益5B購01,0.20,0.20
1150820,050881,和大統一64購01,,0.28
1150820,050883,道瓊銀中信61購02,0.13,0.14
1150820,050884,第一銅中信5A購01,,0.01
1150820,050889,大立光中信5A購01,7.90,4.82
1150820,050891,群創中信59購02,24.10,26.00
1150820,050894,道瓊銀永豐5A購01,,0.01
1150820,050895,川湖永豐59購02,,14.98
1150820,050900,長榮永豐5A購01,2.89,1.43
1150820,050901,奇鋐永豐61購01,,5.49
1150820,050902,群創永豐59購02,22.60,25.35
1150820,050903,群創永豐5B購01,22.90,24.02
1150820,050908,力積電兆豐59購01,,3.08
1150820,050909,富世達兆豐59購01,,0.49
1150820,050912,T50反1富邦67購01,,0.04
1150820,050916,力成富邦61購01,,2.37
1150820,050926,世芯元富59購01,,2.35
1150820,050992,友達群益61購01,,6.70
1150820,050996,揚博群益59購02,,2.17
1150820,051000,群創群益5A購01,,27.15
1150820,051012,科妍元富61購01,0.21,0.23
1150820,051019,世芯元富5A購01,,1.33
1150820,051020,精銳元富61購01,,0.24
1150820,051027,可寧衛元富61購01,0.70,0.70
1150820,051030,元金2X凱基5B購01,,0.21
1150820,051031,道瓊銀凱基5B購02,0.29,0.26
1150820,051032,道瓊銅凱基5B購01,0.41,0.61
1150820,051053,道瓊銀國票5A購02,,0.03
1150820,051056,儒鴻國票59購01,,0.02
1150820,051058,海悅國票59購01,0.33,0.33
1150820,051059,海悅國票5A購01,0.06,0.10
1150820,051064,星宇國票59購01,0.02,0.03
1150820,051065,晶豪科國票59購01,7.45,7.75
1150820,051068,群創國票59購01,,27.70
1150820,051071,力積電國票59購02,5.95,7.24
1150820,051073,三芳永豐5B購01,,0.39
1150820,051079,佳世達永豐59購01,,3.92
1150820,051083,星宇永豐5A購01,0.14,0.10
1150820,051084,景碩永豐59購01,,78.50
1150820,051085,玉晶光永豐59購01,,4.45
1150820,051087,智易永豐5B購01,,0.46
1150820,051089,宏致永豐5B購01,,5.60
1150820,051090,拓凱永豐59購01,0.53,0.62
1150820,051092,復盛永豐5A購01,0.49,0.63
1150820,051094,羅昇永豐5B購01,,1.09
1150820,051095,京元電兆豐61購01,0.52,0.71
1150820,051101,道瓊銀富邦61購01,,0.06
1150820,051103,旺宏富邦61購01,,6.92
1150820,051104,金像電富邦5C購02,,1.89
1150820,051110,可寧衛富邦5A購01,,0.03
1150820,051123,群創元富61購02,23.30,23.30
1150820,051140,建漢統一59購01,,0.01
1150820,051144,元金2X中信61購01,0.12,0.11
1150820,051148,群創中信61購01,23.40,26.18
1150820,051150,元黃金凱基61購01,,0.34
1150820,051151,道瓊銀凱基5B購03,0.62,0.56
1150820,051152,信錦凱基59購01,,1.22
1150820,051158,群光凱基5A購01,,0.09
1150820,051164,偉訓凱基59購01,,0.35
1150820,051168,群創凱基5A購01,,22.05
1150820,051170,宏致凱基59購01,,4.55
1150820,051174,和椿凱基59購01,,0.28
1150820,051175,力智凱基59購01,,0.46
1150820,051178,長華凱基59購01,,1.19
1150820,051180,臺股指凱基61購03,,69.00
1150820,051184,勝一國票5B購01,0.23,0.30
1150820,051185,佳世達國票59購01,0.16,0.17
1150820,051186,群光國票5B購01,,0.11
1150820,051188,億光國票59購01,,0.50
1150820,051192,豐達科國票59購01,,0.74
1150820,051193,豐達科國票5B購01,0.61,0.80
1150820,051195,威強電國票59購01,,2.18
1150820,051197,智易國票5B購01,0.08,0.20
1150820,051200,定穎控國票59購02,,0.17
1150820,051201,拓凱國票5A購01,0.23,0.27
1150820,051206,復盛國票59購01,0.02,0.06
1150820,051210,AMAX國票5B購01,,1.12
1150820,051211,富威電國票5B購01,0.12,0.12
1150820,051212,連加國票5B購01,,0.16
1150820,051214,勤誠國票59購01,,0.50
1150820,051219,華新統一5C購01,,0.55
1150820,051220,華新統一5C購02,,0.40
1150820,051221,華新統一61購01,,0.60
1150820,051222,華新統一6C購01,,0.50
1150820,051224,台玻統一61購01,1.49,1.41
1150820,051225,台玻統一61購02,,1.50
1150820,051226,第一銅統一5C購03,,0.15
1150820,051227,台達電統一5A購01,,2.46
1150820,051229,華通統一61購01,,4.14
1150820,051231,華泰統一5B購01,,0.12
1150820,051233,智邦統一5B購01,,3.31
1150820,051234,智邦統一61購01,1.98,2.31
1150820,051237,台光電統一61購01,,9.25
1150820,051238,台光電統一71購01,,3.82
1150820,051239,漢唐統一5B購02,0.28,0.28
1150820,051240,京元電統一5B購01,,0.49
1150820,051241,京元電統一5C購02,,0.25
1150820,051242,京元電統一61購02,,0.29
1150820,051243,京元電統一6C購01,0.35,0.40
1150820,051245,志聖統一61購01,2.98,2.78
1150820,051247,立隆電統一65購01,,1.53
1150820,051248,一詮統一5C購01,5.55,4.83
1150820,051249,大立光統一5B購01,5.60,3.97
1150820,051250,大立光統一5B購02,4.24,3.17
1150820,051251,大立光統一5C購02,6.90,4.70
1150820,051252,大立光統一6C購01,2.44,1.82
1150820,051253,欣興統一5C購02,,14.00
1150820,051256,欣興統一6C購01,8.55,7.30
1150820,051257,創意統一5B購01,5.55,4.28
1150820,051258,創意統一5C購01,6.35,5.02
1150820,051259,創意統一6C購01,3.02,2.46
1150820,051260,群創統一5C購01,,7.25
1150820,051261,群創統一5C購02,,9.29
1150820,051262,群創統一65購01,3.42,3.71
1150820,051263,群創統一65購02,3.04,3.35
1150820,051264,群創統一6C購01,3.28,3.62
1150820,051265,世芯統一61購01,0.46,0.53
1150820,051267,日月光統一65購01,,3.32
1150820,051270,jpp統一5C購02,0.44,0.44
1150820,051271,帆宣統一61購01,,2.00
1150820,051272,聯茂統一65購01,,3.16
1150820,051273,和椿統一5C購01,,0.40
1150820,051274,和椿統一65購01,,0.32
1150820,051275,和椿統一65購02,0.26,0.28
1150820,051276,力成統一5C購03,,1.11
1150820,051277,力成統一5C購04,,1.51
1150820,051279,矽格統一65購01,,1.10
1150820,051280,台郡統一5C購01,,0.28
1150820,051281,同欣電統一5B購02,,2.16
1150820,051282,康舒統一5B購01,,0.61
1150820,051283,愛普統一5B購01,,2.76
1150820,051284,緯穎統一5B購03,,1.63
1150820,051285,緯穎統一5B購04,1.12,1.13
1150820,051286,緯穎統一61購03,,1.47
1150820,051287,富世達統一5C購02,0.52,0.63
1150820,051289,昇陽半統一5C購02,,1.74
1150820,051290,昇陽半統一64購01,,1.25
1150820,051291,昇陽半統一71購01,,1.13
1150820,051299,中鋼元大59購01,,0.01
1150820,051312,志聖元大5C購03,,7.40
1150820,051339,上証2X群益61購02,,1.15
1150820,051340,道瓊銀群益61購01,0.58,0.45
1150820,051360,福懋科國泰5A購01,0.60,0.71
1150820,051363,道瓊銅國票5C購01,,0.94
1150820,051365,立隆電國票61購01,,5.35
1150820,051368,力積電國票59購03,3.22,6.39
1150820,051372,台積電兆豐59購01,,4.48
1150820,051373,漢唐兆豐61購01,1.03,1.69
1150820,051374,京元電兆豐61購02,0.39,0.46
1150820,051376,日電貿兆豐61購01,,3.87
1150820,051377,緯創兆豐61購01,,1.98
1150820,051382,玉晶光富邦59購01,,1.71
1150820,051388,上証2X凱基61購01,1.01,1.27
1150820,051389,元金2X凱基5B購02,0.74,0.65
1150820,051393,台積電凱基64購05,,16.50
1150820,051407,愛普凱基59購03,,14.40
1150820,051416,迎廣統一59購01,,0.07
1150820,051417,迎廣統一59購02,,0.01
1150820,051419,道瓊銀群益5A購03,0.09,0.08
1150820,051426,日電貿群益59購01,,1.75
1150820,051437,道瓊銀統一61購01,0.11,0.11
1150820,051438,台積電統一67購05,,1.61
1150820,051439,台積電統一71購01,,1.33
1150820,051440,京元電統一61購03,0.14,0.22
1150820,051441,世芯統一61購02,0.40,0.41
1150820,051442,今國光統一5C購01,0.30,0.39
1150820,051443,矽格統一6C購01,,1.29
1150820,051444,力積電統一64購01,1.45,1.69
1150820,051445,可寧衛統一6C購01,0.31,0.30
1150820,051465,T50反1元大5B購04,0.12,0.09
1150820,051466,T50反1元大5C購05,,0.09
1150820,051480,漢唐元大5A購01,0.66,1.03
1150820,051481,友達元大5A購02,8.65,8.65
1150820,051498,日電貿元大5B購01,,2.26
1150820,051501,創意元大5A購03,,8.85
1150820,051502,創意元大61購01,10.80,9.05
1150820,051514,矽格元大5B購01,,2.94
1150820,051516,矽格元大61購01,,2.40
1150820,051520,緯穎元大5A購01,,2.40
1150820,051525,至上元大5A購04,1.50,1.57
1150820,051536,上証2X國票5A購01,,0.04
1150820,051538,創意國票5A購01,15.60,12.84
1150820,051540,台達電兆豐59購01,,3.79
1150820,051542,大立光兆豐59購01,,5.47
1150820,051543,辛耘兆豐61購01,,6.03
1150820,051544,亞翔兆豐59購01,0.84,1.14
1150820,051545,至上兆豐61購01,1.53,1.48
1150820,051546,南茂兆豐59購01,4.10,4.10
1150820,051561,台積電凱基71購01,6.90,7.29
1150820,051563,毅嘉凱基61購01,,0.67
1150820,051564,友達凱基5A購01,7.35,8.33
1150820,051569,日電貿凱基59購01,,3.43
1150820,051571,創意凱基5A購03,,17.67
1150820,051583,第一銅元大61購01,,0.14
1150820,051586,台積電元大5A購02,1.25,1.44
1150820,051588,旺宏元大5A購04,,7.25
1150820,051591,漢唐元大5A購02,0.09,0.21
1150820,051593,弘憶股統一59購01,,0.01
1150820,051594,弘憶股統一59購02,,0.06
1150820,051595,弘憶股統一59購03,0.03,0.08
1150820,051601,創意元大5A購04,12.70,9.97
1150820,051607,亞翔元大5A購01,0.79,1.27
1150820,051618,愛普元大61購01,5.50,5.17
1150820,051619,緯穎元大5A購02,,3.60
1150820,051622,台虹元大61購02,,17.60
1150820,051626,台灣50兆豐61購01,,4.82
1150820,051628,台積電兆豐59購02,2.71,2.91
1150820,051629,旺宏兆豐61購01,,8.30
1150820,051632,滬深2X國票6B購01,,1.10
1150820,051633,香港2X國票5B購01,,0.28
1150820,051636,友達國票59購01,4.27,5.23
1150820,051637,友達國票5A購01,,4.11
1150820,051654,元金反元大5B購01,,0.50
1150820,051655,元金2X元大59購01,,0.10
1150820,051658,華新元大5A購03,0.12,0.31
1150820,051665,鴻海元大5A購05,,0.79
1150820,051666,台積電元大5A購03,1.43,1.75
1150820,051688,亞翔元大5A購02,0.50,0.84
1150820,051691,力成元大59購02,,0.79
1150820,051692,力成元大5A購03,,1.36
1150820,051694,緯穎元大5A購03,,0.97
1150820,051698,元黃金凱基61購02,,0.49
1150820,051700,元黃金凱基64購01,,0.66
1150820,051701,元金2X凱基61購01,,0.41
1150820,051702,元金2X凱基61購02,0.50,0.35
1150820,051704,道瓊銀凱基5A購03,,0.12
1150820,051705,道瓊銅凱基61購01,1.27,1.50
1150820,051710,旺宏凱基59購05,,15.05
1150820,051715,友達凱基5B購01,5.60,6.48
1150820,051725,元黃金群益5B購01,0.07,0.04
1150820,051736,台積電群益61購03,2.95,3.35
1150820,051741,友達群益59購02,,4.23
1150820,051773,聯電兆豐59購01,10.50,11.46
1150820,051779,世芯兆豐59購01,0.19,0.29
1150820,051780,新唐兆豐61購01,,8.35
1150820,051781,中磊兆豐61購01,0.68,1.22
1150820,051782,力成兆豐59購01,,1.30
1150820,051784,華新凱基59購02,,0.23
1150820,051787,台積電凱基69購01,,7.60
1150820,051790,旺宏凱基59購06,9.20,12.34
1150820,051791,旺宏凱基5A購02,,11.42
1150820,051793,友達凱基5A購02,,3.75
1150820,051794,聯發科凱基61購02,,29.43
1150820,051796,台勝科凱基59購01,,20.60
1150820,051800,緯穎凱基59購08,1.91,2.37
1150820,051801,臺股指凱基5A購13,48.80,58.58
1150820,051805,川湖元大5B購04,,17.45
1150820,051807,聯電元大59購03,,41.70
1150820,051809,鴻海元大5A購06,0.05,0.14
1150820,051812,台積電元大5A購04,,1.71
1150820,051815,燿華元大5A購01,,1.89
1150820,051817,友達元大5A購03,2.55,3.00
1150820,051818,友達元大5C購01,2.38,2.51
1150820,051822,全新元大5B購01,,8.90
1150820,051828,牧德元大5A購01,1.45,1.76
1150820,051842,洋基元大59購01,0.17,0.17
1150820,051844,至上元大61購01,1.18,1.18
1150820,051846,勤誠元大59購01,,0.26
1150820,051847,勤誠元大5A購01,,0.09
1150820,051855,鴻海群益5A購04,0.19,0.46
1150820,051859,所羅門群益61購01,,1.38
1150820,051865,漢唐群益59購01,0.04,0.18
1150820,051880,力成群益59購01,0.76,1.33
1150820,051900,台積電中信61購01,,1.58
1150820,051902,智邦兆豐59購01,,3.54
1150820,051905,台虹兆豐59購01,,11.50
1150820,051909,長興國票5A購01,1.50,1.70
1150820,051910,中鋼國票5B購01,0.12,0.14
1150820,051912,長榮鋼國票59購01,,0.12
1150820,051918,友達國票61購01,,4.84
1150820,051923,彩晶國票59購01,,0.66
1150820,051924,彩晶國票5B購01,1.07,1.11
1150820,051928,道瓊銀永豐5B購01,0.20,0.18
1150820,051937,萬海統一59購01,0.29,0.13
1150820,051938,長興永豐5A購01,0.93,1.28
1150820,051940,中鋼永豐59購01,,0.26
1150820,051948,鴻海永豐5A購02,0.53,0.86
1150820,051949,國巨永豐59購01,,13.95
1150820,051950,台積電永豐71購01,4.45,4.57
1150820,051959,友達永豐5A購01,4.92,4.79
1150820,051962,京元電永豐59購01,,0.28
1150820,051968,揚博永豐59購01,,1.91
1150820,051969,揚博永豐5A購01,1.15,2.03
1150820,051970,揚博永豐61購01,,8.38
1150820,051972,中航永豐59購01,,0.22
1150820,051978,瑞鼎永豐59購01,,0.68
1150820,051980,世芯永豐5C購02,,1.91
1150820,051982,定穎控永豐59購01,,0.35
1150820,051984,事欣科永豐5A購01,,4.92
1150820,051989,祥碩永豐59購01,0.06,0.08
1150820,051993,彩晶永豐5C購01,1.66,1.79
1150820,051994,彩晶永豐67購01,3.50,3.68
1150820,051998,旭隼永豐5C購01,0.56,0.56
1150820,052009,聯電元大5B購03,15.10,15.10
1150820,052016,台積電元大5A購05,,1.73
1150820,052022,漢唐元大61購01,0.55,0.55
1150820,052028,友達元大59購02,2.61,3.21
1150820,052029,友達元大5C購02,4.03,4.08
1150820,052030,友達元大61購06,,2.18
1150820,052033,聯發科元大61購09,,13.05
1150820,052035,大立光元大5A購01,16.40,10.97
1150820,052036,大立光元大61購12,13.90,9.93
1150820,052045,亞翔元大5B購01,1.79,2.28
1150820,052047,康舒元大5A購04,,1.12
1150820,052050,至上元大61購02,1.62,1.45
1150820,052064,緯穎群益5B購03,,1.33
1150820,052065,AES群益59購01,,0.05
1150820,052066,SP黃豆凱基5B購01,,1.25
1150820,052068,華新凱基5A購02,0.17,0.27
1150820,052072,台達電凱基59購03,,5.00
1150820,052077,智原凱基59購01,,0.04
1150820,052090,T50正2富邦61購04,,5.80
1150820,052091,道瓊銅富邦61購01,0.80,0.92
1150820,052092,中砂富邦5A購01,,3.07
1150820,052097,鴻海富邦59購02,,0.32
1150820,052099,台積電富邦61購02,,2.04
1150820,052100,台積電富邦61購03,,2.60
1150820,052101,燿華富邦5A購01,1.15,1.11
1150820,052104,友達富邦59購01,4.30,3.58
1150820,052105,京元電富邦59購02,,0.08
1150820,052109,大立光富邦59購02,,4.17
1150820,052110,大立光富邦59購03,,2.57
1150820,052116,緯創富邦61購01,0.63,0.83
1150820,052120,世芯富邦5A購01,0.22,0.33
1150820,052121,神達富邦61購01,0.19,0.27
1150820,052122,創意統一59購01,,3.63
1150820,052126,達興富邦5A購01,,0.40
1150820,052128,力成富邦61購02,,1.88
1150820,052129,同欣電富邦5A購01,1.84,1.86
1150820,052132,富世達富邦59購01,0.40,0.48
1150820,052134,臺股指富邦61購05,,7.60
1150820,052137,台灣50中信61購01,5.95,6.71
1150820,052139,台積電中信61購02,1.21,1.29
1150820,052147,台達電凱基5C購02,,4.29
1150820,052152,漢唐凱基5A購01,0.77,1.27
1150820,052156,新日興凱基5A購02,,0.03
1150820,052158,世芯凱基59購02,,1.86
1150820,052161,祥碩凱基59購01,0.05,0.10
1150820,052168,臺股指凱基63購03,,31.55
1150820,052169,南亞統一61購01,,5.17
1150820,052170,南亞統一61購02,,5.55
1150820,052172,華新統一5B購01,,0.35
1150820,052173,華新統一63購01,0.36,0.33
1150820,052174,華新統一71購01,,0.60
1150820,052176,聯電統一61購01,4.20,5.31
1150820,052177,聯電統一61購02,,3.97
1150820,052178,聯電統一64購01,2.59,2.90
1150820,052179,台達電統一61購02,,2.20
1150820,052180,台達電統一65購01,1.33,1.39
1150820,052181,台達電統一71購01,0.86,0.88
1150820,052182,華通統一63購01,,1.78
1150820,052183,華通統一64購02,1.32,1.25
1150820,052184,華通統一67購01,1.99,1.95
1150820,052185,華通統一71購01,,1.39
1150820,052186,華通統一71購02,1.31,1.25
1150820,052188,鴻海統一71購01,0.59,0.67
1150820,052189,華泰統一63購01,,0.15
1150820,052190,台積電統一65購01,1.09,1.14
1150820,052191,台積電統一71購02,0.73,0.75
1150820,052192,台積電統一71購03,,1.42
1150820,052193,台積電統一71購04,0.80,0.84
1150820,052194,台積電統一71購05,1.34,1.39
1150820,052195,智邦統一71購01,1.05,1.18
1150820,052196,智邦統一71購02,,2.22
1150820,052197,金像電統一65購01,,1.52
1150820,052198,佳能統一64購01,,0.25
1150820,052201,華新科統一61購02,,3.95
1150820,052202,揚博統一5C購01,0.94,1.61
1150820,052204,揚博統一61購02,,1.71
1150820,052205,揚博統一71購01,,1.26
1150820,052206,智原統一71購01,0.54,0.59
1150820,052207,日電貿統一61購01,1.61,1.67
1150820,052208,景碩統一71購01,,6.30
1150820,052210,貿聯統一61購02,1.16,1.24
1150820,052211,達興統一64購02,0.23,0.23
1150820,052212,祥碩統一61購01,,0.34
1150820,052213,亞翔統一71購01,0.85,0.93
1150820,052214,今國光統一71購01,0.58,0.62
1150820,052215,力成統一71購01,0.75,0.79
1150820,052216,矽力統一61購01,,1.84
1150820,052217,矽力統一71購01,,1.97
1150820,052218,愛普統一61購01,,2.08
1150820,052219,愛普統一64購02,2.41,2.15
1150820,052221,至上統一61購01,,0.79
1150820,052222,南茂統一61購01,,1.33
1150820,052223,南茂統一71購01,,1.36
1150820,052233,金寶元富61購01,3.71,3.71
1150820,052235,台積電元富61購01,7.00,7.40
1150820,052238,大立光元富61購01,,17.30
1150820,052240,玉晶光元富59購01,,5.28
1150820,052241,世芯元富61購01,0.74,1.32
1150820,052243,貿聯元富5B購01,4.13,5.23
1150820,052245,定穎控元富61購01,,0.36
1150820,052246,定穎控元富61購02,,0.46
1150820,052247,愛普元富61購01,,5.75
1150820,052248,緯穎元富5B購01,,5.55
1150820,052255,華通國票61購01,5.20,4.51
1150820,052269,聯茂國票5A購02,,17.40
1150820,052279,滬深2X永豐5A購01,,0.65
1150820,052283,光寶科永豐59購01,,7.14
1150820,052287,鴻海永豐61購01,1.72,2.38
1150820,052288,國巨永豐61購01,,25.93
1150820,052295,緯創永豐59購01,1.98,2.90
1150820,052303,定穎控永豐59購02,,0.03
1150820,052304,達明永豐5A購01,,0.11
1150820,052305,祥碩永豐5A購01,,0.31
1150820,052306,今國光永豐59購01,,0.95
1150820,052314,勤誠兆豐59購01,0.29,0.75
1150820,052317,亞德客富邦59購01,,3.82
1150820,052318,台達電富邦59購02,,4.88
1150820,052319,宏碁富邦59購01,,0.66
1150820,052322,新興富邦59購01,1.03,0.76
1150820,052323,益登富邦59購01,,1.06
1150820,052325,緯創富邦61購02,0.80,1.01
1150820,05232P,台積電元富5B售02,0.10,0.11
1150820,052330,大聯大富邦59購01,,6.70
1150820,052331,至上富邦59購02,,0.52
1150820,052332,臺股指富邦61購09,,52.50
1150820,052340,台達電群益5A購02,,47.08
1150820,052341,鴻海群益5B購03,0.40,0.63
1150820,052347,聯鈞群益59購01,,6.22
1150820,052349,世芯群益61購01,,1.31
1150820,052353,保瑞群益5B購01,,0.13
1150820,052361,T50正2元大5B購03,,9.60
1150820,052365,滬深2X元大59購02,,0.27
1150820,052377,華通元大5C購04,2.15,2.10
1150820,052378,鴻海元大5A購07,,0.99
1150820,052379,台積電元大5A購06,,1.60
1150820,052381,燿華元大61購01,1.31,1.34
1150820,052383,漢唐元大61購02,0.50,0.59
1150820,052387,宏達電元大61購06,,0.30
1150820,052388,長榮元大5A購01,1.02,0.53
1150820,052391,大立光元大5A購02,,6.40
1150820,052392,大立光元大61購13,12.60,11.67
1150820,052403,定穎控元大61購01,,0.26
1150820,052404,亞翔元大5B購02,2.49,3.00
1150820,052409,康舒元大5A購05,0.06,0.06
1150820,052412,矽力元大61購01,3.25,3.82
1150820,052424,滬深2X凱基5B購02,,1.23
1150820,052425,道瓊2X凱基5B購01,,1.00
1150820,052434,致茂凱基59購03,,14.87
1150820,052446,祥碩凱基5A購03,,0.56
1150820,052450,A50正2永豐5A購01,,0.30
1150820,052464,事欣科永豐59購01,2.87,3.49
1150820,052465,臻鼎永豐59購01,33.80,35.77
1150820,052468,康舒永豐59購01,0.01,0.01
1150820,052477,AES兆豐59購01,,0.10
1150820,052478,川湖富邦5A購01,,7.80
1150820,052479,光寶科富邦61購01,,5.01
1150820,052481,鴻海富邦61購03,0.67,0.85
1150820,052482,致茂富邦61購01,3.80,4.19
1150820,052485,洋基富邦5A購01,0.35,0.51
1150820,052486,振樺電富邦59購01,,0.28
1150820,052488,金寶國票5A購01,0.82,1.19
1150820,052495,定穎控國票5A購01,,0.07
1150820,052496,定穎控國票61購01,,0.34
1150820,052511,川湖元大5B購06,,14.64
1150820,052517,奇鋐統一5A購01,,3.79
1150820,052524,華泰元大61購01,,0.09
1150820,052525,台積電元大5A購07,1.44,1.68
1150820,052527,毅嘉元大61購01,,0.28
1150820,052531,全新元大5A購01,,9.62
1150820,052543,新日興元大5B購02,,0.05
1150820,052547,定穎控元大61購02,0.55,0.55
1150820,052555,矽力元大61購02,,8.20
1150820,052559,至上元大59購03,,1.11
1150820,052561,南茂元大5A購02,2.91,3.34
1150820,052562,南茂元大61購01,,2.61
1150820,052563,臺股指元大5A購10,,46.26
1150820,052564,臺股指元大5B購09,,24.13
1150820,052565,臺股指元大5C購06,,24.35
1150820,052570,國喬群益59購01,,0.01
1150820,052574,光寶科群益5C購01,3.60,3.50
1150820,052576,華通群益61購01,2.02,2.01
1150820,052584,全新群益59購01,,10.40
1150820,052588,昇貿群益59購01,,0.05
1150820,052590,世芯群益61購02,,0.85
1150820,052597,祥碩群益59購02,0.04,0.07
1150820,052600,啟碁群益59購01,,8.40
1150820,052609,東元元富61購01,,0.47
1150820,052612,台達電元富61購01,23.20,23.23
1150820,052615,台積電元富61購02,4.55,4.55
1150820,052616,台積電元富71購02,21.80,22.90
1150820,052621,全新元富61購01,,14.80
1150820,052639,臺股指元富5A購02,13.60,18.80
1150820,052640,台化統一5B購01,3.31,3.36
1150820,052641,中砂統一61購02,1.95,2.02
1150820,052644,金寶統一71購01,0.79,0.93
1150820,052646,華通統一61購03,,1.51
1150820,052647,華通統一64購03,,1.11
1150820,052648,鴻海統一65購01,0.60,0.70
1150820,052649,所羅門統一5B購01,0.58,0.54
1150820,052650,致茂統一63購01,,1.97
1150820,052651,致茂統一71購01,,1.31
1150820,052652,台光電統一5B購02,,8.10
1150820,052653,超豐統一61購01,,0.76
1150820,052654,超豐統一71購01,,0.64
1150820,052655,全新統一5C購01,4.44,3.64
1150820,052656,揚博統一5B購01,,2.25
1150820,052657,揚博統一61購03,0.98,1.26
1150820,052658,揚博統一71購02,0.84,1.05
1150820,052660,文曄統一5B購02,,1.54
1150820,052661,欣興統一5C購04,,13.20
1150820,052662,欣興統一61購03,,6.48
1150820,052663,欣興統一67購02,,8.35
1150820,052664,欣興統一71購01,7.50,6.60
1150820,052665,益登統一71購01,0.82,0.86
1150820,052666,日電貿統一61購02,1.71,1.54
1150820,052667,大量統一5B購01,,5.78
1150820,052668,大量統一61購01,5.55,5.13
1150820,052670,大量統一64購01,4.08,3.55
1150820,052671,大量統一71購01,,3.40
1150820,052672,大量統一71購02,3.30,2.82
1150820,052673,景碩統一5C購01,,12.80
1150820,052675,嘉澤統一63購01,0.59,0.91
1150820,052676,世芯統一5C購02,0.29,0.39
1150820,052677,日月光統一64購01,,2.57
1150820,052678,大銀統一64購01,,2.23
1150820,052679,祥碩統一61購02,0.41,0.44
1150820,052680,亞翔統一61購01,0.64,1.03
1150820,052681,亞翔統一61購02,,0.83
1150820,052682,精成科統一61購02,0.10,0.12
1150820,052683,佳必琪統一61購01,,2.72
1150820,052684,今國光統一61購01,0.48,0.55
1150820,052685,今國光統一61購02,0.54,0.62
1150820,052686,今國光統一71購02,,0.80
1150820,052687,力成統一64購01,,0.74
1150820,052688,同欣電統一61購01,,1.29
1150820,052689,康舒統一5C購01,,0.73
1150820,052690,康舒統一71購01,0.48,0.54
1150820,052691,矽力統一61購02,2.37,3.06
1150820,052692,富世達統一61購02,1.21,0.96
1150820,052695,台虹統一61購02,4.69,3.89
1150820,052697,至上統一5C購04,,0.71
1150820,052698,南茂統一5B購01,,1.82
1150820,052699,南茂統一61購02,,1.63
1150820,052700,南茂統一61購03,,0.90
1150820,052701,南茂統一64購01,,1.16
1150820,052702,南茂統一64購02,,1.33
1150820,052703,南茂統一71購02,1.23,1.29
1150820,052705,新興兆豐59購01,1.76,1.27
1150820,052706,大量兆豐59購01,17.70,13.08
1150820,052707,龍德船兆豐61購01,1.01,0.92
1150820,052708,昇陽半兆豐59購01,,1.39
1150820,052709,可寧衛兆豐61購01,0.22,0.23
1150820,052712,大成鋼富邦5A購01,2.05,1.52
1150820,052716,微星富邦5A購01,,1.96
1150820,052718,漢翔富邦59購02,0.68,0.67
1150820,052720,矽格富邦5B購01,,1.89
1150820,052721,南茂富邦5A購01,,1.10
1150820,052722,可寧衛富邦5A購02,0.01,0.01
1150820,052723,可寧衛富邦61購01,,0.02
1150820,052741,矽統統一5A購01,0.11,0.11
1150820,052755,國喬永豐59購01,,0.04
1150820,052757,國巨永豐5A購01,,8.60
1150820,052759,燿華永豐59購02,,1.11
1150820,052763,奇鋐永豐61購02,13.40,13.55
1150820,052771,南亞統一61購04,,5.53
1150820,052772,南亞統一71購01,3.25,3.36
1150820,052773,華新統一61購02,,0.20
1150820,052774,華新統一61購03,0.22,0.20
1150820,052775,永光統一61購01,,1.58
1150820,052776,第一銅統一61購01,,0.21
1150820,052778,金寶統一61購02,,0.54
1150820,052779,金寶統一67購01,0.57,0.65
1150820,052780,華通統一61購04,,1.32
1150820,052781,華通統一63購02,,1.32
1150820,052782,華泰統一71購01,,0.27
1150820,052783,台積電統一61購04,1.74,1.73
1150820,052786,台積電統一71購06,0.72,0.75
1150820,052787,致茂統一61購02,2.85,2.80
1150820,052788,瑞昱統一61購01,1.02,1.21
1150820,052789,瑞昱統一61購02,0.90,1.12
1150820,052790,超豐統一61購02,,0.64
1150820,052791,強茂統一71購01,1.01,1.04
1150820,052792,智原統一61購01,,0.22
1150820,052793,欣興統一61購04,,8.79
1150820,052795,鴻海群益5A購01,2.02,3.60
1150820,052796,欣興統一71購02,5.70,5.07
1150820,052797,大量統一61購03,4.65,4.39
1150820,052799,聯鈞統一61購02,,2.11
1150820,052800,貿聯統一61購03,1.53,1.56
1150820,052801,臻鼎統一61購02,5.05,5.50
1150820,052802,祥碩統一71購01,0.44,0.44
1150820,052803,聯茂統一61購02,,9.15
1150820,052804,力成統一61購01,,0.80
1150820,052805,力成統一61購02,,0.54
1150820,052806,力成統一71購02,0.58,0.60
1150820,052807,康舒統一61購01,0.14,0.18
1150820,052808,緯穎統一61購04,1.59,1.59
1150820,052809,龍德船統一61購02,0.49,0.43
1150820,052810,長華統一61購01,0.40,0.41
1150820,052811,至上統一71購01,0.67,0.66
1150820,052814,可寧衛統一61購02,,0.06
1150820,052815,可寧衛統一71購01,,0.29
1150820,052816,可寧衛統一71購02,,0.25
1150820,052820,華新凱基59購03,0.30,0.50
1150820,052823,光寶科凱基5A購02,,5.30
1150820,052824,金寶凱基5A購01,0.74,1.12
1150820,052825,華通凱基61購01,4.14,3.79
1150820,052826,台積電凱基59購03,1.75,2.62
1150820,052829,漢唐凱基61購01,0.53,0.70
1150820,052833,亞翔凱基5A購01,,2.15
1150820,052834,力成凱基59購04,,0.55
1150820,052840,勤誠凱基59購01,,1.17
1150820,052856,華泰元大59購02,0.01,0.21
1150820,052858,華泰元大61購02,,0.36
1150820,052859,燿華元大5A購02,,0.65
1150820,052879,亞翔元大61購01,1.31,1.31
1150820,052881,矽格元大5A購01,2.00,2.30
1150820,052886,至上元大59購04,0.50,0.63
1150820,052887,南茂元大5A購03,,2.81
1150820,052890,可寧衛元大61購01,0.09,0.10
1150820,052892,滬深2X群益5B購01,,0.12
1150820,052894,亞德客群益5B購01,2.42,2.92
1150820,052899,台達電群益5B購01,,3.90
1150820,052911,瑞昱群益59購01,,0.54
1150820,052917,大量群益59購01,16.00,14.70
1150820,052921,帆宣群益59購01,,4.93
1150820,052924,力成群益5A購02,,0.65
1150820,052932,康舒兆豐61購01,0.24,0.36
1150820,052933,保瑞兆豐59購01,,0.02
1150820,052935,鴻海國泰5C購01,0.77,1.13
1150820,052939,可寧衛國泰5A購01,0.02,0.02
1150820,052942,士電統一61購01,0.42,0.42
1150820,052943,士電統一61購02,0.38,0.37
1150820,052944,士電統一71購01,0.52,0.53
1150820,052945,士電統一71購02,0.59,0.58
1150820,052946,中興電統一61購01,,0.39
1150820,052947,中興電統一71購01,,0.55
1150820,052948,中興電統一71購02,0.88,0.89
1150820,052949,亞力統一64購01,,0.25
1150820,052950,亞力統一71購01,,0.37
1150820,052951,華新統一61購04,,0.15
1150820,052953,金寶統一5B購01,0.24,0.30
1150820,052954,金寶統一61購03,0.62,0.75
1150820,052955,金寶統一64購01,,0.47
1150820,052956,金寶統一64購02,0.43,0.52
1150820,052957,金寶統一71購02,,0.78
1150820,052958,國巨統一61購01,2.54,3.67
1150820,052959,國巨統一61購02,3.46,3.66
1150820,052960,國巨統一67購01,2.91,3.17
1150820,052961,華泰統一61購01,,0.15
1150820,052963,精英統一61購02,0.07,0.09
1150820,052964,漢唐統一61購02,,0.39
1150820,052965,漢唐統一63購02,0.35,0.45
1150820,052966,超豐統一71購02,0.52,0.59
1150820,052967,全新統一5C購02,4.70,4.38
1150820,052969,強茂統一61購01,,2.95
1150820,052970,華新科統一61購03,,2.64
1150820,052971,華新科統一64購01,,2.98
1150820,052974,今國光統一5C購02,0.70,1.00
1150820,052975,力成統一71購03,0.63,0.71
1150820,052976,康舒統一61購02,0.17,0.25
1150820,052977,康舒統一61購03,0.14,0.19
1150820,052978,康舒統一61購04,,0.35
1150820,052979,康舒統一65購01,,0.37
1150820,052980,緯穎統一71購01,2.91,2.88
1150820,052981,洋基統一61購01,0.54,0.59
1150820,052982,惠特統一61購01,,0.31
1150820,052983,惠特統一61購02,0.27,0.29
1150820,052984,龍德船統一71購01,0.56,0.53
1150820,052985,雲豹統一61購01,,0.12
1150820,052986,雲豹統一71購01,0.20,0.21
1150820,052987,兆聯統一61購01,0.74,0.82
1150820,052988,兆聯統一71購01,0.88,0.95
1150820,052990,勤誠統一61購01,0.36,0.50
1150820,052992,可寧衛統一63購01,,0.12
1150820,052995,道瓊銀永豐5C購01,,0.10
1150820,052999,台積電永豐71購02,,8.70
1150820,053007,奇鋐永豐61購03,,10.37
1150820,053018,事欣科永豐5B購01,1.99,2.08
1150820,053023,三集瑞永豐5B購01,,0.33
1150820,053024,勤誠永豐59購01,,0.38
1150820,053026,台灣50富邦67購01,,5.40
1150820,053027,台達電富邦71購01,3.24,3.39
1150820,053029,華通富邦61購02,,1.57
1150820,053030,鴻海富邦71購01,,1.30
1150820,053032,國巨富邦61購01,,5.70
1150820,053033,台積電富邦71購01,1.83,2.00
1150820,053034,聯發科富邦71購01,8.90,10.51
1150820,053035,欣興富邦5C購02,,13.53
1150820,053037,康舒富邦5C購01,,0.80
1150820,053038,洋基富邦5C購01,0.42,0.50
1150820,053039,惠特富邦59購01,,0.07
1150820,053040,可寧衛富邦5C購01,0.01,0.01
1150820,053041,日本反凱基61購01,0.14,0.15
1150820,053047,華泰凱基59購01,,0.05
1150820,053085,華通元大61購02,1.25,1.11
1150820,053093,漢唐元大59購03,0.02,0.07
1150820,053099,華航元大59購01,,0.07
1150820,053106,宏達電統一5A購01,,0.02
1150820,053122,道瓊銅群益61購01,,0.89
1150820,053125,中興電群益5B購01,,0.50
1150820,053136,漢唐群益59購02,,0.07
1150820,053156,漢唐國票5C購01,,0.49
1150820,053159,兆赫國票59購01,0.44,0.60
1150820,053163,台勝科國票5B購01,,6.10
1150820,053166,矽格國票59購01,,2.05
1150820,053182,國喬國票59購01,,0.02
1150820,053183,華通國票59購01,1.58,1.58
1150820,053184,華通國票5A購01,,1.49
1150820,053185,華通國票62購01,2.92,2.83
1150820,053187,仲琦國票59購01,,0.06
1150820,053205,台塑永豐5A購01,2.14,2.27
1150820,053208,東元永豐5A購02,,0.13
1150820,053209,華新永豐59購01,,0.12
1150820,053210,永光永豐5B購01,,2.53
1150820,053212,金寶永豐59購01,0.10,0.27
1150820,053215,廣宇永豐59購01,,0.15
1150820,053219,昇貿永豐59購01,,0.10
1150820,053220,達邁永豐59購01,,0.43
1150820,053221,大銀永豐59購01,,3.56
1150820,053226,昇貿兆豐59購01,0.07,0.07
1150820,053227,南茂兆豐59購03,2.02,2.03
1150820,053228,T50正2富邦61購06,,3.24
1150820,053229,道瓊銀富邦5A購02,,0.08
1150820,053230,道瓊銀富邦61購02,0.13,0.13
1150820,053231,道瓊銀富邦61購03,0.04,0.04
1150820,053232,東元富邦5C購01,,0.06
1150820,053233,金寶富邦5C購01,,0.48
1150820,053237,永豐金富邦59購01,,2.93
1150820,053239,健鼎富邦59購01,2.20,2.47
1150820,053241,緯創富邦61購03,,2.39
1150820,053242,亞翔富邦61購01,,1.06
1150820,053244,矽格富邦59購01,,1.55
1150820,053247,臺股指富邦64購03,27.60,29.16
1150820,053251,華通元富5A購01,,3.10
1150820,053252,華通元富5A購02,3.18,2.77
1150820,053256,道瓊銀統一61購02,,0.14
1150820,053257,道瓊銀統一63購01,0.09,0.08
1150820,053258,南亞統一71購02,2.61,2.48
1150820,053259,中興電統一61購02,,0.31
1150820,053260,亞力統一71購02,0.41,0.42
1150820,053261,台玻統一64購01,0.93,0.87
1150820,053262,台玻統一71購01,1.02,0.98
1150820,053263,第一銅統一71購01,,0.41
1150820,053264,上銀統一61購01,1.85,1.89
1150820,053265,光寶科統一61購01,,1.55
1150820,053266,聯電統一71購01,1.40,1.59
1150820,053267,聯電統一71購02,2.63,2.91
1150820,053268,金寶統一71購03,,0.42
1150820,053269,國巨統一61購03,,2.85
1150820,053270,國巨統一71購01,2.13,2.32
1150820,053271,精英統一71購01,0.25,0.25
1150820,053273,大同統一71購01,0.33,0.32
1150820,053274,大同統一71購02,0.31,0.28
1150820,053275,聯發科統一65購01,3.86,4.68
1150820,053276,志聖統一61購03,,2.35
1150820,053277,益登統一61購01,0.72,0.74
1150820,053278,昇貿統一71購01,0.33,0.36
1150820,053279,矽格統一61購01,,1.40
1150820,053280,康舒統一71購02,,0.36
1150820,053281,洋基統一71購01,0.66,0.79
1150820,053282,惠特統一61購03,,0.23
1150820,053283,惠特統一71購01,0.48,0.48
1150820,053284,富世達統一61購03,0.94,0.95
1150820,053285,振樺電統一61購01,,0.45
1150820,053286,T50反1凱基63購01,,0.55
1150820,053293,中砂凱基59購02,,8.55
1150820,053295,台玻凱基59購01,4.15,3.03
1150820,053299,台達電凱基5A購03,4.41,4.45
1150820,053302,華泰凱基61購01,,0.26
1150820,053303,台積電凱基59購04,3.42,4.33
1150820,053306,全新凱基5C購01,13.50,11.16
1150820,053310,牧德凱基5A購01,,2.86
1150820,053313,南茂凱基5A購01,4.54,5.43
1150820,053315,元黃金群益63購01,0.25,0.20
1150820,053316,道瓊銀群益63購01,0.44,0.40
1150820,053320,金寶群益59購01,,0.26
1150820,053321,廣宇群益59購01,,0.04
1150820,053334,台灣50元大5B購01,,15.40
1150820,053335,台灣50元大61購01,,11.28
1150820,053338,道瓊銀元大59購04,,0.04
1150820,053339,道瓊銀元大5A購01,0.01,0.01
1150820,053341,東元元大59購02,,0.23
1150820,053354,鴻海元大5C購03,,0.89
1150820,053357,華城統一5A購01,,0.35
1150820,053358,華城統一5A購02,0.39,0.36
1150820,053359,華泰元大5B購01,0.54,0.64
1150820,053365,定穎控統一5A購01,,0.75
1150820,053370,大同元大59購02,,0.07
1150820,053372,大同元大5B購01,0.06,0.03
1150820,053375,漢唐元大59購04,0.01,0.07
1150820,053382,健鼎元大5A購01,5.05,3.80
1150820,053384,亞翔元大5C購01,,1.72
1150820,053388,矽格元大5A購02,2.10,2.63
1150820,053392,洋基元大5A購01,0.15,0.21
1150820,053402,台積電永豐61購05,,4.90
1150820,053404,凱美永豐59購01,1.93,2.33
1150820,053405,超豐永豐5A購01,0.21,0.32
1150820,053408,大立光永豐5C購01,,11.00
1150820,053413,世芯永豐61購01,,2.41
1150820,053417,惠特永豐59購01,,0.14
1150820,053421,台玻兆豐59購01,1.67,1.27
1150820,053423,漢唐兆豐61購02,,0.45
1150820,053424,聯發科兆豐5B購01,13.50,15.56
1150820,053427,神達兆豐59購01,0.48,0.73
1150820,053430,臻鼎兆豐61購01,12.40,13.10
1150820,053434,南亞富邦5A購01,7.65,7.65
1150820,053435,中砂富邦59購02,,3.65
1150820,053436,中鋼富邦59購02,0.17,0.20
1150820,053437,光寶科富邦61購02,,2.99
1150820,053438,仁寶富邦59購01,,1.41
1150820,053440,漢唐富邦59購02,0.05,0.05
1150820,053441,漢唐富邦5A購02,0.11,0.21
1150820,053443,京元電富邦61購01,,0.31
1150820,053446,奇鋐富邦59購01,6.70,7.17
1150820,053447,奇鋐富邦5A購01,,6.55
1150820,053448,欣興富邦61購02,,10.70
1150820,053450,世芯富邦59購03,1.02,1.52
1150820,053452,日月光富邦61購02,,7.78
1150820,053453,材料富邦5A購01,,0.21
1150820,053455,祥碩富邦59購01,0.56,0.57
1150820,053456,祥碩富邦5A購01,0.39,0.42
1150820,053458,AES富邦59購03,,0.37
1150820,053473,東元凱基5A購01,0.12,0.11
1150820,053485,華泰凱基5C購01,,0.49
1150820,053486,台積電凱基6C購05,3.01,5.90
1150820,053488,漢唐凱基61購02,0.98,1.28
1150820,053489,友達凱基59購02,,4.84
1150820,053493,欣興凱基59購01,52.00,52.00
1150820,053502,道瓊銀統一5C購01,0.04,0.04
1150820,053503,道瓊銀統一64購01,0.22,0.21
1150820,053504,台塑統一61購02,,0.96
1150820,053505,台塑統一71購01,1.72,1.65
1150820,053506,南亞統一61購05,,3.67
1150820,053507,南亞統一67購01,,2.69
1150820,053508,國喬統一61購01,0.18,0.19
1150820,053509,東陽統一64購01,,0.20
1150820,053510,亞力統一64購02,,0.23
1150820,053511,中砂統一64購01,,1.69
1150820,053513,中砂統一71購01,1.31,1.29
1150820,053514,台玻統一5C購02,1.17,0.95
1150820,053515,台玻統一61購03,,0.71
1150820,053516,台玻統一64購02,0.91,0.83
1150820,053517,台達電統一61購03,1.51,1.61
1150820,053518,台達電統一71購02,1.26,1.32
1150820,053519,廣宇統一61購01,,0.29
1150820,053520,佳能統一71購01,,0.40
1150820,053521,友達統一61購01,1.04,1.08
1150820,053522,友達統一61購02,1.17,1.22
1150820,053523,友達統一61購03,,1.84
1150820,053524,友達統一61購04,1.26,1.41
1150820,053525,友達統一71購01,1.21,1.26
1150820,053526,超豐統一67購01,,0.60
1150820,053527,景碩統一71購02,,5.12
1150820,053528,聯鈞統一71購01,2.12,1.84
1150820,053529,世芯統一71購01,1.21,1.24
1150820,053530,日月光統一61購02,,3.03
1150820,053531,日月光統一71購01,2.27,2.43
1150820,053532,臻鼎統一64購02,4.37,4.58
1150820,053533,帆宣統一61購02,,1.74
1150820,053534,力成統一67購01,,0.51
1150820,053536,雲豹統一71購02,,0.26
1150820,053537,泓德統一64購01,,0.13
1150820,053538,泓德統一71購01,,0.21
1150820,053539,福懋科統一61購01,,0.23
1150820,053540,福懋科統一61購02,0.21,0.25
1150820,053541,福懋科統一61購03,0.19,0.21
1150820,053542,福懋科統一71購01,,0.36
1150820,053543,道瓊銀群益61購03,0.23,0.20
1150820,053544,道瓊銀群益61購04,0.27,0.26
1150820,053552,廣宇群益59購02,,0.04
1150820,053555,凱美群益59購01,0.14,0.27
1150820,053558,欣興群益5A購02,44.90,37.81
1150820,053566,道瓊銀元大5B購01,0.02,0.03
1150820,053573,台達電元大5C購03,4.09,3.90
1150820,053575,金寶元大59購02,,0.38
1150820,053576,鴻海元大5C購04,0.39,0.70
1150820,053594,訊芯統一5A購01,0.94,1.32
1150820,053595,訊芯統一5A購02,1.52,1.46
1150820,053597,昇貿元大61購01,,0.24
1150820,053600,亞翔元大5C購02,3.11,3.56
1150820,053603,矽格元大5A購03,1.03,1.19
1150820,053609,洋基元大5A購02,0.54,0.74
1150820,053618,美時永豐59購02,,0.03
1150820,053619,美時永豐61購01,0.10,0.09
1150820,053639,福懋科永豐5A購01,0.15,0.22
1150820,053640,元金2X統一61購01,0.10,0.12
1150820,053641,南亞統一61購06,3.76,3.75
1150820,053642,美時統一61購02,,0.04
1150820,053644,台玻統一64購03,0.67,0.66
1150820,053645,華泰統一61購02,,0.07
1150820,053646,華泰統一71購02,,0.24
1150820,053647,建準統一61購01,,0.41
1150820,053648,欣興統一61購05,7.55,6.45
1150820,053649,欣興統一61購06,,5.62
1150820,053650,欣興統一61購07,,7.52
1150820,053651,欣興統一71購03,,5.09
1150820,053652,聯鈞統一71購02,,1.98
1150820,053653,定穎控統一5B購01,,0.14
1150820,053654,定穎控統一64購01,,0.32
1150820,053655,定穎控統一65購01,0.21,0.26
1150820,053656,定穎控統一65購02,,0.26
1150820,053657,定穎控統一71購01,,0.45
1150820,053658,定穎控統一71購02,,0.43
1150820,053659,臻鼎統一61購03,4.73,4.90
1150820,053660,啟碁統一71購01,,1.62
1150820,053661,雲豹統一67購01,,0.17
1150820,053662,泓德統一71購02,,0.39
1150820,053663,南電統一61購04,,4.88
1150820,053664,滬深2X元富5A購01,,0.64
1150820,053665,南電統一61購05,6.60,6.39
1150820,053666,華城元富5A購01,0.80,0.73
1150820,053667,南電統一61購06,7.20,7.12
1150820,053668,南電統一64購02,8.90,7.48
1150820,053669,南電統一71購01,5.65,5.50
1150820,05366U,宏達電國票58售02,0.02,0.13
1150820,053670,福懋科統一71購02,,0.39
1150820,053674,聯電兆豐59購03,,6.75
1150820,053677,元黃金富邦61購01,0.11,0.17
1150820,053678,元金2X富邦61購01,0.17,0.16
1150820,053683,國巨富邦61購02,2.86,3.40
1150820,053684,超豐富邦5C購01,0.45,0.45
1150820,053686,日電貿富邦59購01,3.39,3.08
1150820,053689,定穎控富邦5A購01,,0.17
1150820,053690,力成富邦61購03,,0.49
1150820,053691,道瓊反凱基64購01,,0.24
1150820,053704,華泰凱基5B購01,,0.03
1150820,053711,大立光凱基5A購01,,26.43
1150820,053715,定穎控凱基5A購01,,0.21
1150820,053735,元黃金群益65購01,0.71,0.58
1150820,053761,南電群益61購01,,12.56
1150820,053765,道瓊銀元大5C購01,,0.06
1150820,053779,台積電元大61購06,1.85,1.88
1150820,053783,瑞昱元大5A購01,3.14,3.68
1150820,053784,友達元大5A購05,1.17,1.38
1150820,053793,事欣科元大61購01,1.57,1.95
1150820,053795,力成元大5C購01,,1.56
1150820,053796,矽格元大59購01,0.83,0.83
1150820,053799,矽力元大5A購01,6.35,6.35
1150820,053810,南亞兆豐61購01,,9.85
1150820,053811,亞力兆豐59購01,0.01,0.04
1150820,053812,華新科兆豐59購01,,3.38
1150820,053816,川湖富邦61購01,,15.90
1150820,053817,台達電富邦59購03,,2.73
1150820,053819,大同富邦5C購01,,0.03
1150820,053821,華新科富邦58購01,,2.13
1150820,053822,新興富邦58購02,0.95,0.55
1150820,053824,昇貿富邦5A購01,0.04,0.08
1150820,053827,A50正2凱基59購01,,0.18
1150820,053829,台塑凱基59購02,,5.39
1150820,053832,川湖凱基59購02,,37.60
1150820,053835,台積電凱基58購16,,0.49
1150820,053837,友達凱基59購03,,5.00
1150820,053838,強茂凱基5B購01,,5.29
1150820,053842,景碩凱基5B購02,,29.48
1150820,053848,亞翔凱基5B購01,,3.10
1150820,053855,臺股指凱基61購05,,39.02
1150820,053856,T50正2統一61購01,,1.72
1150820,053857,南亞統一61購07,4.04,4.32
1150820,053858,國巨統一61購04,2.94,2.99
1150820,053859,強茂統一61購02,1.16,1.19
1150820,053860,景碩統一61購03,,7.11
1150820,053861,新日興統一61購01,,0.17
1150820,053862,雲豹統一61購02,,0.10
1150820,053863,南亞國票58購01,13.70,13.70
1150820,053867,台玻國票58購01,,0.04
1150820,053868,光罩國票58購01,,0.01
1150820,053869,致茂國票63購01,5.10,4.68
1150820,053870,菱生國票58購02,,0.06
1150820,053871,凌陽國票58購01,,0.01
1150820,053872,瑞軒國票58購02,1.59,2.12
1150820,053873,華新科國票58購02,5.40,5.40
1150820,053874,欣興國票58購02,27.20,23.65
1150820,053875,達邁國票58購01,,0.01
1150820,053876,東台國票58購01,,0.01
1150820,053877,帆宣國票58購02,2.11,2.88
1150820,053880,南電國票58購02,,19.15
1150820,053881,南電國票5A購01,,21.00
1150820,053883,聯電國泰58購03,8.25,8.25
1150820,053887,欣興國泰58購02,,36.70
1150820,053892,T50反1永豐5C購01,,0.10
1150820,053899,聯電永豐58購02,4.91,4.91
1150820,053901,台積電永豐71購03,,2.25
1150820,053903,漢唐永豐58購04,,0.16
1150820,053904,強茂永豐59購01,0.84,1.15
1150820,053910,聯鈞永豐5A購01,,4.21
1150820,053912,眾達永豐58購01,,0.01
1150820,053913,啟碁永豐58購02,,3.64
1150820,053914,三集瑞永豐61購01,0.16,0.23
1150820,053918,南電永豐58購02,,15.80
1150820,053921,台泥群益5A購01,0.25,0.25
1150820,053922,東陽群益64購01,,0.29
1150820,053923,士電群益59購01,,0.08
1150820,053924,中興電群益59購02,,0.15
1150820,053928,川湖群益59購01,,19.77
1150820,053935,台積電群益5B購03,,4.30
1150820,053942,飛宏群益59購02,0.04,0.04
1150820,053950,蔚華科群益5B購01,,3.59
1150820,053954,敦泰群益59購01,0.03,0.03
1150820,053961,啟碁群益59購02,2.20,2.67
1150820,053967,泓德群益5A購01,,0.03
1150820,053971,巨大群益59購01,0.13,0.20
1150820,053975,T50反1元大61購04,,0.14
1150820,053977,道瓊銀元大61購01,,0.40
1150820,053979,南亞元大5B購04,,6.93
1150820,053980,東元元大5A購02,0.18,0.15
1150820,053981,東元元大5B購03,,0.45
1150820,053983,中興電元大5B購01,,0.37
1150820,053987,美時元大5A購02,0.05,0.04
1150820,053999,友達元大5B購01,3.21,3.30
1150820,054001,長榮元大5A購02,2.23,1.44
1150820,054015,達興元大5A購01,0.30,0.57
1150820,054017,祥碩元大61購01,0.67,0.64
1150820,054030,鴻海永豐61購02,,2.26
1150820,054033,矽統永豐5A購01,,0.52
1150820,054036,長榮太永豐58購01,,0.44
1150820,054037,大立光永豐58購02,14.30,11.30
1150820,054038,嘉晶永豐5A購01,,1.41
1150820,054040,世芯永豐61購02,3.25,3.45
1150820,054041,國精化永豐58購01,0.34,0.65
1150820,054043,國精化永豐5B購01,2.23,2.68
1150820,054046,緯穎永豐59購03,10.20,9.76
1150820,054048,中興電兆豐61購01,0.54,0.54
1150820,054049,啟碁兆豐59購01,4.93,5.54
1150820,054050,道瓊銀富邦64購01,0.21,0.25
1150820,054053,瀚宇博富邦5C購01,,0.09
1150820,054055,T50正2凱基5A購03,,10.90
1150820,054056,T50正2凱基61購02,,6.67
1150820,054058,元黃金凱基59購02,,0.05
1150820,054066,台達電凱基59購04,,3.52
1150820,054068,英業達凱基5A購01,,3.20
1150820,054081,欣興凱基58購03,,22.35
1150820,054087,矽力凱基5B購01,5.30,5.52
1150820,054096,台積電群益59購04,3.98,3.94
1150820,054097,燿華群益59購02,,0.17
1150820,054110,旭隼群益59購01,,0.59
1150820,054112,龍德船群益59購01,0.47,0.49
1150820,054113,龍德船群益61購01,,0.65
1150820,054122,欣興元富58購03,43.50,37.10
1150820,054126,宏泰國泰58購01,,0.01
1150820,054127,台玻國泰58購03,,0.23
1150820,054131,瑞鼎國泰58購02,,0.27
1150820,054138,台玻國票58購03,0.01,0.04
1150820,054139,台玻國票58購04,0.02,0.12
1150820,054140,台玻國票58購05,0.13,0.25
1150820,054141,上銀國票58購01,,5.70
1150820,054143,順德國票58購01,10.50,8.72
1150820,054144,矽統國票58購02,,0.15
1150820,054147,中租國票58購01,,0.14
1150820,054149,大研醫國票58購01,0.02,0.02
1150820,054151,臺指反元大61購01,,0.02
1150820,054156,士電元大59購01,0.03,0.10
1150820,054157,士電元大5C購01,0.24,0.27
1150820,054158,東元元大5A購03,,0.18
1150820,054160,中興電元大5A購01,0.39,0.47
1150820,054161,中興電元大5B購02,,0.35
1150820,054168,聯電元大61購02,,3.97
1150820,054172,台積電元大5B購01,1.43,1.57
1150820,054186,事欣科元大5B購01,,2.01
1150820,054190,祥碩元大61購02,1.12,1.02
1150820,054191,力成元大5A購04,,1.58
1150820,054195,矽力元大59購03,,1.83
1150820,054197,緯穎元大5B購01,,5.20
1150820,054206,上銀兆豐61購01,3.87,3.82
1150820,054207,燿華兆豐61購01,,1.59
1150820,054208,定穎控兆豐59購01,,0.18
1150820,054209,旭隼兆豐61購01,1.36,1.20
1150820,054212,T50反1富邦61購04,0.12,0.12
1150820,054213,光寶科富邦61購03,3.64,3.34
1150820,054214,聯電富邦61購02,,4.34
1150820,054216,國巨富邦59購02,,4.09
1150820,054219,欣興富邦5C購03,,8.70
1150820,054221,龍德船富邦5C購01,0.19,0.19
1150820,054222,富世達富邦59購02,,0.56
1150820,054228,元金2X凱基5B購04,,0.14
1150820,054229,道瓊銀凱基5C購02,0.53,0.53
1150820,054231,士電凱基59購01,,0.02
1150820,054232,中興電凱基5A購01,0.76,0.83
1150820,054234,上銀凱基58購01,,4.08
1150820,054238,英業達凱基58購01,,0.58
1150820,054245,華新科凱基58購01,,4.59
1150820,054251,定穎控凱基61購01,0.50,0.65
1150820,054252,亞翔凱基5C購01,4.70,5.66
1150820,054255,同欣電凱基58購02,,2.56
1150820,054256,啟碁凱基59購01,,5.40
1150820,054257,AES凱基59購01,0.05,0.14
1150820,054258,富世達凱基59購01,0.91,0.89
1150820,054273,宇隆元富58購01,,0.22
1150820,054278,燿華元富5A購01,0.55,0.64
1150820,054286,亞聚國票58購01,,0.01
1150820,054288,台達電國票58購05,,0.67
1150820,054289,台達電國票58購06,,1.37
1150820,054290,台達電國票59購01,,1.71
1150820,054291,英業達國票58購01,,0.50
1150820,054294,瑞軒國票58購03,0.43,0.78
1150820,054295,瑞軒國票58購04,0.17,0.44
1150820,054296,聯陽國票58購01,,0.04
1150820,054297,欣興國票58購03,22.60,19.40
1150820,054301,新唐國票58購01,,11.35
1150820,054302,中磊國票58購01,,0.05
1150820,054304,啟碁國票61購01,,4.11
1150820,054309,台達電國泰58購03,2.44,2.44
1150820,054310,英業達國泰58購01,,2.56
1150820,054315,全訊國泰58購01,,0.65
1150820,054316,旭隼國泰58購01,,0.51
1150820,054322,光寶科永豐59購02,,2.18
1150820,054323,光寶科永豐5B購01,,5.10
1150820,054325,台達電永豐59購04,,2.15
1150820,054329,英業達永豐58購01,,0.30
1150820,054331,微星永豐59購01,0.93,1.51
1150820,054332,超豐永豐58購01,,0.48
1150820,054335,瑞軒永豐59購01,1.02,1.39
1150820,054336,華新科永豐59購02,4.33,4.50
1150820,054345,勤誠永豐58購02,,0.99
1150820,054346,泰金寶永豐5B購01,1.04,1.13
1150820,054347,T50反1元大5B購05,,0.11
1150820,054348,T50反1元大62購04,,0.05
1150820,054353,士電元大61購01,0.20,0.23
1150820,054355,中興電元大5A購02,0.06,0.11
1150820,054357,聯電元大61購03,,6.50
1150820,054360,廣宇元大5A購01,,0.51
1150820,054361,廣宇元大61購01,0.60,0.66
1150820,054362,台積電元大5B購02,,1.32
1150820,054367,大立光統一5A購01,2.80,2.09
1150820,054377,長榮太元大59購02,,0.25
1150820,054379,大立光元大5C購01,,11.15
1150820,054386,力成元大5A購05,,0.52
1150820,054387,啟碁元大5A購01,,3.66
1150820,054390,矽力元大59購04,,2.62
1150820,054391,緯穎元大5B購02,,6.40
1150820,054396,道瓊銀群益61購06,1.08,0.98
1150820,054401,大亞群益59購01,,0.12
1150820,054403,光寶科群益59購01,,2.19
1150820,054404,聯電群益59購03,,8.07
1150820,054411,英業達群益59購01,,1.01
1150820,054417,微星群益58購01,,3.00
1150820,054423,華新科群益58購01,,5.18
1150820,054426,長榮航群益59購02,,1.37
1150820,054439,力成群益58購03,,0.02
1150820,054445,東陽統一61購01,,0.11
1150820,054446,士電統一5B購01,,0.21
1150820,054447,士電統一63購01,0.32,0.31
1150820,054448,中興電統一5C購01,,0.24
1150820,054449,中興電統一64購01,,0.41
1150820,054450,堤維西統一61購01,,0.04
1150820,054451,華新統一64購01,,0.37
1150820,054452,大亞統一63購02,,0.21
1150820,054453,聯電統一61購04,,2.49
1150820,054454,聯電統一61購05,,2.08
1150820,054455,聯電統一61購06,,4.38
1150820,054456,聯電統一63購01,1.48,1.80
1150820,054457,聯電統一71購03,1.66,1.85
1150820,054458,台達電統一61購04,,1.23
1150820,054459,國巨統一71購02,1.40,1.64
1150820,054460,台積電統一61購06,,1.82
1150820,054461,精英統一5C購01,0.07,0.07
1150820,054462,英業達統一61購02,0.70,0.79
1150820,054463,矽統統一61購03,0.21,0.33
1150820,054465,大同統一5C購01,,0.05
1150820,054466,大同統一61購02,,0.07
1150820,054467,友達統一5C購01,2.06,2.03
1150820,054468,京元電統一64購02,,0.33
1150820,054469,聯發科統一71購01,4.05,4.57
1150820,054470,飛宏統一5B購01,,0.06
1150820,054471,飛宏統一71購01,0.26,0.27
1150820,054473,強茂統一71購02,0.78,0.77
1150820,054474,華新科統一61購04,2.10,3.22
1150820,054475,華新科統一71購01,,1.39
1150820,054476,華新科統一71購02,1.48,1.41
1150820,054477,長榮太統一5B購01,,0.78
1150820,054478,大立光統一65購01,2.81,2.10
1150820,054479,嘉晶統一5C購01,,1.36
1150820,054480,嘉晶統一61購02,1.34,1.36
1150820,054481,嘉晶統一71購01,0.93,1.09
1150820,054482,奇鋐統一5B購05,,5.20
1150820,054483,欣興統一71購04,3.06,2.70
1150820,054484,景碩統一71購03,4.58,4.31
1150820,054485,昇貿統一61購01,,0.26
1150820,054486,新日興統一5C購02,0.12,0.12
1150820,054487,聯鈞統一61購03,2.64,2.23
1150820,054488,台勝科統一61購02,,2.94
1150820,054489,日月光統一71購02,1.45,1.55
1150820,054491,國精化統一61購01,0.53,0.73
1150820,054492,上品統一64購01,,0.29
1150820,054493,全訊統一61購01,0.10,0.13
1150820,054494,帆宣統一5C購03,,1.95
1150820,054495,力成統一5B購01,0.55,0.60
1150820,054496,啟碁統一61購01,1.08,1.17
1150820,054498,啟碁統一66購01,,1.68
1150820,054499,啟碁統一71購02,1.18,1.27
1150820,054503,惠特統一5B購01,,0.23
1150820,054504,龍德船統一5B購01,0.32,0.33
1150820,054509,道瓊銀凱基61購02,,0.32
1150820,054510,東元凱基5B購02,0.18,0.14
1150820,054513,光寶科凱基5C購01,,4.08
1150820,054515,廣宇凱基61購01,,0.68
1150820,054516,佳世達凱基58購01,,0.07
1150820,054521,聯發科凱基5C購02,27.70,33.45
1150820,054525,昇貿凱基59購03,,0.09
1150820,054526,聯鈞凱基58購06,,7.62
1150820,054528,定穎控凱基61購02,0.31,0.45
1150820,054530,祥碩凱基5C購01,0.86,0.94
1150820,054535,龍德船凱基5A購01,0.26,0.28
1150820,054537,福懋科凱基59購01,,0.06
1150820,054541,國巨兆豐59購01,,6.54
1150820,054547,大同富邦5C購02,,0.21
1150820,054550,緯創富邦5B購02,2.60,3.11
1150820,054552,士電統一61購03,,0.22
1150820,054553,大亞統一61購01,,0.22
1150820,054554,光寶科統一61購02,,1.26
1150820,054555,一詮統一71購01,1.99,1.80
1150820,054556,啟碁統一61購03,,1.52
1150820,054559,鴻海永豐5A購03,,1.50
1150820,054560,鴻海永豐5B購03,2.09,2.80
1150820,054561,台積電永豐61購07,,2.50
1150820,054563,台積電永豐71購04,,4.84
1150820,054574,奇鋐永豐59購05,,7.85
1150820,054583,定穎控永豐5A購01,,0.22
1150820,054584,今國光永豐5A購01,0.60,0.88
1150820,054587,矽格永豐5A購01,2.07,2.54
1150820,054592,元金2X群益61購01,0.34,0.28
1150820,054594,上銀群益5B購01,2.32,2.29
1150820,054597,敬鵬群益58購01,,0.02
1150820,054600,技嘉群益59購01,,4.57
1150820,054609,啟碁群益61購01,3.59,4.05
1150820,054611,可寧衛群益61購03,,0.48
1150820,054628,燿華元富58購01,,0.02
1150820,054631,超豐元富58購01,,0.24
1150820,054632,聯發科元富67購02,,15.13
1150820,054634,緯創元富61購01,2.88,3.52
1150820,054645,福懋科國票58購01,,0.03
1150820,054649,台灣50元大63購01,,10.40
1150820,054657,士電元大5A購01,,0.40
1150820,054658,士電元大61購02,,0.36
1150820,054660,中興電元大5A購03,0.37,0.41
1150820,054663,美時元大5B購01,,0.02
1150820,054664,美時元大61購02,,0.08
1150820,054672,廣宇元大5A購02,,0.17
1150820,054673,廣宇元大61購02,,0.30
1150820,054675,台積電元大5B購03,,1.74
1150820,054681,大立光元大5C購02,12.30,8.40
1150820,054693,力成元大59購03,,0.77
1150820,054694,力成元大61購01,0.60,0.73
1150820,054695,啟碁元大5A購02,,3.11
1150820,054699,可寧衛元大5B購01,,0.18
1150820,054700,臺股指元大61購16,,15.60
1150820,054701,道瓊銀統一61購03,0.06,0.08
1150820,054702,台化統一61購01,,1.08
1150820,054703,川湖統一61購02,9.10,6.92
1150820,054704,聯電統一61購08,1.31,1.60
1150820,054705,華通統一71購03,0.66,0.64
1150820,054706,華通統一71購04,0.67,0.65
1150820,054707,仁寶統一61購01,0.65,0.72
1150820,054708,英業達統一61購03,0.93,1.11
1150820,054709,燿華統一61購02,0.17,0.20
1150820,054710,佳能統一61購01,0.10,0.10
1150820,054711,聯發科統一61購02,,5.59
1150820,054712,定穎控統一71購03,,0.24
1150820,054716,南亞永豐58購05,5.55,6.17
1150820,054724,東元永豐5A購03,,0.18
1150820,054725,東鹼永豐58購01,3.47,3.37
1150820,054727,上銀永豐58購02,,1.70
1150820,054730,台積電永豐61購08,1.87,2.28
1150820,054731,所羅門永豐58購01,,0.10
1150820,054732,燿華永豐59購03,,0.13
1150820,054733,聯發科永豐59購03,,8.50
1150820,054735,定穎控永豐59購03,,0.33
1150820,054737,佳必琪永豐59購01,,6.22
1150820,054739,今國光永豐59購02,,0.31
1150820,054742,上証2X凱基5B購01,0.39,0.56
1150820,054743,元黃金凱基61購03,0.18,0.15
1150820,054745,道瓊銀凱基61購03,0.31,0.31
1150820,054750,中興電凱基5B購01,0.58,0.68
1150820,054752,宇隆凱基58購02,,0.10
1150820,054759,技嘉凱基59購01,,8.02
1150820,054760,漢唐凱基5A購02,,2.21
1150820,054764,智原凱基58購01,0.02,0.07
1150820,054766,昇貿凱基61購01,0.44,0.54
1150820,054775,矽力凱基5B購02,,5.95
1150820,054776,台虹凱基61購01,,15.40
1150820,054780,元黃金群益5B購02,0.37,0.32
1150820,054781,元金2X群益61購02,0.17,0.14
1150820,054788,大成鋼群益59購01,,1.66
1150820,054789,上銀群益58購01,,2.36
1150820,054790,華通群益5B購01,1.04,0.95
1150820,054791,鴻海群益58購11,,1.55
1150820,054800,超豐群益59購01,,0.54
1150820,054801,聯發科群益58購02,,10.80
1150820,054802,聯發科群益59購02,,19.12
1150820,054805,一詮群益59購01,,5.10
1150820,054814,海華群益59購01,,0.15
1150820,054815,定穎控群益59購02,,0.03
1150820,054821,啟碁群益61購03,2.73,3.03
1150820,054824,龍德船群益5B購01,,0.35
1150820,054830,華通元富61購01,2.27,2.19
1150820,054832,燿華元富58購02,,0.05
1150820,054839,華通國票58購02,,0.42
1150820,054842,啟碁國票63購01,,3.35
1150820,054843,元黃金元大59購02,,0.02
1150820,054847,美時元大61購03,,0.12
1150820,054850,聯電元大58購03,2.71,3.48
1150820,054853,華通元大59購03,,0.41
1150820,054854,華通元大61購03,0.93,1.01
1150820,054856,仁寶元大61購03,,1.49
1150820,054859,台積電元大5A購08,,1.14
1150820,054863,燿華元大59購02,,0.23
1150820,054864,燿華元大5B購01,,0.21
1150820,054865,燿華元大5C購01,0.25,0.24
1150820,054872,聯發科元大59購04,,5.93
1150820,054873,聯發科元大5A購05,,5.79
1150820,054882,力成元大61購02,,1.41
1150820,054886,啟碁元大61購02,1.12,1.29
1150820,054893,華通國泰58購02,0.50,0.47
1150820,054894,鴻海國泰5C購02,2.19,2.19
1150820,054895,英業達國泰58購02,,6.20
1150820,054897,所羅門元富5A購01,0.13,0.24
1150820,054902,國泰金元富5A購01,,4.39
1150820,054905,同欣電國泰58購01,,1.54
1150820,054907,惠特國泰58購02,,0.38
1150820,054913,亞翔國泰58購02,3.71,4.21
1150820,054915,康舒國泰58購02,,0.07
1150820,054917,東元兆豐61購01,,0.35
1150820,054919,大成鋼兆豐59購01,,0.89
1150820,054920,一詮兆豐59購01,,3.88
1150820,054921,立積兆豐61購01,,0.55
1150820,054922,矽創兆豐61購01,4.22,4.38
1150820,054924,元黃金永豐61購01,,0.54
1150820,054928,東元永豐59購01,,0.02
1150820,054929,長興永豐5A購02,0.57,0.74
1150820,054931,美時永豐59購03,,0.03
1150820,054933,聯電永豐58購03,,2.21
1150820,054934,廣宇永豐59購02,0.05,0.06
1150820,054935,台積電永豐71購05,,1.65
1150820,054936,矽統永豐58購02,,0.01
1150820,054939,一詮永豐58購02,3.56,2.89
1150820,054941,景碩永豐58購05,,11.68
1150820,054942,聯鈞永豐59購02,,10.47
1150820,054944,定穎控永豐59購04,,0.35
1150820,054945,事欣科永豐5A購02,1.24,1.46
1150820,054946,亞翔永豐5A購01,,2.94
1150820,054947,力成永豐58購04,0.01,0.10
1150820,054948,康舒永豐5A購01,,0.33
1150820,054951,富世達永豐58購02,,0.75
1150820,054952,三集瑞永豐59購01,,0.11
1150820,054953,元黃金群益5B購03,,0.14
1150820,054954,元金2X群益5C購01,0.16,0.13
1150820,054965,聯電群益5B購01,2.40,2.40
1150820,054966,鴻海群益5A購05,1.88,3.39
1150820,054971,技嘉群益59購02,,4.89
1150820,054974,一詮群益58購02,7.05,5.78
1150820,054979,宏致群益58購01,,5.05
1150820,054982,今國光群益58購01,,0.01
1150820,054983,保瑞群益59購01,,0.07
1150820,054984,力智群益58購01,,0.09
1150820,054989,元黃金元大5A購01,,0.16
1150820,054990,元金2X元大5B購01,,0.17
1150820,054995,台化元大58購01,1.16,1.62
1150820,054999,美時元大5C購01,0.10,0.10
1150820,055017,聯發科元大59購05,,6.25
1150820,055041,元金反凱基61購01,0.89,1.07
1150820,055045,東元凱基5A購02,0.39,0.34
1150820,055049,聯電凱基58購03,,6.00
1150820,05504U,臺股指富邦5C售01,,0.02
1150820,055052,台積電統一5A購01,,1.81
1150820,055055,一詮凱基59購02,9.00,8.02
1150820,055062,世芯凱基58購06,,0.19
1150820,055066,祥碩凱基61購01,0.84,0.84
1150820,055068,康舒凱基5B購01,,0.70
1150820,055072,南亞兆豐62購01,,9.85
1150820,055073,南茂兆豐5A購01,1.44,1.44
1150820,055075,元黃金凱基5C購02,,1.34
1150820,055077,元金2X凱基59購03,0.01,0.02
1150820,055078,元金2X凱基62購01,1.14,0.99
1150820,055079,道瓊銀凱基59購06,,0.02
1150820,055081,台化凱基59購01,,1.15
1150820,055086,聯電凱基62購01,3.85,4.46
1150820,055088,台積電凱基62購01,3.41,3.64
1150820,055090,聯發科凱基5A購05,,23.62
1150820,055091,一詮凱基5C購01,,4.89
1150820,055092,新興凱基59購01,,0.23
1150820,055097,龍德船凱基59購01,,0.40
1150820,055102,士電永豐5A購01,0.01,0.03
1150820,055105,長興永豐5B購01,0.27,0.33
1150820,055108,順德永豐59購01,,4.14
1150820,055112,文曄永豐59購01,,1.61
1150820,055114,宏致永豐59購01,,3.62
1150820,055115,世芯永豐5B購03,,1.27
1150820,055117,新唐永豐59購01,,5.65
1150820,055118,臻鼎永豐5A購01,9.50,10.78
1150820,055119,眾達永豐5B購01,,0.23
1150820,055120,亞翔永豐5A購02,4.00,6.80
1150820,055121,今國光永豐5A購02,,0.32
1150820,055122,訊芯永豐59購01,,9.50
1150820,055123,元黃金元大5B購01,0.26,0.25
1150820,055124,元黃金元大5B購02,0.26,0.23
1150820,055128,道瓊銅元大5A購01,,0.45
1150820,055134,上銀元大61購03,1.32,1.25
1150820,055141,鴻海元大5C購05,0.47,0.47
1150820,055146,台積電元大5C購01,,1.23
1150820,055150,聯發科元大5A購06,5.90,7.33
1150820,055151,聯發科元大61購11,4.00,4.70
1150820,055162,世芯元大61購01,,2.48
1150820,055171,台塑兆豐5A購01,,0.67
1150820,055172,聯電兆豐5A購01,,2.56
1150820,055173,聯電兆豐5A購02,,3.41
1150820,055174,華通兆豐59購01,,0.76
1150820,055175,台光電兆豐59購01,,14.90
1150820,055176,景碩兆豐5A購01,13.00,12.90
1150820,055177,定穎控兆豐5A購01,,0.08
1150820,055178,力成兆豐5A購01,,0.26
1150820,055179,世紀鋼兆豐62購01,0.49,0.42
1150820,055187,第一銅永豐5C購01,,0.35
1150820,055188,大成鋼永豐59購01,,0.35
1150820,055189,宇隆永豐5A購01,0.06,0.18
1150820,055191,鴻海永豐5B購04,1.39,1.74
1150820,055194,同欣電永豐59購01,,1.18
1150820,055197,元黃金凱基5C購03,,0.03
1150820,055200,道瓊銀凱基5A購04,,0.11
1150820,055203,一詮統一58購01,1.22,1.09
1150820,055204,一詮統一5A購01,1.07,0.83
1150820,055206,中興電凱基5A購02,0.07,0.09
1150820,055207,中鋼凱基5B購02,,0.27
1150820,055210,華泰凱基5C購02,0.41,0.45
1150820,055211,佳能凱基59購02,,0.01
1150820,055212,聯發科凱基5C購04,,19.40
1150820,055213,聯發科凱基61購03,,15.65
1150820,055214,奇鋐凱基61購01,,8.44
1150820,055215,智原凱基5A購01,,1.61
1150820,055218,祥碩凱基61購02,1.31,1.36
1150820,055224,至上凱基59購02,1.30,1.81
1150820,055226,臺股指凱基5A購21,,23.30
1150820,055229,中鋼國票5A購01,0.11,0.10
1150820,055230,大成鋼國票59購01,0.25,0.26
1150820,055232,漢翔國票59購01,0.60,0.40
1150820,055233,矽力國票59購01,,2.14
1150820,055236,元黃金元大5C購01,0.31,0.28
1150820,055238,元金2X元大5B購02,,0.12
1150820,055242,道瓊銅元大5C購01,0.23,0.28
1150820,055245,中興電元大5A購04,,0.10
1150820,055249,中鋼元大5C購01,,0.19
1150820,055256,聯電元大5C購01,,3.77
1150820,055259,鴻海元大5C購06,,1.20
1150820,055260,台積電元大5C購02,,1.45
1150820,055264,聯發科元大5A購07,,6.30
1150820,055265,聯發科元大61購12,,6.47
1150820,055271,健鼎元大5A購02,0.44,0.39
1150820,055272,世芯元大61購02,2.84,3.08
1150820,055273,神達元大61購01,2.24,2.42
1150820,055281,龍德船元大59購01,,0.37
1150820,055289,元黃金群益62購01,0.26,0.24
1150820,055293,元金2X群益62購01,0.71,0.63
1150820,055295,道瓊銀群益62購01,,0.69
1150820,055298,華榮群益59購01,,0.01
1150820,055299,中鋼群益5B購02,,0.09
1150820,055304,佳能群益5A購01,,0.12
1150820,055305,台光電群益5C購01,,9.86
1150820,055318,惠特群益5A購01,,0.21
1150820,055323,美指反凱基63購01,,0.34
1150820,055330,東元凱基5A購03,,0.35
1150820,055341,強茂凱基5C購01,,3.80
1150820,055342,漢翔凱基5B購01,3.31,3.59
1150820,055344,景碩凱基5C購02,,17.87
1150820,055345,神達凱基61購01,2.02,2.22
1150820,055348,臻鼎凱基59購01,,16.40
1150820,055352,一詮元富5A購01,1.90,1.47
1150820,055355,臺股指凱基5A購23,24.20,27.79
1150820,055358,亞德客群益5A購01,,0.90
1150820,055361,景碩群益62購01,19.30,19.41
1150820,055364,惠特群益59購02,,0.05
1150820,055365,元黃金永豐62購01,,0.33
1150820,055366,元金2X永豐62購01,,0.26
1150820,055369,亞德客永豐59購01,,0.66
1150820,055370,聯發科永豐5B購03,,8.20
1150820,055371,增你強永豐5A購01,,2.86
1150820,055372,世芯永豐5C購03,2.29,2.67
1150820,055375,中鋼國泰59購01,,0.05
1150820,055376,達明國泰59購01,,0.05
1150820,055377,眾達國泰59購01,,0.93
1150820,055378,元黃金富邦5C購01,,0.29
1150820,055379,元黃金富邦63購01,0.43,0.39
1150820,055380,元金2X富邦61購02,,0.18
1150820,055381,元金2X富邦65購01,0.37,0.31
1150820,055383,道瓊銀富邦65購01,,0.25
1150820,055384,台塑富邦61購02,0.78,0.80
1150820,055385,南亞富邦5B購01,,5.04
1150820,055386,南亞富邦5B購02,,4.60
1150820,055387,台化富邦5B購01,,1.17
1150820,055388,長興富邦5C購01,0.36,0.38
1150820,055391,大成鋼富邦5B購01,1.44,1.17
1150820,055392,華通富邦61購03,0.93,0.93
1150820,055393,仁寶富邦5A購01,,0.95
1150820,055394,國巨富邦63購01,,2.76
1150820,055396,台積電富邦61購05,,2.13
1150820,055397,台積電富邦61購06,,2.00
1150820,055400,矽統富邦5A購01,,0.23
1150820,055401,瑞昱富邦5A購01,1.83,1.83
1150820,055402,漢唐富邦5A購03,,0.81
1150820,055405,聯發科富邦63購01,,7.05
1150820,055406,聯發科富邦63購02,,4.45
1150820,055407,長榮富邦5A購01,1.70,0.97
1150820,055408,大立光富邦5A購01,,4.53
1150820,055410,智原富邦59購01,,0.02
1150820,055412,景碩富邦5B購01,,9.47
1150820,055415,嘉澤富邦5A購01,0.68,1.26
1150820,055417,世芯富邦5B購01,0.45,0.61
1150820,055418,貿聯富邦5A購01,,2.42
1150820,055419,定穎控富邦5A購02,,0.10
1150820,055420,材料富邦5A購02,,0.34
1150820,055424,矽力富邦5B購01,1.26,1.26
1150820,055429,大亞國票59購01,,0.02
1150820,055430,正新國票59購01,,0.03
1150820,055431,華通國票59購02,,0.72
1150820,055433,台光電國票66購01,,12.30
1150820,055434,信邦國票59購01,,0.66
1150820,055435,增你強國票59購01,,1.78
1150820,055442,健鼎國票59購01,,0.66
1150820,055445,融程電國票59購01,,0.61
1150820,055446,達明國票59購01,,0.19
1150820,055449,元黃金元大59購03,,0.05
1150820,055453,元金2X元大61購01,0.61,0.54
1150820,055465,中興電元大5A購05,,0.22
1150820,055468,華新元大5C購01,,0.29
1150820,055473,鴻海元大5C購07,1.03,1.40
1150820,055474,台積電元大5C購03,1.41,1.55
1150820,055476,聯發科元大5A購08,,4.78
1150820,055481,健鼎元大5A購03,,0.73
1150820,055485,神達元大61購02,0.94,1.05
1150820,055492,臻鼎兆豐62購01,9.75,10.54
1150820,055493,臻鼎兆豐62購02,,9.55
1150820,055494,元黃金富邦63購02,0.30,0.28
1150820,055495,元金2X富邦63購01,0.38,0.35
1150820,055496,道瓊銀富邦63購02,,0.11
1150820,055497,道瓊銀富邦65購02,0.27,0.26
1150820,055500,同欣電富邦5B購01,0.95,0.95
1150820,055503,元黃金群益61購01,,0.42
1150820,055505,道瓊銀群益62購04,,0.84
1150820,055506,道瓊銀群益65購01,1.04,0.98
1150820,055507,道瓊銅群益62購01,0.49,0.56
1150820,055509,宇隆群益5A購01,,0.07
1150820,055510,宇隆群益5B購01,,0.08
1150820,055522,欣興群益5A購04,,13.35
1150820,055537,長興元富5B購01,,1.21
1150820,055540,聯電元富5A購06,,9.95
1150820,055563,中興電凱基59購01,0.47,0.64
1150820,055568,聯發科元富5A購01,4.84,5.37
1150820,055578,欣興凱基59購03,,21.30
1150820,055579,健鼎凱基5A購01,1.10,0.93
1150820,055583,中磊凱基59購01,,0.20
1150820,055588,臺股指凱基5A購25,,18.50
1150820,055590,元黃金國泰59購01,,0.09
1150820,055597,亞德客國泰59購01,,1.88
1150820,055598,華新國泰59購01,,0.45
1150820,055600,欣興國泰59購01,,24.58
1150820,055602,矽力國泰59購01,,4.06
1150820,055608,華通國票59購03,,1.17
1150820,055611,元黃金中信62購01,,0.22
1150820,055612,元金2X中信62購01,0.26,0.22
1150820,055613,道瓊銀中信62購01,,0.08
1150820,055614,華通中信5A購01,0.38,0.42
1150820,055618,宏碁永豐59購01,,0.26
1150820,055622,欣興永豐5C購02,34.70,31.39
1150820,055626,元黃金統一61購01,,0.47
1150820,055627,元黃金統一66購01,0.74,0.71
1150820,055629,SP黃豆統一66購01,,0.89
1150820,055632,元金2X統一62購02,0.26,0.21
1150820,055633,元金2X統一66購01,,0.53
1150820,055634,元金2X統一72購01,0.48,0.44
1150820,055635,SGBR2X統一61購01,,2.28
1150820,055637,道瓊銀統一61購04,,0.34
1150820,055641,道瓊銀統一66購01,,0.47
1150820,055642,道瓊銀統一72購01,0.39,0.37
1150820,055643,道瓊銅統一62購01,,0.52
1150820,055644,台塑統一5C購01,1.28,1.25
1150820,055645,台化統一5C購01,1.17,1.26
1150820,055646,亞力統一62購01,0.15,0.17
1150820,055647,亞德客統一61購01,0.62,0.82
1150820,055648,華新統一62購01,,0.21
1150820,055649,長興統一62購01,0.66,0.66
1150820,055650,長興統一62購02,0.50,0.51
1150820,055651,長興統一72購01,0.60,0.61
1150820,055652,美時統一62購01,,0.04
1150820,055655,中鋼統一62購01,0.23,0.23
1150820,055656,上銀統一5C購01,,1.46
1150820,055657,上銀統一62購02,1.43,1.35
1150820,055658,華通統一62購02,0.58,0.55
1150820,055659,華通統一62購03,,0.70
1150820,055660,華通統一62購04,0.69,0.63
1150820,055661,華通統一65購01,0.74,0.68
1150820,055662,華通統一68購01,0.71,0.66
1150820,055663,順德統一62購01,2.59,2.62
1150820,055664,佳能統一62購01,,0.28
1150820,055666,台光電統一62購02,,6.59
1150820,055667,台光電統一62購03,,6.90
1150820,055668,超豐統一62購01,0.73,0.84
1150820,055669,京元電統一72購01,,0.43
1150820,055670,新興統一5C購01,0.85,0.71
1150820,055671,新興統一62購01,,0.59
1150820,055672,奇鋐統一62購01,,2.66
1150820,055673,亞光統一62購01,,0.27
1150820,055674,亞光統一62購02,,0.34
1150820,055675,亞光統一62購03,,0.26
1150820,055676,文曄統一62購01,,1.04
1150820,055677,欣興統一61購08,5.90,4.92
1150820,055678,欣興統一62購01,4.99,4.00
1150820,055680,欣興統一62購03,,4.46
1150820,055681,欣興統一62購04,5.25,4.47
1150820,055682,欣興統一65購01,4.04,3.36
1150820,055683,欣興統一65購02,,4.37
1150820,055684,健鼎統一61購01,,0.77
1150820,055685,健鼎統一62購01,,0.74
1150820,055686,健鼎統一72購01,0.75,0.67
1150820,055687,貿聯統一64購02,1.41,1.42
1150820,055688,達明統一62購01,,0.34
1150820,055689,達明統一72購01,0.38,0.38
1150820,055690,新唐統一62購01,,2.05
1150820,055692,臻鼎統一64購03,,3.90
1150820,055693,聯茂統一64購01,,4.80
1150820,055695,訊芯統一62購01,,3.74
1150820,055696,台塑化統一5C購01,1.50,1.33
1150820,055697,龍德船統一62購01,0.39,0.39
1150820,055702,元黃金元大59購04,,0.19
1150820,055727,仁寶元大5A購01,,1.47
1150820,055736,聯發科元大59購07,,7.45
1150820,055745,世芯元大59購05,,1.66
1150820,055755,元金2X永豐61購01,,0.32
1150820,055758,聯發科永豐5A購03,,10.60
1150820,055759,聯發科永豐67購01,26.50,31.05
1150820,055762,奇鋐永豐5A購02,8.05,7.92
1150820,055763,世芯永豐5A購03,,1.81
1150820,055767,欣興兆豐62購01,14.30,13.17
1150820,055768,欣興兆豐62購02,,10.31
1150820,055769,美利達兆豐62購01,1.23,1.08
1150820,055770,台灣50富邦5C購07,,3.10
1150820,055771,華新富邦5C購01,,0.42
1150820,055772,中信金富邦5A購01,,2.29
1150820,055773,欣興富邦63購01,4.76,4.20
1150820,055774,聯鈞富邦5C購01,,4.56
1150820,055775,日月光富邦5A購01,,5.75
1150820,05577U,台積電群益5B售02,0.01,0.01
1150820,055781,元金反凱基61購02,,0.81
1150820,055785,永續半凱基59購01,,10.04
1150820,055790,上銀凱基5A購01,,5.89
1150820,055795,敬鵬凱基59購01,,0.10
1150820,055802,亞光凱基59購04,,0.17
1150820,055805,嘉澤凱基5A購02,0.21,0.73
1150820,055806,定穎控凱基5B購02,,0.30
1150820,055808,旭隼凱基5A購02,,0.42
1150820,055810,訊芯凱基5A購01,12.10,10.60
1150820,055817,元金2X統一72購02,0.79,0.72
1150820,055818,元金2X統一72購03,0.74,0.68
1150820,055820,道瓊銀統一72購03,,0.67
1150820,055822,金像電統一65購02,0.84,0.75
1150820,055823,超豐統一62購02,0.68,0.83
1150820,055824,奇鋐統一61購03,,2.07
1150820,055825,奇鋐統一65購02,2.09,2.05
1150820,055826,欣興統一72購01,3.59,3.08
1150820,055827,欣興統一72購02,2.98,2.65
1150820,055828,健鼎統一62購02,,0.71
1150820,055829,健鼎統一72購02,0.93,0.83
1150820,055830,新日興統一62購01,0.35,0.31
1150820,055832,定穎控統一62購01,0.11,0.16
1150820,055834,訊芯統一72購01,2.09,2.12
1150820,055835,AES統一65購01,,0.49
1150820,055836,富世達統一62購03,0.66,0.61
1150820,055837,富世達統一72購01,0.68,0.66
1150820,055838,台虹統一72購01,3.73,3.15
1150820,055839,宇瞻統一62購01,,1.59
1150820,055840,宇瞻統一62購02,,2.55
1150820,055841,宇瞻統一62購03,,1.57
1150820,055842,宇瞻統一72購01,1.73,1.66
1150820,055843,宇瞻統一72購02,,1.47
1150820,055854,金像電國票59購01,,1.15
1150820,055855,偉詮電國票59購01,,1.07
1150820,055857,奇鋐國票66購01,4.01,3.89
1150820,055858,增你強國票59購02,,0.69
1150820,055859,健鼎國票59購02,0.15,0.29
1150820,055861,事欣科國票59購01,,3.12
1150820,055866,至上國票59購01,0.70,1.12
1150820,055872,T50正2元大5C購01,,9.50
1150820,055876,士電元大59購03,,0.04
1150820,055901,世芯元大59購06,,1.33
1150820,055931,道瓊銀元富62購01,0.95,0.85
1150820,055936,奇鋐元富5A購02,,10.38
1150820,055937,奇鋐元富5A購03,,5.96
1150820,055941,欣興元富5B購01,,12.20
1150820,055942,欣興元富62購01,,15.65
1150820,055943,昇貿元富5A購01,1.02,1.25
1150820,055944,昇貿元富5A購02,,0.74
1150820,055945,嘉澤元富5A購01,1.00,2.24
1150820,055946,嘉澤元富5A購02,,1.40
1150820,055948,世芯元富62購01,2.37,2.56
1150820,055952,緯穎元富62購01,5.05,4.94
1150820,055953,龍德船元富59購01,,0.35
1150820,055954,龍德船元富62購01,1.43,1.28
1150820,055960,元黃金群益62購04,0.20,0.18
1150820,055962,A50正2群益5A購01,,0.39
1150820,055963,元金2X群益62購05,,0.49
1150820,055966,道瓊銅群益5C購01,,0.59
1150820,055972,金像電群益5C購01,1.47,1.24
1150820,055973,台光電群益5B購01,,9.15
1150820,055978,健鼎群益59購02,,0.31
1150820,055985,世芯群益62購01,0.81,0.95
1150820,055986,貿聯群益59購02,,2.95
1150820,055987,中磊群益5C購01,0.91,1.49
1150820,055990,龍德船群益5A購03,0.20,0.32
1150820,055991,宇瞻群益5A購01,,4.29
1150820,055992,世芯兆豐5A購01,,1.21
1150820,055993,矽力兆豐62購01,,2.42
1150820,055994,佳能富邦59購01,,0.04
1150820,055999,第一銅國泰59購01,0.04,0.11
1150820,056003,漢唐國泰59購01,,2.45
1150820,056009,至上國泰59購01,,2.96
1150820,056013,敬鵬國票59購02,0.01,0.03
1150820,056018,亞光國票59購01,,0.10
1150820,056022,欣興國票59購05,17.20,16.73
1150820,056024,世芯國票59購02,0.90,1.46
1150820,056025,世芯國票59購03,0.43,0.67
1150820,056027,台耀國票59購01,,0.03
1150820,056029,達運國票5C購01,,0.27
1150820,056030,亞翔國票59購01,,3.13
1150820,056031,同欣電國票5C購01,1.79,1.86
1150820,056033,南亞永豐59購03,,6.10
1150820,056034,中興電永豐59購01,,0.64
1150820,056039,長榮永豐5C購01,2.80,2.30
1150820,056040,華航永豐59購01,,0.13
1150820,056042,蔚華科永豐59購01,,1.78
1150820,056043,定穎控永豐59購05,,0.11
1150820,056044,臻鼎永豐59購02,8.15,8.80
1150820,056045,中磊永豐59購01,,0.91
1150820,056050,台郡永豐59購01,,0.24
1150820,056053,台化統一72購01,1.03,1.04
1150820,056054,中興電統一62購01,0.46,0.51
1150820,056055,亞德客統一62購01,0.48,0.58
1150820,056056,亞德客統一72購01,0.69,0.74
1150820,056057,永光統一61購02,1.82,1.84
1150820,056058,上銀統一62購03,1.32,1.39
1150820,056059,光寶科統一72購01,,1.06
1150820,056060,智邦統一61購02,,2.69
1150820,056062,敬鵬統一62購01,,0.34
1150820,056064,金像電統一5C購02,,1.76
1150820,056065,金像電統一62購02,0.94,0.96
1150820,056066,金像電統一67購01,,0.77
1150820,056067,金像電統一72購01,0.87,0.83
1150820,056068,金像電統一72購02,0.60,0.59
1150820,056069,佳能統一62購02,,0.24
1150820,056070,台光電統一62購04,,7.60
1150820,056071,台光電統一72購01,3.80,3.65
1150820,056072,友達統一65購01,1.05,1.06
1150820,056073,聯發科統一64購02,,3.58
1150820,056074,聯發科統一72購01,1.86,2.08
1150820,056075,聯發科統一72購02,1.96,2.17
1150820,056076,盟立統一62購01,,3.74
1150820,056077,志聖統一72購01,,1.78
1150820,056079,奇鋐統一72購01,1.42,1.38
1150820,056080,奇鋐統一72購02,,1.49
1150820,056081,亞光統一62購04,,0.28
1150820,056082,文曄統一62購02,1.08,1.27
1150820,056083,嘉澤統一62購01,0.18,0.47
1150820,056084,世芯統一62購01,0.67,0.73
1150820,056085,貿聯統一61購04,,1.75
1150820,056086,臻鼎統一62購02,,5.65
1150820,056087,臻鼎統一65購01,3.55,3.78
1150820,056088,瀚宇博統一5C購03,,0.07
1150820,056090,亞翔統一62購02,1.14,1.27
1150820,056091,同欣電統一72購01,0.73,0.72
1150820,056092,訊芯統一62購02,,3.28
1150820,056094,訊芯統一66購01,,3.60
1150820,056095,訊芯統一72購02,2.24,2.26
1150820,056096,富世達統一61購04,0.57,0.54
1150820,056097,富世達統一72購02,0.75,0.70
1150820,056098,宇瞻統一62購04,,2.84
1150820,056100,宇瞻統一65購02,,2.78
1150820,056101,宇瞻統一72購03,1.80,1.80
1150820,056110,台塑元大59購03,0.19,0.31
1150820,056111,台塑元大5B購01,,1.16
1150820,056114,上銀元大5B購01,,4.65
1150820,056116,聯電元大5B購04,3.82,3.82
1150820,056119,鴻海元大61購05,,1.07
1150820,056122,台積電元大61購07,,1.67
1150820,056129,漢翔元大5A購02,2.50,2.33
1150820,056130,奇鋐元大61購01,3.92,3.82
1150820,056135,欣興元大61購01,5.70,4.95
1150820,056142,達興元大5A購02,,0.17
1150820,056147,同欣電元大5B購01,,1.31
1150820,056155,元黃金群益65購02,0.67,0.62
1150820,056156,SP黃豆群益62購02,,1.05
1150820,056157,元金2X群益65購01,0.84,0.74
1150820,056158,道瓊銀群益65購03,,0.99
1150820,056162,亞德客群益5A購02,,0.66
1150820,056164,宇隆群益5C購01,0.09,0.17
1150820,056168,台光電群益62購01,9.75,9.47
1150820,056172,欣興群益59購06,11.10,9.78
1150820,056173,欣興群益5A購05,,13.99
1150820,056174,蔚華科群益5A購02,,1.45
1150820,056181,定穎控群益5A購01,,0.04
1150820,056182,材料群益5A購01,,0.21
1150820,056183,臻鼎群益5A購01,8.50,9.50
1150820,056187,旭隼群益5A購01,,0.44
1150820,056191,汎銓群益5A購01,,4.34
1150820,056194,福懋科群益59購01,,0.12
1150820,056198,T50正2凱基5B購05,,10.55
1150820,056201,日本2X凱基59購02,,0.69
1150820,056207,台化凱基59購02,,2.30
1150820,056210,美時凱基61購01,,0.07
1150820,056220,奇鋐凱基5A購04,,6.23
1150820,056230,聯茂凱基61購01,,19.00
1150820,056231,力成凱基61購01,1.35,1.55
1150820,056232,同欣電凱基5A購01,1.27,1.51
1150820,056234,緯穎凱基5C購02,,8.10
1150820,056236,大成鋼國泰59購02,4.26,3.53
1150820,056239,嘉澤國泰59購01,,1.31
1150820,056243,勤誠國泰59購01,0.12,0.49
1150820,056244,台塑統一62購01,1.06,1.07
1150820,056245,亞德客統一72購02,,0.69
1150820,056246,永光統一62購01,,1.39
1150820,056247,宏碁統一62購01,0.71,0.69
1150820,056248,敬鵬統一72購01,,0.49
1150820,056250,新日興統一62購02,,0.25
1150820,056251,新日興統一62購03,,0.32
1150820,056252,嘉澤統一62購02,0.35,0.63
1150820,056253,定穎控統一62購02,,0.19
1150820,056254,大銀統一62購02,,2.02
1150820,056255,立積統一62購03,0.09,0.12
1150820,056256,聯茂統一62購01,,6.75
1150820,056257,同欣電統一62購01,0.80,0.78
1150820,056258,訊芯統一72購03,,2.57
1150820,056259,勤誠統一62購03,0.35,0.51
1150820,056261,道瓊銀中信62購03,,0.14
1150820,056262,聯電中信62購01,5.35,5.64
1150820,056263,亞力永豐59購01,,0.18
1150820,056269,牧德永豐5A購01,6.90,7.27
1150820,056272,汎銓永豐5A購01,,4.26
1150820,056273,寶成永豐59購01,,0.12
1150820,056276,定穎控兆豐5A購02,,0.03
1150820,056286,鴻海元大61購06,,1.55
1150820,056287,台積電元大61購08,1.57,1.65
1150820,056295,聯發科元大61購13,,6.00
1150820,056296,奇鋐元大61購02,,3.33
1150820,056307,世芯元大61購03,,1.76
1150820,056311,定穎控元大61購04,,0.31
1150820,056316,佳必琪元大5B購01,,5.45
1150820,056322,訊芯元大59購01,,6.50
1150820,056329,士電國票59購01,,0.18
1150820,056332,萬海國票59購01,4.45,1.26
1150820,056339,長興群益59購01,,1.36
1150820,056349,健鼎群益5A購01,,0.76
1150820,056353,中磊群益59購01,,0.31
1150820,056360,美費半凱基5A購01,,11.00
1150820,056361,台塑凱基5B購01,1.16,1.31
1150820,056363,中興電凱基59購02,,0.32
1150820,056364,亞德客凱基5A購01,,0.86
1150820,056372,金像電凱基5C購01,,1.29
1150820,056373,漢翔凱基5A購01,2.80,2.15
1150820,056375,聯詠凱基59購01,,3.63
1150820,056381,康舒凱基59購03,,0.14
1150820,056382,旭隼凱基5A購03,1.27,1.25
1150820,056384,惠特凱基5A購01,0.13,0.20
1150820,056386,勤誠凱基59購02,,0.49
1150820,056389,道瓊銀元富62購03,0.71,0.65
1150820,056390,鴻海元富62購01,3.53,4.25
1150820,056391,鴻海元富62購02,2.24,2.81
1150820,056400,奇鋐元富5A購04,,10.80
1150820,056401,奇鋐元富5A購05,,8.88
1150820,056402,定穎控元富5A購02,,0.20
1150820,056412,至上元富5A購02,1.40,1.52
1150820,056415,增你強國票59購03,,3.07
1150820,056418,宏碁國泰59購01,,0.40
1150820,056419,雄獅國泰59購01,,0.07
1150820,056421,康舒國泰59購01,,0.72
1150820,056423,天虹國泰59購01,,2.74
1150820,056424,南亞中信5A購01,,6.42
1150820,056426,美時中信62購01,,0.08
1150820,056429,聯電中信62購02,8.05,9.06
1150820,056431,台光電中信59購02,,7.68
1150820,056432,友達中信5C購01,,1.91
1150820,056433,強茂中信5A購01,5.30,5.58
1150820,056435,奇鋐中信5B購01,,2.74
1150820,056436,欣興中信5A購03,,7.68
1150820,056437,欣興中信5C購01,,5.80
1150820,056439,台積電統一5B購01,3.38,3.38
1150820,056442,力成中信5A購02,,0.46
1150820,056443,至上中信5A購03,1.41,1.50
1150820,056449,至上永豐59購01,,5.10
1150820,056451,漢唐兆豐62購01,1.57,1.83
1150820,056463,台光電凱基5A購02,29.00,24.70
1150820,056477,龍德船凱基59購02,,0.72
1150820,056478,道瓊銀統一64購02,,0.71
1150820,056479,華榮統一72購01,0.74,0.76
1150820,056480,上銀統一72購01,1.48,1.49
1150820,056481,宏碁統一62購02,,0.61
1150820,056482,敬鵬統一62購02,,0.47
1150820,056483,敬鵬統一72購02,,0.68
1150820,056484,台光電統一72購02,3.86,3.61
1150820,056485,志聖統一72購02,,2.02
1150820,056486,聯鈞統一62購02,,2.55
1150820,056487,嘉澤統一72購01,0.61,0.78
1150820,056488,臻鼎統一72購01,,2.97
1150820,056489,聯茂統一72購01,,2.83
1150820,056490,同欣電統一72購02,0.86,0.86
1150820,056491,勤誠統一61購02,0.33,0.51
1150820,056492,勤誠統一63購01,0.33,0.48
1150820,056493,勤誠統一72購01,0.46,0.54
1150820,056494,宇瞻統一65購03,,2.26
1150820,056500,光寶科元富5A購01,7.20,6.69
1150820,056501,光寶科元富5A購02,,5.10
1150820,056502,世芯元富5C購02,2.10,2.10
1150820,056509,道瓊銀群益65購05,,2.38
1150820,056520,材料群益5A購02,0.20,0.27
1150820,056528,勤誠群益62購01,,0.97
1150820,056530,元黃金元大5A購04,,0.43
1150820,056531,元黃金元大5C購02,0.24,0.20
1150820,056534,道瓊銀元大59購10,,0.58
1150820,056535,道瓊銀元大5A購03,0.78,0.78
1150820,056546,上銀元大5B購03,,3.20
1150820,056548,聯電元大61購06,2.58,2.58
1150820,056549,鴻海元大61購07,1.04,1.29
1150820,056552,台積電元大61購09,1.47,1.58
1150820,056560,聯發科元大61購14,,4.92
1150820,056566,欣興元大61購02,,7.85
1150820,056569,緯創元大61購02,1.82,2.34
1150820,056572,乙盛元大5B購01,0.31,0.39
1150820,056576,惠特元大5A購01,,0.31
1150820,056578,汎銓元大5B購01,,4.46
1150820,056583,盟立國泰59購01,,16.90
1150820,056584,光寶科台新58購01,,17.75
1150820,056585,龍德船台新58購01,,0.24
1150820,056586,元黃金富邦5B購01,0.17,0.16
1150820,056587,道瓊銀富邦5C購04,,0.29
1150820,056588,中興電富邦58購01,,0.15
1150820,056589,華新富邦58購02,0.03,0.06
1150820,056590,上銀富邦58購01,,2.75
1150820,056596,新興富邦5C購01,1.31,0.99
1150820,056597,聯詠富邦58購01,4.39,4.26
1150820,056599,大量富邦5C購01,,4.48
1150820,056600,緯創富邦5C購03,1.32,1.56
1150820,056601,亞翔富邦59購01,,3.00
1150820,056605,T50正2永豐61購01,,4.50
1150820,056606,鴻海永豐5C購03,1.51,1.76
1150820,056607,台積電永豐72購01,,2.30
1150820,056608,智邦永豐5A購02,2.10,2.12
1150820,056610,盟立永豐59購01,,11.63
1150820,056613,世芯永豐61購03,,1.93
1150820,056615,AES永豐59購03,,0.34
1150820,056617,道瓊銀統一72購04,,0.86
1150820,056618,道瓊銅統一72購01,1.01,1.03
1150820,056619,台塑統一72購01,,1.16
1150820,056620,南亞統一72購01,,2.92
1150820,056621,台化統一72購02,1.31,1.27
1150820,056623,上銀統一64購01,,1.65
1150820,056624,上銀統一72購02,1.43,1.32
1150820,056625,鴻海統一62購02,1.05,1.18
1150820,056626,鴻海統一65購02,1.08,1.28
1150820,056627,廣宇統一65購01,,0.38
1150820,056628,華泰統一65購01,,0.36
1150820,056629,台積電統一65購02,,0.79
1150820,056630,台積電統一72購01,0.69,0.71
1150820,056631,智邦統一72購01,0.95,1.07
1150820,056632,元日2X元富5B購01,,0.02
1150820,056633,台光電統一66購01,3.45,3.17
1150820,056634,聯發科統一65購02,3.54,3.90
1150820,056635,聯發科統一72購03,1.84,2.35
1150820,056636,信邦統一72購01,1.13,1.12
1150820,056638,大量統一65購01,3.60,3.31
1150820,056639,世芯統一72購01,1.49,1.54
1150820,056640,日月光統一62購01,,2.53
1150820,056641,定穎控統一72購01,,0.45
1150820,056642,大銀統一64購02,1.22,1.33
1150820,056643,大銀統一72購01,1.46,1.40
1150820,056644,乙盛統一72購01,,0.46
1150820,056645,帆宣統一72購01,,1.50
1150820,056646,今國光統一65購01,,0.76
1150820,056647,台塑化統一62購01,1.13,1.04
1150820,056648,宇瞻統一62購05,,2.54
1150820,056649,宇瞻統一65購04,1.57,1.57
1150820,056651,滬深反凱基5A購01,,0.12
1150820,056654,南亞凱基5B購03,8.65,8.65
1150820,056655,台化凱基58購02,1.92,1.92
1150820,056657,大成鋼凱基58購03,0.20,0.43
1150820,056658,上銀凱基5C購01,7.00,5.86
1150820,056659,鴻海凱基58購06,,1.33
1150820,056661,華泰凱基58購02,,0.04
1150820,056662,台積電凱基58購19,,0.59
1150820,056663,台積電凱基58購20,,4.40
1150820,056666,台光電凱基61購01,,12.60
1150820,056668,盟立凱基59購01,,17.20
1150820,056671,聯詠凱基59購02,,8.70
1150820,056672,緯創凱基58購05,2.27,3.47
1150820,056673,世芯凱基61購02,,3.98
1150820,056674,日月光凱基59購03,,13.07
1150820,056675,材料凱基5A購02,0.24,0.34
1150820,056677,達興凱基5A購01,,0.72
1150820,056678,乙盛凱基5A購01,,0.38
1150820,056680,樺漢凱基58購01,,7.12
1150820,056681,勤誠凱基58購03,0.16,0.16
1150820,056682,宇瞻凱基59購01,4.59,4.80
1150820,056683,臺股指凱基5C購05,10.40,10.74
1150820,056685,東元國票58購01,,0.01
1150820,056687,亞德客國票58購01,0.06,0.45
1150820,056688,亞德客國票59購01,0.42,0.64
1150820,056689,台積電國票58購03,,2.74
1150820,056690,台積電國票59購03,,2.57
1150820,056691,智邦國票63購01,3.69,4.43
1150820,056692,華碩國票58購01,12.60,11.14
1150820,056693,華碩國票59購01,,10.50
1150820,056694,友達國票58購03,4.92,4.01
1150820,056695,友達國票59購03,,4.97
1150820,056696,偉詮電國票59購02,0.56,0.89
1150820,056700,大量國票59購01,,22.20
1150820,056701,京鼎國票59購01,,0.20
1150820,056702,TPK國票59購01,,2.71
1150820,056703,上緯控國票59購01,0.15,0.16
1150820,056704,日月光國票59購03,,8.33
1150820,056706,達興國票59購01,,0.17
1150820,056707,AES國票58購02,,0.32
1150820,056710,宇瞻國票59購04,,4.86
1150820,056712,香港2X元富58購01,,0.12
1150820,056716,元金2X元富62購01,0.55,0.49
1150820,056717,元金2X元富62購03,,0.24
1150820,056720,台化元富58購04,1.30,2.95
1150820,056721,金像電元富58購03,,1.32
1150820,056722,金像電元富58購04,,0.95
1150820,056724,盟立元富58購02,,12.45
1150820,056726,今國光元富58購01,,0.34
1150820,056727,同欣電元富5B購01,,1.74
1150820,056734,台化群益59購01,,1.22
1150820,056735,鴻海群益5B購04,0.63,0.80
1150820,056736,台積電群益58購11,,0.52
1150820,056737,台積電群益5C購06,1.41,1.61
1150820,056738,金像電群益5A購02,,0.78
1150820,056741,友達群益58購03,3.11,2.86
1150820,056742,聯發科群益58購04,20.90,25.30
1150820,056745,普安群益58購02,,1.16
1150820,056746,富邦金群益58購01,,5.03
1150820,056748,台新金群益58購01,7.10,7.10
1150820,056749,永豐金群益58購01,,3.56
1150820,056750,中信金群益59購01,,1.19
1150820,056751,奇鋐群益58購05,,12.70
1150820,056754,康普群益58購02,,1.05
1150820,056756,佳必琪群益59購01,,5.75
1150820,056757,緯穎群益58購08,,13.00
1150820,056759,宇瞻群益5A購03,,6.35
1150820,056760,潤泰新群益59購01,,0.24
1150820,056762,中興電元大58購07,,0.51
1150820,056763,亞力元大58購04,,0.01
1150820,056765,亞德客元大58購02,,0.89
1150820,056766,亞德客元大58購03,,1.01
1150820,056767,大亞元大58購02,,0.16
1150820,056769,長興元大5B購01,1.80,1.89
1150820,056771,中鋼元大58購03,,0.04
1150820,056772,大成鋼元大58購06,2.89,2.68
1150820,056773,大成鋼元大5B購01,2.33,1.87
1150820,056776,台積電元大61購10,1.91,2.17
1150820,056777,宏碁元大58購04,,0.12
1150820,056779,大同元大61購01,0.19,0.16
1150820,056780,佳能元大58購11,,0.02
1150820,056785,友達元大61購07,,3.99
1150820,056787,聯發科元大58購05,,9.55
1150820,056789,華立元大58購01,0.01,0.05
1150820,056790,聯詠元大58購02,4.19,4.47
1150820,056791,聯詠元大58購03,4.24,4.21
1150820,056794,欣興元大61購03,,12.95
1150820,056798,達邁元大58購02,,0.99
1150820,056799,康普元大58購01,,0.14
1150820,056800,臻鼎元大58購08,,8.10
1150820,056802,臻鼎元大61購02,6.05,6.05
1150820,056803,中磊元大58購01,,0.20
1150820,056804,康舒元大58購07,,0.09
1150820,056806,康舒元大61購02,,1.02
1150820,056807,保瑞元大5A購02,0.16,0.15
1150820,056808,台塑化元大58購02,2.87,2.60
1150820,056810,勤誠元大58購05,,1.25
1150820,056811,宇瞻元大58購04,2.41,2.61
1150820,056813,鴻海台新58購01,0.70,2.03
1150820,056814,宇隆國票59購02,,0.22
1150820,056816,金像電國票59購02,1.35,1.40
1150820,056817,超豐國票58購02,2.35,3.19
1150820,056820,富邦金國票58購01,6.35,8.05
1150820,056821,鴻海元富5B購01,1.30,1.99
1150820,056822,威健國票59購01,1.34,1.93
1150820,056827,今國光國票58購02,0.72,1.27
1150820,056828,今國光國票59購01,0.78,0.87
1150820,056837,亞翔國泰59購01,,4.18
1150820,056838,FB科技富邦5C購01,3.59,3.90
1150820,056839,SGBR2X富邦63購01,,2.16
1150820,056840,川湖富邦5B購01,,8.00
1150820,056841,金像電富邦5C購03,,0.68
1150820,056842,力成富邦5B購01,,0.62
1150820,056843,緯穎富邦5A購02,,5.45
1150820,056844,道瓊銅統一72購02,,1.13
1150820,056845,台化統一62購02,1.04,1.09
1150820,056846,和大統一62購01,0.07,0.09
1150820,056847,上銀統一72購03,1.35,1.39
1150820,056848,台積電統一72購02,,1.77
1150820,056849,智邦統一63購01,,1.67
1150820,056850,致茂統一72購01,,1.40
1150820,056852,聯發科統一72購04,1.97,2.26
1150820,056853,盟立統一72購01,,2.01
1150820,056854,盟立統一72購02,1.95,1.92
1150820,056855,信邦統一62購01,1.06,0.96
1150820,056856,聯詠統一62購01,1.32,1.40
1150820,056857,欣興統一66購01,,3.83
1150820,056858,大量統一72購01,2.89,2.25
1150820,056859,大量統一72購02,3.70,3.11
1150820,056860,聯鈞統一63購01,3.13,2.82
1150820,056861,聯鈞統一65購03,,2.58
1150820,056862,台勝科統一72購01,,1.59
1150820,056863,世芯統一72購02,1.63,1.68
1150820,056864,貿聯統一65購03,1.41,1.59
1150820,056865,日月光統一61購03,,2.71
1150820,056867,乙盛統一61購01,,0.52
1150820,056868,乙盛統一72購02,,0.53
1150820,056869,天虹統一72購01,,1.06
1150820,056870,宇瞻統一64購01,1.81,1.87
1150820,056871,宇瞻統一72購05,,1.63
1150820,056872,元黃金永豐62購02,0.29,0.25
1150820,056873,元金2X永豐62購02,,0.20
1150820,056875,華泰永豐5B購01,,2.18
1150820,056876,佳能永豐5A購01,,0.11
1150820,056878,威健永豐58購01,3.67,5.48
1150820,056879,威健永豐5A購01,4.50,4.42
1150820,056880,欣興永豐61購01,,13.40
1150820,056881,大量永豐59購02,,7.35
1150820,056883,貿聯永豐59購01,,3.15
1150820,056884,日月光永豐59購02,,4.78
1150820,056885,鴻海元富58購02,1.78,2.05
1150820,056886,鴻海元富58購03,,3.07
1150820,056888,文曄元富58購01,0.01,0.90
1150820,056890,大量元富58購02,17.60,13.87
1150820,056892,台化群益58購04,,3.02
1150820,056893,中興電群益58購04,,0.02
1150820,056894,大成鋼群益62購01,1.76,1.44
1150820,056895,上銀群益58購02,,3.58
1150820,056896,台積電群益5C購07,1.69,1.99
1150820,056897,智邦群益5A購02,,2.71
1150820,056898,矽統群益58購03,,0.04
1150820,056902,威健群益59購01,2.24,3.14
1150820,056905,貿聯群益58購02,,2.61
1150820,056907,材料群益5B購01,,0.84
1150820,056909,台郡群益58購01,,0.02
1150820,056910,台郡群益58購02,,0.03
1150820,056913,元黃金元大59購05,,0.05
1150820,056915,元金2X元大59購05,,0.08
1150820,056918,台塑元大58購05,,1.24
1150820,056920,東元元大58購03,,0.04
1150820,056921,大亞元大58購03,0.14,0.30
1150820,056923,長興元大5B購02,1.77,1.86
1150820,056926,大成鋼元大58購07,1.05,1.41
1150820,056929,聯電元大61購07,,5.50
1150820,056930,廣宇元大58購03,,0.35
1150820,056931,台積電元大58購08,1.76,1.92
1150820,056932,台積電元大61購11,,1.39
1150820,056933,宏碁元大58購05,0.85,0.85
1150820,056934,宏碁元大5B購01,1.41,1.56
1150820,056938,微星元大58購02,,8.97
1150820,056940,盟立元大58購04,,9.03
1150820,056941,漢翔元大58購04,,2.40
1150820,056945,亞光元大61購01,,0.45
1150820,056949,聯詠元大5B購01,5.00,5.01
1150820,056950,文曄元大58購01,,0.03
1150820,056952,欣興元大5B購01,,14.50
1150820,056953,欣興元大61購04,,7.92
1150820,056960,同欣電元大58購04,0.09,0.14
1150820,056961,同欣電元大5B購02,0.94,0.97
1150820,056963,康舒元大58購09,0.03,0.21
1150820,056964,康舒元大58購10,,0.06
1150820,056966,矽力元大5B購02,,18.50
1150820,056969,元黃金凱基5B購02,,0.17
1150820,056970,元黃金凱基5C購04,0.19,0.18
1150820,056974,道瓊銀凱基65購01,1.84,1.71
1150820,056975,東元凱基58購04,,1.26
1150820,056976,亞德客凱基58購02,,0.93
1150820,056977,長興凱基58購05,0.70,1.65
1150820,056978,美時凱基5A購01,,0.02
1150820,056979,中鋼凱基58購01,,0.12
1150820,056980,鴻海凱基5A購02,1.67,2.04
1150820,056981,台積電凱基58購21,,2.86
1150820,056982,台積電凱基6C購06,,3.92
1150820,056983,智邦凱基5A購02,3.47,4.96
1150820,056985,大同凱基5A購02,,0.03
1150820,056986,友達凱基5A購03,,7.20
1150820,056988,大立光凱基58購04,,25.00
1150820,056990,威健凱基58購01,,7.25
1150820,056992,欣興凱基58購08,21.00,16.85
1150820,056995,大量凱基58購01,,11.05
1150820,056996,世芯凱基61購03,,2.42
1150820,056997,貿聯凱基58購07,,5.08
1150820,056998,臻鼎凱基58購06,20.90,23.73
1150820,056999,達興凱基5A購02,,0.15
1150820,05699U,華邦電群益59售02,0.04,0.03
1150820,057000,佳必琪凱基5B購01,,11.47
1150820,057002,龍德船凱基5A購02,,0.47
1150820,057003,采鈺凱基59購01,,1.53
1150820,057004,至上凱基58購03,0.28,0.67
1150820,057005,智邦統一72購02,0.89,1.02
1150820,057006,瑞昱統一64購01,1.45,1.61
1150820,057007,威健統一64購01,,1.46
1150820,057008,聯詠統一64購01,1.29,1.29
1150820,057009,日月光統一72購01,1.42,1.49
1150820,057010,矽力統一62購02,,1.55
1150820,057011,天虹統一72購02,0.80,0.83
1150820,057012,美時永豐5B購01,,0.06
1150820,057013,華通永豐5A購01,1.47,1.38
1150820,057014,台積電永豐72購02,1.61,1.67
1150820,057015,智邦永豐5C購01,1.77,2.68
1150820,057018,至上永豐5B購01,,23.75
1150820,057019,華通群益58購07,0.06,0.06
1150820,057020,華通群益62購01,1.22,1.13
1150820,057024,台化富邦5A購01,,1.74
1150820,057025,大成鋼富邦5A購02,,1.75
1150820,057026,大成鋼富邦5B購02,1.93,1.53
1150820,057027,華通富邦63購01,0.80,0.80
1150820,057028,智邦富邦5B購01,,2.62
1150820,057029,智邦富邦5B購02,,2.32
1150820,057030,宏碁富邦5A購01,0.98,0.99
1150820,057031,宏碁富邦5B購01,0.82,0.86
1150820,057032,瑞昱富邦5A購02,2.38,2.82
1150820,057034,亞光富邦5C購01,,0.27
1150820,057035,昇貿富邦5A購03,,0.36
1150820,057036,新日興富邦5A購01,,0.20
1150820,057037,新日興富邦5B購01,0.22,0.29
1150820,057039,定穎控富邦5B購01,,0.13
1150820,057042,今國光富邦5A購02,0.97,1.11
1150820,057045,矽力富邦5A購03,2.55,2.55
1150820,057046,AES富邦5A購01,,0.40
1150820,057048,元金2X凱基61購05,,0.86
1150820,057052,台化凱基58購03,0.28,0.68
1150820,057053,大成鋼凱基58購04,,3.96
1150820,057055,華通凱基58購06,0.50,0.62
1150820,057056,華通凱基61購02,2.59,2.36
1150820,057057,鴻海凱基5A購03,,3.03
1150820,057058,台積電凱基58購24,2.85,3.11
1150820,057061,台光電凱基5A購03,,21.83
1150820,057063,盟立凱基58購02,,20.57
1150820,057064,富邦金凱基58購01,6.90,7.15
1150820,057065,元大金凱基58購01,,10.45
1150820,057066,奇鋐凱基65購01,,5.29
1150820,057067,奇鋐凱基65購02,,5.22
1150820,057068,亞光凱基58購05,,0.06
1150820,057069,聯詠凱基5A購02,,8.16
1150820,057070,日月光凱基5B購01,,13.70
1150820,057071,亞翔凱基5B購02,,7.28
1150820,057072,同欣電凱基5B購01,,1.85
1150820,057073,康舒凱基58購04,,0.07
1150820,057074,矽力凱基61購01,5.00,5.25
1150820,057075,勤誠凱基58購04,,0.02
1150820,057076,日本2X國票58購01,,0.38
1150820,057078,台光電國票61購01,15.50,14.49
1150820,057079,偉詮電國票5B購01,0.73,0.88
1150820,057080,矽統國泰59購01,,0.28
1150820,057081,文曄國泰59購01,,3.14
1150820,05708U,台積電中信59售01,,0.01
1150820,057090,華通元富58購02,,1.02
1150820,057091,華通元富58購03,,0.17
1150820,057092,華通元富58購04,0.01,0.09
1150820,057093,友達元富58購01,2.58,2.79
1150820,057096,台灣50元大58購06,,10.40
1150820,057097,道瓊銅元大5B購01,0.39,0.47
1150820,057098,台塑元大58購06,,4.39
1150820,057099,台化元大58購07,,3.16
1150820,057101,台化元大5B購01,1.82,2.11
1150820,057102,台化元大5C購01,1.50,1.56
1150820,057103,台化元大61購02,2.34,2.40
1150820,057104,中興電元大58購09,,0.08
1150820,057105,亞德客元大58購04,,0.58
1150820,057107,中鋼元大5B購01,,0.15
1150820,057108,大成鋼元大58購08,,1.79
1150820,057109,華通元大58購11,,0.60
1150820,057110,華通元大58購12,,0.14
1150820,057111,華通元大58購13,,0.52
1150820,057112,華通元大58購14,,0.04
1150820,057113,華通元大5B購03,,0.97
1150820,057114,華通元大61購04,2.13,2.07
1150820,057115,台積電元大58購10,0.82,1.35
1150820,057116,台積電元大61購12,1.61,1.83
1150820,057118,凱美元大58購02,,3.49
1150820,057123,聯發科元大58購06,,9.65
1150820,057125,聯發科元大61購15,,7.15
1150820,057128,聯詠元大58購05,,5.23
1150820,057129,文曄元大58購02,,0.78
1150820,057136,大量元大5C購01,6.85,4.70
1150820,057137,定穎控元大58購16,,0.02
1150820,057138,定穎控元大58購17,,0.03
1150820,057140,同欣電元大58購05,,0.03
1150820,057141,同欣電元大58購06,0.32,0.32
1150820,057142,同欣電元大58購07,1.07,1.07
1150820,057145,汎銓元大5A購01,,5.08
1150820,057146,臺股指元大58購15,,2.50
1150820,057149,台化統一62購03,1.32,1.31
1150820,057150,東元統一64購01,0.35,0.31
1150820,057151,永光統一61購03,,1.04
1150820,057152,光寶科統一65購01,1.44,1.37
1150820,057153,台達電統一62購02,0.63,0.90
1150820,057154,華通統一62購05,0.48,0.45
1150820,057155,華通統一65購02,0.42,0.41
1150820,057156,華通統一72購01,0.74,0.71
1150820,057157,台積電統一64購02,0.92,0.98
1150820,057158,台積電統一68購03,,1.31
1150820,057159,智邦統一62購01,,1.58
1150820,057160,所羅門統一64購01,0.62,0.56
1150820,057161,所羅門統一72購01,0.71,0.66
1150820,057162,致茂統一61購04,,2.52
1150820,057163,致茂統一62購01,,2.12
1150820,057164,金像電統一62購04,0.91,0.82
1150820,057165,佳能統一64購02,,0.36
1150820,057166,佳能統一72購02,,0.39
1150820,057167,台光電統一63購01,3.35,3.04
1150820,057168,漢唐統一63購03,0.52,0.61
1150820,057169,友達統一62購01,1.49,1.50
1150820,057170,京元電統一62購02,0.13,0.16
1150820,057171,京元電統一62購03,,0.23
1150820,057173,文曄統一61購01,0.89,1.07
1150820,057174,新日興統一72購01,,0.49
1150820,057175,玉晶光統一62購01,,1.22
1150820,057177,台勝科統一72購02,2.44,2.33
1150820,057178,日月光統一62購02,,1.70
1150820,057179,日月光統一62購03,1.70,1.84
1150820,057180,日月光統一72購02,1.55,1.66
1150820,057181,智伸科統一72購01,,0.84
1150820,057182,新唐統一72購01,1.27,1.37
1150820,057184,同欣電統一62購02,,0.63
1150820,057185,康舒統一65購02,0.37,0.45
1150820,057186,啟碁統一61購04,1.01,1.12
1150820,057187,啟碁統一62購01,0.89,1.04
1150820,057188,啟碁統一63購01,0.78,0.89
1150820,057189,啟碁統一63購02,,1.06
1150820,057190,啟碁統一65購01,0.80,0.88
1150820,057191,啟碁統一68購01,0.83,0.88
1150820,057192,啟碁統一72購01,,1.05
1150820,057193,啟碁統一72購02,,1.16
1150820,057194,矽力統一62購03,,1.62
1150820,057195,矽力統一62購04,,1.90
1150820,057196,保瑞統一72購01,0.40,0.36
1150820,057197,南茂統一62購01,1.54,1.58
1150820,057198,台灣50兆豐62購01,3.09,3.16
1150820,057199,華通兆豐5A購02,0.58,0.52
1150820,057200,台積電兆豐5A購01,1.59,1.75
1150820,057201,台光電兆豐5A購02,9.55,9.59
1150820,057202,SGBR2X富邦63購02,,1.82
1150820,057204,凱基金富邦59購01,,2.89
1150820,057205,德律富邦5A購01,,2.45
1150820,057206,亞翔富邦5A購02,1.53,1.53
1150820,057208,啟碁富邦5B購01,0.98,1.13
1150820,057209,龍德船富邦5B購01,0.29,0.31
1150820,057211,華城永豐59購02,,0.03
1150820,057212,華城永豐5A購01,0.18,0.17
1150820,057213,中砂永豐59購02,,2.41
1150820,057214,華通永豐5A購02,0.36,0.37
1150820,057216,致茂永豐5A購02,4.04,4.07
1150820,057221,億光永豐59購01,,1.01
1150820,057222,中工永豐59購01,,0.06
1150820,057223,中工永豐5A購01,,0.22
1150820,057224,神基永豐59購01,,0.47
1150820,057225,大立光永豐58購04,,20.40
1150820,057226,大立光永豐5A購01,42.10,30.03
1150820,057227,禾伸堂永豐58購01,,82.67
1150820,057229,欣興永豐5B購02,,7.58
1150820,057231,聯鈞永豐5B購01,,9.80
1150820,057233,定穎控永豐5A購03,,3.07
1150820,057234,眾達永豐5A購02,1.18,1.03
1150820,057236,同欣電永豐5A購01,,1.06
1150820,057239,啟碁永豐5A購01,,2.26
1150820,057240,緯穎永豐59購04,,4.04
1150820,057241,昇陽半永豐5B購01,,4.11
1150820,057245,SGBR2X凱基5A購02,,8.45
1150820,057247,華城凱基58購01,,0.01
1150820,057249,華城凱基58購03,,0.01
1150820,057250,中砂凱基58購05,,3.42
1150820,057251,台達電凱基58購05,,0.60
1150820,057253,華通凱基58購07,,0.03
1150820,057254,華通凱基5A購02,,0.80
1150820,057255,華通凱基5B購01,1.68,1.56
1150820,057256,鴻海凱基58購07,,2.63
1150820,057259,台積電凱基59購08,1.32,1.62
1150820,057261,億光凱基58購01,0.10,0.90
1150820,057262,漢唐凱基5A購03,1.00,1.56
1150820,057266,台新金凱基58購02,,5.65
1150820,057267,欣興凱基59購04,,14.28
1150820,057268,欣興凱基61購02,,9.25
1150820,057269,欣興凱基61購03,19.30,16.12
1150820,057270,聯鈞凱基58購08,,4.41
1150820,057271,上緯控凱基59購01,,0.19
1150820,057273,臻鼎凱基61購01,,7.33
1150820,057274,啟碁凱基58購01,,1.88
1150820,057276,啟碁凱基61購02,3.47,4.07
1150820,057278,龍德船凱基5C購01,0.52,0.50
1150820,057279,AES凱基59購02,,0.03
1150820,057280,勤誠凱基58購06,,0.02
1150820,057282,日本2X國票59購01,,1.34
1150820,057284,華城國票59購02,,0.04
1150820,057285,華城國票59購03,,0.07
1150820,057286,中砂國票59購02,,3.17
1150820,057287,光寶科國票59購01,2.94,2.98
1150820,057288,台達電國票58購08,,0.71
1150820,057289,台達電國票5A購03,2.03,2.31
1150820,057290,台達電國票5A購04,,1.71
1150820,057291,台達電國票5B購01,3.66,3.97
1150820,057292,華通國票59購05,,0.28
1150820,057293,致茂國票62購01,,5.25
1150820,057294,中工國票58購01,,0.01
1150820,057295,國精化國票58購01,,0.33
1150820,057297,事欣科國票59購02,,2.36
1150820,057299,啟碁國票59購01,,2.18
1150820,057300,GIS國票58購01,2.70,2.00
1150820,057302,台灣50元富58購10,,8.65
1150820,057303,南亞元富59購02,,13.80
1150820,057304,華通元富58購07,,0.03
1150820,057305,華通元富59購04,,0.46
1150820,057306,台積電元富58購02,,3.14
1150820,057307,台積電元富58購03,,2.38
1150820,057308,台積電元富58購04,,3.17
1150820,057309,台積電元富58購05,,1.79
1150820,05730U,華邦電群益59售03,,0.02
1150820,057310,台積電元富58購06,0.27,1.02
1150820,057311,台積電元富58購07,0.01,0.28
1150820,057313,台積電元富58購09,,5.30
1150820,057314,台積電元富58購10,,4.01
1150820,057315,台積電元富72購01,,25.83
1150820,057316,國精化元富58購01,,0.53
1150820,057317,亞翔元富58購01,1.80,3.08
1150820,057318,AES元富58購02,,0.06
1150820,057319,AES元富59購04,,0.64
1150820,057324,SGBR2X元大59購01,,5.22
1150820,057325,SGBR2X元大59購02,,8.82
1150820,057327,士電元大58購08,,0.05
1150820,057329,士電元大59購04,,0.04
1150820,057330,士電元大5B購01,,0.15
1150820,057332,中興電元大58購10,,0.05
1150820,057334,華城元大5C購01,0.18,0.17
1150820,057335,華榮元大58購01,,0.16
1150820,057336,長興元大58購06,,0.21
1150820,057338,聯電元大61購08,,2.95
1150820,057339,華通元大5B購04,0.45,0.47
1150820,057340,華通元大61購05,0.65,0.63
1150820,057341,華泰元大58購05,,0.03
1150820,057342,台積電元大58購12,0.01,0.06
1150820,057343,台積電元大61購13,,1.24
1150820,057344,英業達元大58購01,,4.23
1150820,057346,技嘉元大58購03,,7.55
1150820,057347,台光電元大58購09,,10.60
1150820,057348,台光電元大58購10,,7.19
1150820,057349,偉詮電元大58購01,,0.04
1150820,057352,強茂元大5C購01,,3.50
1150820,057353,華新科元大58購04,,6.85
1150820,057354,漢翔元大58購05,0.05,0.09
1150820,057355,永豐金元大58購01,,2.80
1150820,057356,奇鋐元大5B購03,5.95,5.33
1150820,057357,奇鋐元大61購03,,4.62
1150820,057358,文曄元大58購03,,0.90
1150820,057359,欣興元大58購23,,9.66
1150820,057360,欣興元大61購06,5.10,4.32
1150820,057361,定穎控元大5C購01,,0.38
1150820,057362,國精化元大58購01,,0.18
1150820,057363,新唐元大58購02,,5.67
1150820,057364,全訊元大58購01,,0.10
1150820,057365,啟碁元大58購01,,0.96
1150820,057367,啟碁元大61購03,,0.93
1150820,057372,至上元大61購03,2.32,2.37
1150820,057374,SP黃豆群益66購01,0.56,0.56
1150820,057376,道瓊銀群益5A購05,,0.03
1150820,057377,台化群益5B購01,1.69,1.81
1150820,057379,華城群益5A購01,,0.09
1150820,057383,台達電群益58購05,,1.05
1150820,057384,台達電群益59購02,,1.30
1150820,057385,華通群益58購09,,0.04
1150820,057387,華通群益5A購02,0.52,0.55
1150820,057388,鴻海群益5B購05,0.35,0.61
1150820,057389,國巨群益58購10,,10.40
1150820,05738U,T50正2元大61售01,,0.09
1150820,057391,台積電群益58購12,,3.06
1150820,057392,台積電群益59購05,1.99,2.40
1150820,057393,光罩群益58購01,,0.28
1150820,057395,台光電群益58購07,27.70,26.87
1150820,057396,凌陽群益58購01,0.06,0.17
1150820,057397,友達群益59購04,,2.13
1150820,057401,漢翔群益59購01,0.80,0.68
1150820,057402,元大金群益58購02,,5.83
1150820,057403,台新金群益58購02,3.72,3.46
1150820,057405,奇鋐群益58購06,,7.51
1150820,057407,德律群益5B購01,2.05,2.05
1150820,057408,欣興群益5A購07,,6.46
1150820,057409,欣興群益5B購04,,11.10
1150820,057410,建漢群益59購01,,0.02
1150820,057411,聯鈞群益59購02,,9.80
1150820,057413,日月光群益59購03,,7.10
1150820,057419,啟碁群益58購02,0.07,0.24
1150820,057423,富鼎群益59購01,,4.46
1150820,057425,臺股指群益58購23,,9.25
1150820,057426,臺股指群益58購24,,9.02
1150820,057427,電子類群益58購01,,7.65
1150820,057429,南亞兆豐63購01,,6.30
1150820,057430,華城兆豐5B購01,0.12,0.11
1150820,057431,光寶科兆豐63購01,,2.99
1150820,057432,華通兆豐5B購03,0.40,0.41
1150820,057433,鴻海兆豐63購01,2.13,2.48
1150820,057434,鴻海兆豐63購02,1.78,2.21
1150820,057435,智邦兆豐5B購01,,2.60
1150820,057436,友達兆豐5B購01,2.71,2.71
1150820,057437,日月光兆豐5B購01,2.90,3.02
1150820,057438,啟碁兆豐5B購01,0.63,0.80
1150820,057439,緯穎兆豐63購01,,5.76
1150820,057440,中興電富邦5B購01,0.33,0.31
1150820,057441,華城富邦5B購01,0.08,0.10
1150820,057442,華城富邦5C購01,,0.20
1150820,057443,光寶科富邦59購02,,1.99
1150820,057445,華通富邦63購02,0.62,0.58
1150820,057446,鴻海富邦59購03,,0.61
1150820,057447,國巨富邦63購02,2.99,3.08
1150820,057448,台積電富邦59購01,1.02,1.34
1150820,057451,緯創富邦63購01,,2.56
1150820,057454,康舒富邦63購01,0.26,0.32
1150820,057455,昇陽半富邦5C購01,1.10,1.42
1150820,057456,至上富邦61購01,1.29,1.31
1150820,057457,勤誠富邦59購03,,0.32
1150820,057458,臺股指富邦5B購06,3.17,3.25
1150820,057459,臺股指富邦61購11,,3.40
1150820,057462,南亞國泰5A購01,7.65,7.65
1150820,057463,聯電國泰5A購01,,8.65
1150820,057466,矽統國泰5A購01,0.25,0.48
1150820,057475,台灣50國票59購02,,7.92
1150820,057476,台塑國票59購01,0.65,0.94
1150820,057477,台塑國票5A購01,0.90,1.05
1150820,057478,台化國票59購01,1.76,2.14
1150820,057479,台化國票5A購01,1.33,1.67
1150820,057480,中砂國票5A購01,,1.94
1150820,057481,永光國票5A購01,,1.39
1150820,057482,華通國票5A購03,0.26,0.31
1150820,057483,華通國票62購02,,0.82
1150820,057484,國巨國票59購02,,9.50
1150820,057485,國巨國票5A購01,8.00,8.90
1150820,057486,國巨國票5A購02,,8.42
1150820,057487,華泰國票5A購01,,0.06
1150820,057488,台亞國票5A購01,,0.67
1150820,057489,新興國票5A購01,0.94,0.66
1150820,057490,德律國票5A購01,2.48,3.37
1150820,057491,欣興國票5A購05,10.80,8.54
1150820,057492,欣興國票5C購01,,10.72
1150820,057493,聯鈞國票5A購01,9.85,7.55
1150820,057494,日月光國票5A購01,,4.51
1150820,057496,新唐國票5A購01,,5.60
1150820,057497,眾達國票5A購01,1.00,0.82
1150820,057498,台郡國票5A購01,,0.11
1150820,057500,華城統一63購01,0.12,0.13
1150820,057501,華城統一66購01,0.29,0.22
1150820,057502,華城統一73購01,0.38,0.35
1150820,057503,華城統一73購02,0.36,0.34
1150820,057504,中砂統一63購01,1.08,1.12
1150820,057505,中砂統一73購01,1.43,1.42
1150820,057506,川湖統一63購01,,10.40
1150820,057507,光寶科統一63購01,,1.22
1150820,057508,光寶科統一73購01,1.27,1.17
1150820,057509,華通統一65購03,0.56,0.50
1150820,057510,台積電統一73購01,0.99,1.03
1150820,057511,致茂統一63購02,1.39,1.36
1150820,057512,佳能統一61購02,,0.28
1150820,057513,京元電統一63購01,,0.25
1150820,057514,強茂統一63購01,,1.47
1150820,057515,長榮統一63購01,1.11,0.80
1150820,057516,陽明統一63購01,0.53,0.43
1150820,057517,長榮太統一63購01,0.61,0.72
1150820,057518,富邦金統一63購01,,1.33
1150820,057519,國泰金統一63購01,0.97,1.10
1150820,057520,凱基金統一63購01,1.61,1.70
1150820,057521,中信金統一63購01,,0.85
1150820,057523,文曄統一73購01,,0.90
1150820,057524,欣興統一63購02,4.35,3.47
1150820,057525,欣興統一66購02,3.40,3.09
1150820,057526,緯創統一63購01,,1.54
1150820,057527,京鼎統一63購01,,0.46
1150820,057528,聯鈞統一63購02,2.32,2.03
1150820,057530,辛耘統一66購01,,2.13
1150820,057531,世芯統一63購01,0.69,0.69
1150820,057532,神達統一63購01,,0.65
1150820,057533,日月光統一63購01,,1.84
1150820,057534,臻鼎統一63購01,,3.52
1150820,057535,達興統一73購01,0.51,0.58
1150820,057536,聯茂統一64購02,,5.41
1150820,057537,同欣電統一61購02,0.62,0.54
1150820,057538,同欣電統一63購01,0.48,0.48
1150820,057539,啟碁統一63購03,0.79,0.86
1150820,057540,啟碁統一65購02,,0.77
1150820,057541,啟碁統一73購01,1.03,1.13
1150820,057543,愛普統一63購02,,2.55
1150820,057544,愛普統一73購01,2.48,2.46
1150820,057545,龍德船統一63購01,0.41,0.35
1150820,057546,采鈺統一63購01,,1.24
1150820,057547,勤誠統一63購02,0.57,0.76
1150820,057548,南亞永豐5B購01,,41.95
1150820,057549,光寶科永豐5B購02,,1.50
1150820,057550,聯電永豐5B購02,,44.90
1150820,057552,華通永豐5C購01,0.82,0.89
1150820,057553,華泰永豐5B購02,,0.66
1150820,057554,台積電永豐63購04,,1.16
1150820,057555,台積電永豐63購05,1.31,1.47
1150820,057556,光罩永豐59購01,,0.04
1150820,057557,致茂永豐61購01,3.14,3.21
1150820,057558,台光電永豐5B購01,,13.60
1150820,057559,京元電永豐5B購01,0.17,0.31
1150820,057563,聯詠永豐5A購01,,3.72
1150820,057564,欣興永豐59購06,,8.78
1150820,057565,欣興永豐5A購05,,9.12
1150820,057566,欣興永豐5C購03,,12.87
1150820,057567,緯創永豐5B購01,,30.72
1150820,057569,新唐永豐5A購01,2.20,2.74
1150820,057570,臻鼎永豐5B購01,6.40,6.40
1150820,057571,眾達永豐59購02,,0.04
1150820,057572,達興永豐5A購01,,0.07
1150820,057573,祥碩永豐5B購01,,1.01
1150820,057574,愛普永豐5B購01,,26.75
1150820,057576,采鈺永豐5B購01,,3.94
1150820,057577,汎銓永豐5C購01,,3.03
1150820,057578,兆聯永豐5A購01,,3.25
1150820,057580,FBNQ2X群益61購01,,3.64
1150820,057581,南亞群益59購03,,7.26
1150820,057583,中砂群益5A購01,,3.05
1150820,057584,光寶科群益5B購01,2.69,2.42
1150820,057585,華通群益5B購02,,0.71
1150820,057586,鴻海群益5A購06,,2.24
1150820,057592,台積電群益63購01,1.71,1.79
1150820,057594,智邦群益62購01,1.76,2.09
1150820,057595,致茂群益5B購02,,4.14
1150820,057596,致茂群益5C購01,,3.87
1150820,057600,德律群益61購01,2.16,2.52
1150820,057601,欣興群益62購01,5.25,4.77
1150820,057603,臻鼎群益59購02,,5.70
1150820,057605,天鈺群益5A購01,,0.46
1150820,057607,力成群益59購03,0.25,0.49
1150820,057608,同欣電群益5B購01,0.90,1.02
1150820,057609,啟碁群益61購05,2.08,2.40
1150820,057611,保瑞群益59購03,,0.01
1150820,057612,AES群益5A購01,,0.20
1150820,057614,臺股指群益63購01,25.20,27.04
1150820,057616,元金2X元大59購06,,0.05
1150820,057620,台塑元大59購04,,0.64
1150820,057622,南亞元大62購01,,3.97
1150820,057623,華城元大59購01,0.06,0.08
1150820,057624,華城元大5A購01,,0.13
1150820,057625,華城元大61購01,0.29,0.26
1150820,057626,中砂元大59購07,,1.33
1150820,057628,美時元大59購02,,0.01
1150820,057631,上銀元大61購04,,2.87
1150820,057632,光寶科元大59購02,,2.17
1150820,057633,光寶科元大59購03,,1.46
1150820,057634,光寶科元大62購01,1.57,1.47
1150820,057636,華通元大59購04,,0.12
1150820,057638,華通元大62購02,0.49,0.60
1150820,057640,台積電元大62購10,,1.13
1150820,057644,技嘉元大59購03,,5.95
1150820,057645,聯發科元大62購05,,4.78
1150820,057648,強茂元大61購01,,4.31
1150820,057649,漢翔元大59購01,,1.09
1150820,057650,奇鋐元大5C購01,,4.61
1150820,057651,奇鋐元大62購02,3.78,3.85
1150820,057652,建漢元大59購01,,0.01
1150820,057653,緯創元大5A購04,,3.29
1150820,057654,緯創元大62購03,,3.88
1150820,057656,新唐元大59購01,,2.29
1150820,057657,臻鼎元大59購03,5.65,6.36
1150820,057658,達興元大59購02,,0.03
1150820,057659,達興元大5C購01,,0.17
1150820,057667,元黃金凱基65購01,0.33,0.29
1150820,057668,元金2X凱基61購06,0.30,0.27
1150820,057669,SGBR2X凱基59購01,8.30,8.05
1150820,057672,台化凱基5C購01,2.41,2.58
1150820,057673,東元凱基5A購04,0.13,0.12
1150820,057675,中興電凱基5C購01,0.55,0.67
1150820,057677,長興凱基59購01,,0.85
1150820,057678,光寶科凱基5A購03,,3.02
1150820,057680,華通凱基61購03,0.88,0.78
1150820,057681,鴻海凱基59購04,,2.03
1150820,057682,台積電凱基61購02,,1.76
1150820,057683,台積電凱基63購03,,1.88
1150820,057684,英業達凱基59購01,,7.55
1150820,057685,致茂凱基63購01,4.78,5.04
1150820,057686,矽統凱基59購01,,0.01
1150820,057687,佳能凱基59購03,,0.01
1150820,057688,精金國票5B購01,1.20,1.22
1150820,057690,強茂凱基61購01,,3.77
1150820,057692,大立光凱基5A購02,,21.70
1150820,057693,德律凱基5C購01,2.78,3.16
1150820,057694,文曄凱基59購01,,1.96
1150820,057695,欣興凱基5C購03,,8.78
1150820,057697,日月光凱基5A購03,,6.44
1150820,057700,中租凱基59購01,,0.26
1150820,057701,聯茂凱基59購03,,33.70
1150820,057702,同欣電凱基5A購02,0.62,0.82
1150820,057703,采鈺凱基59購02,,2.22
1150820,057705,南亞元富59購03,7.60,8.96
1150820,057706,華城元富5C購01,0.17,0.17
1150820,057708,華通元富59購05,,0.30
1150820,057709,華通元富59購06,,0.02
1150820,057710,鴻海元富63購01,2.60,3.22
1150820,057712,致茂元富59購01,,6.26
1150820,057713,京元電元富59購01,,0.02
1150820,057716,欣興元富59購04,,12.20
1150820,057721,日月光元富59購01,,7.90
1150820,057724,康舒元富59購01,,0.45
1150820,057725,康舒元富59購02,,0.09
1150820,057726,康舒元富5C購01,0.48,0.48
1150820,057727,緯穎元富5A購01,,5.25
1150820,057728,惠特元富5C購01,0.47,0.51
1150820,057730,三集瑞元富59購01,,0.02
1150820,057732,台灣50台新59購01,,7.40
1150820,057733,長興兆豐5B購01,,0.92
1150820,057735,聯發科兆豐63購01,,11.35
1150820,057736,神基兆豐63購01,1.27,1.26
1150820,057737,新唐兆豐63購01,4.23,4.60
1150820,057738,臻鼎兆豐63購01,8.65,8.90
1150820,057739,祥碩兆豐63購01,,1.73
1150820,057740,勤誠兆豐5B購01,0.39,0.60
1150820,057742,台化永豐5A購01,1.08,1.25
1150820,057745,鴻海永豐64購02,1.82,2.19
1150820,057746,鴻海永豐66購02,1.20,1.40
1150820,057748,台積電永豐5C購04,0.41,0.49
1150820,057749,致茂永豐5C購01,1.59,1.64
1150820,057750,台光電永豐5C購01,,13.47
1150820,057752,建準永豐59購01,0.04,0.13
1150820,057753,飛宏永豐5A購01,,0.14
1150820,057754,奇鋐永豐5C購03,2.12,2.15
1150820,057755,聯鈞永豐5A購02,,4.13
1150820,057756,嘉澤永豐5A購01,,0.63
1150820,057757,世芯永豐64購02,2.58,2.73
1150820,057759,國精化永豐5C購01,0.26,0.33
1150820,057760,聯茂永豐59購02,,9.97
1150820,057761,聯茂永豐5B購01,15.00,9.69
1150820,057763,龍德船永豐5A購01,0.25,0.29
1150820,057764,汎銓永豐5C購02,1.80,1.60
1150820,057765,至上永豐5B購02,3.91,3.98
1150820,057767,台化國泰5A購01,1.64,1.84
1150820,057773,勤誠國泰5A購01,0.93,1.48
1150820,057775,台灣50富邦73購01,3.11,3.27
1150820,057776,T50反1富邦63購02,0.23,0.24
1150820,057778,南亞富邦5C購01,,4.07
1150820,057779,台化富邦5C購01,0.45,0.50
1150820,057781,台積電富邦59購02,0.58,0.84
1150820,057782,台積電富邦63購02,1.27,1.47
1150820,057783,台積電富邦63購03,,1.99
1150820,057784,華碩富邦59購01,6.85,6.89
1150820,057787,新興富邦5B購01,0.84,0.65
1150820,057788,長榮太富邦5C購01,0.33,0.40
1150820,057789,奇鋐富邦5C購01,,2.85
1150820,057790,日月光富邦59購03,,3.15
1150820,057791,緯穎富邦59購03,,3.15
1150820,057792,兆聯富邦5A購01,,2.06
1150820,057793,南茂富邦5B購01,,2.20
1150820,057794,台灣50凱基59購04,3.46,5.35
1150820,057795,台灣50凱基59購05,,6.60
1150820,057798,T50反1凱基5C購03,,0.13
1150820,057799,T50反1凱基63購02,0.39,0.43
1150820,057801,台塑凱基59購03,,1.00
1150820,057802,南亞凱基61購01,7.90,8.10
1150820,057803,台化凱基5A購02,0.77,0.96
1150820,057804,華城凱基61購01,0.15,0.13
1150820,057805,永光凱基5A購01,1.82,1.73
1150820,057806,上銀凱基5C購02,6.30,4.68
1150820,057807,鴻海凱基5C購06,,1.69
1150820,057808,國巨凱基59購05,,13.73
1150820,057809,台積電凱基5B購08,,1.42
1150820,057810,台積電凱基73購01,,2.60
1150820,057811,智邦凱基68購01,3.19,3.85
1150820,057813,技嘉凱基5A購01,,6.53
1150820,057814,台光電凱基59購04,,14.32
1150820,057817,奇鋐凱基61購02,,5.15
1150820,057818,緯創凱基5A購05,,3.60
1150820,057819,聯鈞凱基5A購02,,5.78
1150820,057820,世芯凱基59購03,,1.05
1150820,057824,力成凱基59購05,,0.80
1150820,057825,啟碁凱基61購03,1.62,1.98
1150820,057831,臺股指凱基64購03,,12.00
1150820,057833,台塑元大59購05,,0.43
1150820,057834,台塑元大59購06,,0.07
1150820,057835,南亞元大61購02,,2.69
1150820,057837,台化元大59購03,,0.76
1150820,057838,亞力元大59購01,,0.01
1150820,057839,華城元大59購02,,0.01
1150820,057840,華城元大5A購02,,0.01
1150820,057841,華城元大61購02,0.12,0.14
1150820,057843,上銀元大61購05,,2.62
1150820,057845,光寶科元大59購05,,2.35
1150820,057846,光寶科元大61購03,,2.66
1150820,057847,台積電元大59購06,,0.19
1150820,057848,台積電元大61購14,,1.29
1150820,057850,英業達元大59購02,,3.51
1150820,057851,致茂元大59購05,,3.20
1150820,057852,致茂元大59購06,,2.66
1150820,057853,佳能元大59購03,,0.02
1150820,057854,台光電元大59購01,7.00,6.04
1150820,057856,華新科元大5C購01,,8.21
1150820,057857,華新科元大61購01,2.50,2.45
1150820,057859,奇鋐元大59購07,,3.62
1150820,057860,奇鋐元大5C購02,3.93,3.69
1150820,057861,奇鋐元大61購04,,2.42
1150820,057862,增你強元大59購01,,0.56
1150820,057863,文曄元大59購01,,0.22
1150820,057864,緯創元大5A購05,,4.45
1150820,057865,緯創元大5C購02,,3.70
1150820,057866,緯創元大61購03,,3.01
1150820,057869,臻鼎元大59購04,6.35,6.35
1150820,057870,臻鼎元大59購05,5.30,5.83
1150820,057871,眾達元大59購02,,0.01
1150820,057872,啟碁元大61購04,,1.62
1150820,057874,勤誠元大59購02,0.01,0.01
1150820,057875,中興電永豐5A購01,,0.42
1150820,057876,長興永豐5B購02,,0.26
1150820,057877,楠梓電永豐5A購01,0.59,0.78
1150820,057878,仁寶永豐5B購01,2.90,3.26
1150820,057879,光罩永豐5A購01,,0.05
1150820,057880,漢唐永豐5B購01,,0.71
1150820,057881,志聖永豐5A購02,,2.12
1150820,057886,聯鈞永豐5B購02,,3.24
1150820,057887,達邁永豐5B購01,,0.33
1150820,057888,眾達永豐5C購01,,0.17
1150820,057889,矽格永豐5A購02,,0.88
1150820,057890,GIS永豐59購01,,0.72
1150820,057891,洋基永豐5A購01,,0.45
1150820,057892,采鈺永豐5A購01,,3.44
1150820,057893,富世達永豐5A購01,0.40,0.42
1150820,057894,三集瑞永豐5A購01,,0.03
1150820,057898,鴻海國票66購01,,1.87
1150820,057899,光罩國票5A購01,,0.13
1150820,057900,台光電國票66購02,8.65,7.89
1150820,057901,志聖國票5A購01,,5.00
1150820,057902,長榮國票5A購01,2.44,1.49
1150820,057903,元大金國票5A購01,2.69,4.80
1150820,057904,奇鋐國票69購01,,3.17
1150820,057905,聯鈞國票5A購02,5.25,4.07
1150820,057906,嘉澤國票5A購02,,0.80
1150820,057907,日月光國票65購01,4.85,5.57
1150820,057908,國精化國票59購01,,0.14
1150820,057909,國精化國票5A購01,,0.42
1150820,057910,眾達國票59購01,,0.03
1150820,057911,眾達國票5A購02,0.11,0.11
1150820,057912,矽格國票61購02,1.67,1.88
1150820,057914,緯穎國票5C購01,,3.96
1150820,057915,洋基國票5A購01,0.14,0.25
1150820,057916,富世達國票66購01,0.96,0.92
1150820,057917,三集瑞國票5A購01,,0.03
1150820,057919,瀚荃國票59購01,0.02,0.01
1150820,057920,南茂國票5A購01,0.94,1.29
1150820,057923,勤誠國票5A購01,,1.82
1150820,057924,台塑國泰5A購01,,0.98
1150820,057927,亞力國泰5A購01,,0.04
1150820,057928,楠梓電國泰5A購01,1.77,2.00
1150820,057929,新興國泰5A購01,1.12,0.76
1150820,057930,嘉澤國泰5A購01,,1.15
1150820,057932,華城兆豐5B購02,0.04,0.04
1150820,057933,金像電兆豐63購01,,1.73
1150820,057934,台光電兆豐5B購01,,4.54
1150820,057935,奇鋐兆豐5B購01,,3.29
1150820,057936,聯鈞兆豐5B購01,,3.71
1150820,057937,鴻海台新59購02,0.18,0.69
1150820,057938,台積電台新59購02,2.02,2.78
1150820,057941,元金2X凱基66購01,0.38,0.33
1150820,057943,台塑凱基59購04,,0.39
1150820,057944,華城凱基61購02,0.26,0.26
1150820,057946,光寶科凱基5A購04,,4.23
1150820,057948,楠梓電凱基5A購02,1.05,1.47
1150820,057950,台積電凱基5A購05,,2.36
1150820,057951,英業達凱基59購02,3.66,4.17
1150820,057952,華碩凱基59購01,,18.55
1150820,057953,漢唐凱基5A購04,,0.23
1150820,057958,大立光凱基5A購03,,19.00
1150820,057959,德律凱基5A購01,,2.58
1150820,057960,聯鈞凱基59購02,,4.04
1150820,057961,嘉澤凱基59購02,,0.26
1150820,057962,牧德凱基59購01,0.08,0.23
1150820,057963,定穎控凱基5B購03,,0.15
1150820,057965,眾達凱基5A購01,0.20,0.15
1150820,057966,佳必琪凱基5A購01,,11.25
1150820,057970,龍德船凱基59購03,,0.18
1150820,057971,AES凱基5A購01,,0.52
1150820,057973,南茂凱基61購01,1.93,1.95
1150820,057974,臺股指凱基5C購10,4.92,4.92
1150820,057975,台塑元大59購07,,1.24
1150820,057976,南亞元大59購09,,4.55
1150820,057977,中興電元大59購01,,0.07
1150820,057978,亞力元大59購02,,0.10
1150820,057982,光寶科元大61購04,,4.02
1150820,057983,聯電元大61購09,2.17,2.36
1150820,057985,楠梓電元大59購02,,1.10
1150820,057986,台積電元大59購07,,0.19
1150820,057987,台積電元大59購08,,0.28
1150820,057988,台積電元大61購15,,0.88
1150820,057989,台光電元大59購03,10.00,8.91
1150820,057990,台光電元大59購04,7.25,6.51
1150820,057991,偉詮電元大59購01,,0.07
1150820,057992,聯發科元大61購16,4.73,5.74
1150820,057994,凱基金元大59購01,,6.44
1150820,057995,奇鋐元大59購08,,3.97
1150820,057996,奇鋐元大5C購03,,3.27
1150820,057997,奇鋐元大61購05,,1.87
1150820,057998,亞光元大59購02,,0.29
1150820,057999,緯創元大61購04,,3.53
1150820,058000,嘉澤元大59購02,,0.20
1150820,058001,嘉澤元大5B購01,,0.42
1150820,058003,上緯控元大59購01,,0.15
1150820,058004,日月光元大59購05,,4.55
1150820,058005,定穎控元大61購05,,0.34
1150820,058006,國精化元大59購01,,0.17
1150820,058007,臻鼎元大59購06,6.40,7.06
1150820,058008,臻鼎元大59購07,7.05,7.05
1150820,058009,眾達元大59購03,,0.01
1150820,058010,眾達元大59購04,,0.01
1150820,058011,眾達元大5C購01,0.54,0.38
1150820,058012,同欣電元大59購01,,0.05
1150820,058014,啟碁元大59購03,,1.40
1150820,058015,啟碁元大59購04,,0.92
1150820,058016,啟碁元大59購05,,0.58
1150820,058017,啟碁元大61購05,,0.99
1150820,058019,汎銓元大59購02,,1.16
1150820,05801U,臺股指凱基5A售03,,0.02
1150820,058020,瀚荃元大59購01,0.01,0.01
1150820,058021,南茂元大59購05,,2.08
1150820,058023,南茂元大59購07,,0.30
1150820,058025,臺股指元大59購22,,5.55
1150820,058029,台化群益59購02,,0.69
1150820,058030,台化群益5B購02,,0.83
1150820,058031,東元群益59購01,,0.01
1150820,058032,華城群益63購01,0.79,0.68
1150820,058033,大成鋼群益59購02,,2.69
1150820,058035,光寶科群益5A購01,3.86,3.44
1150820,058036,光寶科群益5B購02,,2.83
1150820,058037,鴻海群益5A購07,0.56,0.92
1150820,058038,鴻海群益5C購06,1.46,2.07
1150820,058039,鴻海群益61購02,,0.54
1150820,058041,台積電群益59購07,,0.96
1150820,058042,台積電群益5B購04,,1.27
1150820,058045,漢唐群益5B購01,,0.38
1150820,058047,偉詮電群益59購02,,0.19
1150820,058050,義隆群益59購02,,0.96
1150820,058055,奇鋐群益59購06,,5.12
1150820,058056,奇鋐群益59購07,,5.63
1150820,058057,零壹群益5A購01,,0.13
1150820,058058,宏達電國票5B購01,0.20,0.22
1150820,058059,德律群益5B購02,,1.31
1150820,058060,緯創群益59購01,,3.65
1150820,058061,聯鈞群益59購04,,2.80
1150820,058062,嘉澤群益59購03,,0.59
1150820,058064,嘉澤群益5A購02,,0.81
1150820,058068,世芯群益59購03,,0.17
1150820,058070,日月光群益59購04,3.84,5.25
1150820,058071,鈞興群益5B購01,0.20,0.29
1150820,058073,邁達特群益59購01,,0.21
1150820,058075,精誠群益5A購01,2.39,1.58
1150820,058080,南茂群益59購02,,1.14
1150820,058081,長興國泰5A購01,0.77,0.80
1150820,058082,毅嘉國泰5A購01,,0.61
1150820,058083,漢唐國泰5A購01,0.61,0.94
1150820,058085,貿聯國泰5A購01,2.32,2.24
1150820,058087,惠特國泰5A購01,0.19,0.31
1150820,058088,惠特國泰5A購02,0.19,0.19
1150820,058089,兆聯國泰5A購02,,3.77
1150820,058090,勤誠國泰5A購02,,1.13
1150820,058091,台積電兆豐5B購01,1.24,1.32
1150820,058092,新興兆豐5B購01,0.32,0.29
1150820,058093,大立光兆豐63購01,,8.28
1150820,058094,德律兆豐5B購01,,1.09
1150820,058095,玉晶光兆豐63購01,3.79,2.93
1150820,058096,貿聯兆豐63購01,,3.54
1150820,058097,同欣電兆豐5B購01,,0.61
1150820,058099,長興永豐5C購01,,0.45
1150820,058100,美時永豐5C購01,,0.22
1150820,058102,台積電永豐5B購05,,1.07
1150820,058103,光罩永豐5B購01,0.07,0.11
1150820,058105,創見永豐59購01,0.86,1.10
1150820,058106,創見永豐5A購01,,1.08
1150820,058107,強茂永豐5A購01,2.41,2.58
1150820,058109,長榮永豐5B購01,1.98,1.37
1150820,058111,新興永豐5B購01,0.34,0.36
1150820,058112,奇鋐永豐5B購04,,3.36
1150820,058113,牧德永豐5A購02,,0.43
1150820,058114,定穎控永豐5B購01,,0.48
1150820,058115,采鈺永豐59購01,,0.41
1150820,058116,台虹永豐5A購01,,4.54
1150820,058117,元石油國票59購01,,4.94
1150820,058118,元石油國票5A購01,3.82,3.20
1150820,058119,香港2X國票59購01,,0.46
1150820,058122,SGBR2X國票5A購01,4.53,4.09
1150820,058125,光罩國票5A購02,,0.06
1150820,058127,瑞昱國票5A購01,4.99,6.54
1150820,058128,創見國票5A購01,,2.05
1150820,058129,志聖國票5A購02,,3.63
1150820,058130,志聖國票5B購01,,3.15
1150820,058132,長榮國票5A購02,0.82,0.46
1150820,058134,德律國票5A購02,,1.03
1150820,058137,臻鼎國票5A購01,13.20,13.20
1150820,058138,祥碩國票59購01,0.44,0.51
1150820,058139,祥碩國票59購02,0.17,0.30
1150820,058140,瀚宇博國票59購01,,0.07
1150820,058141,富世達國票62購02,1.13,1.00
1150820,058143,瀚荃國票59購02,0.10,0.07
1150820,058144,鴻海台新59購03,,1.96
1150820,058145,台灣50元大59購02,6.00,7.80
1150820,058146,台灣50元大59購03,,5.42
1150820,058147,T50反1元大61購05,,0.34
1150820,058148,T50反1元大63購07,0.12,0.12
1150820,058149,元石油元大59購01,,4.22
1150820,058150,元石油元大59購02,4.90,3.59
1150820,058154,台化元大5A購01,2.30,2.42
1150820,058155,台化元大61購03,,1.14
1150820,058156,華城元大59購05,,0.01
1150820,058157,華城元大61購03,0.14,0.12
1150820,058158,長興元大5B購03,,0.56
1150820,058159,長興元大61購01,,0.56
1150820,058160,台積電元大59購10,,0.78
1150820,058161,台積電元大61購16,,0.96
1150820,058164,光罩元大59購04,,0.05
1150820,058165,技嘉元大59購04,,4.32
1150820,058166,偉詮電元大59購02,,0.33
1150820,058167,偉詮電元大59購03,,1.10
1150820,058169,創見元大5C購01,1.26,1.49
1150820,058170,創見元大61購01,,1.25
1150820,058172,志聖元大59購02,,3.55
1150820,058173,志聖元大59購03,,1.72
1150820,058174,志聖元大5B購01,,2.81
1150820,058175,志聖元大5C購04,2.12,2.09
1150820,058176,奇鋐元大59購09,,4.67
1150820,058177,奇鋐元大59購10,,4.29
1150820,058178,奇鋐元大61購06,,3.54
1150820,058179,增你強元大59購02,,0.88
1150820,058180,聯鈞元大59購03,,5.75
1150820,058181,聯鈞元大59購04,,2.28
1150820,058182,聯鈞元大59購05,,2.50
1150820,058183,聯鈞元大59購06,,2.15
1150820,058184,聯鈞元大61購03,2.92,2.63
1150820,058185,牧德元大59購02,,0.61
1150820,058186,牧德元大5B購01,,0.95
1150820,058187,牧德元大5C購02,,0.88
1150820,058189,大銀元大59購01,,3.51
1150820,058190,臻鼎元大61購04,6.75,7.28
1150820,058191,崇越元大59購01,,8.17
1150820,058192,啟碁元大59購06,,1.78
1150820,058193,啟碁元大59購07,0.81,0.81
1150820,058194,啟碁元大59購08,,1.12
1150820,058197,啟碁元大61購06,1.09,1.24
1150820,058200,緯穎元大61購01,,5.07
1150820,058202,采鈺元大59購04,,0.29
1150820,058203,采鈺元大59購05,,0.76
1150820,058206,臺股指元大61購19,,5.25
1150820,058207,臺股指元大63購16,,11.02
1150820,058208,臺股指元大63購17,,7.06
1150820,058209,元黃金群益61購02,,0.07
1150820,058210,元石油群益63購01,5.90,5.20
1150820,058214,SGBR2X群益5B購01,,3.06
1150820,058215,SGBR2X群益61購01,22.10,19.45
1150820,058217,遠東新群益59購01,,0.05
1150820,058218,華城群益62購01,0.26,0.26
1150820,058220,長興群益59購02,,0.26
1150820,058221,光寶科群益5C購02,3.74,3.55
1150820,058222,鴻海群益59購04,,0.63
1150820,058223,華碩群益59購01,,19.63
1150820,058224,毅嘉群益59購01,,0.10
1150820,058225,毅嘉群益5B購01,,0.49
1150820,058226,漢唐群益5A購03,,0.38
1150820,058227,友達群益5A購02,,1.99
1150820,058228,創見群益59購01,,1.94
1150820,058229,創見群益59購02,,0.81
1150820,058231,志聖群益59購02,,2.42
1150820,058233,新興群益5A購01,,0.09
1150820,058235,萬海群益59購02,,0.84
1150820,058236,萬海群益5B購01,1.60,0.89
1150820,058238,德律群益5B購03,,1.32
1150820,058239,明泰群益59購01,,0.03
1150820,058247,聯茂群益63購01,,42.07
1150820,058250,台塑化群益59購01,,0.70
1150820,058251,台塑化群益59購02,,0.76
1150820,058252,緯穎群益59購02,,3.42
1150820,058253,洋基群益5C購01,,0.64
1150820,058254,台虹群益5A購01,11.30,8.50
1150820,058256,T50反1凱基5C購04,,0.03
1150820,058257,元黃金凱基63購01,,0.05
1150820,058258,元石油凱基5B購01,,4.99
1150820,058259,SP黃豆凱基63購01,0.42,0.36
1150820,058260,元金2X凱基63購01,0.19,0.16
1150820,058261,SGBR2X凱基5B購01,4.27,3.53
1150820,058263,士電凱基5C購01,0.47,0.51
1150820,058264,亞力凱基59購01,,0.09
1150820,058265,大成鋼凱基59購01,,3.58
1150820,058268,上銀凱基61購01,3.65,3.19
1150820,058270,創見凱基59購03,,2.24
1150820,058271,創見凱基59購04,,1.86
1150820,058272,志聖凱基5A購02,3.26,3.53
1150820,058273,長榮凱基5A購01,2.40,1.46
1150820,058274,長榮凱基5B購02,2.32,1.56
1150820,058276,陽明凱基59購01,0.07,0.07
1150820,058277,奇鋐凱基61購03,,4.44
1150820,058278,聯鈞凱基5B購01,,4.66
1150820,058279,上緯控凱基59購02,,0.01
1150820,058281,定穎控凱基59購04,,0.04
1150820,058282,新唐凱基59購01,,4.14
1150820,058283,力成凱基59購06,,0.50
1150820,058284,矽格凱基61購01,,4.54
1150820,058285,啟碁凱基5A購02,,2.10
1150820,058286,GIS凱基59購01,2.35,2.03
1150820,058288,緯穎凱基61購01,,4.45
1150820,058289,惠特凱基61購01,0.40,0.41
1150820,058290,采鈺凱基5A購01,,0.83
1150820,058291,富世達凱基5A購01,,0.30
1150820,058293,勤誠凱基5B購01,0.91,1.52
1150820,058295,臺股指凱基5A購29,,3.45
1150820,058296,臺股指凱基5A購30,,4.40
1150820,058298,台化富邦5B購02,0.55,0.61
1150820,058300,亞力富邦5B購01,,0.11
1150820,058301,長興富邦63購01,,0.42
1150820,058303,中鋼富邦5C購01,,0.36
1150820,058305,志聖富邦63購01,,1.40
1150820,058307,強茂富邦5C購01,1.20,1.20
1150820,058308,長榮富邦5B購01,1.48,0.96
1150820,058309,萬海富邦5C購01,1.49,0.74
1150820,058310,奇鋐富邦5C購02,2.58,2.39
1150820,058311,德律富邦5A購02,0.65,0.85
1150820,058312,嘉澤富邦5B購02,0.57,1.00
1150820,058313,嘉澤富邦5C購01,0.17,0.45
1150820,058314,牧德富邦5A購01,0.67,0.83
1150820,058315,世芯富邦5B購02,0.49,0.82
1150820,058316,世芯富邦5B購03,,0.55
1150820,058317,定穎控富邦5C購01,,0.10
1150820,058321,祥碩富邦5B購01,0.70,0.71
1150820,058322,祥碩富邦5B購02,0.47,0.54
1150820,058323,同欣電富邦5C購01,0.44,0.46
1150820,058324,啟碁富邦5C購01,,1.04
1150820,058325,旭隼富邦5B購01,0.80,0.75
1150820,058326,矽力富邦5C購01,,1.99
1150820,058329,采鈺富邦63購01,0.58,0.67
1150820,058330,南茂富邦5C購01,,0.98
1150820,058332,緯穎台新59購01,,6.66
1150820,058333,宇隆永豐5C購01,0.38,0.59
1150820,058334,鴻海永豐59購05,,0.72
1150820,058335,鴻海永豐59購06,,0.26
1150820,058337,台積電永豐63購06,1.99,2.10
1150820,058338,台積電永豐73購01,1.93,2.12
1150820,058339,長榮永豐5A購02,0.98,0.70
1150820,058340,長榮永豐61購01,1.32,0.97
1150820,058341,陽明永豐5A購01,0.34,0.27
1150820,058342,萬海永豐5A購01,1.17,0.37
1150820,058343,萬海永豐5B購01,1.31,0.56
1150820,058344,貿聯永豐5B購01,1.48,1.72
1150820,058345,眾達永豐5A購03,0.13,0.13
1150820,058347,FB科技凱基5A購01,,4.43
1150820,058348,T50反1凱基61購04,0.20,0.23
1150820,058350,滬深2X凱基5A購02,,0.19
1150820,058351,元油反凱基59購01,,0.24
1150820,058355,台灣5G凱基5A購01,,4.38
1150820,058356,台泥凱基59購01,,0.40
1150820,058357,台化凱基61購01,1.83,1.81
1150820,058358,華城凱基5A購02,0.11,0.11
1150820,058359,永光凱基5A購02,1.44,1.38
1150820,058360,長興凱基5B購01,0.70,0.99
1150820,058362,光寶科凱基5B購01,4.73,4.23
1150820,058363,毅嘉凱基61購02,,1.04
1150820,058364,漢唐凱基59購03,,0.40
1150820,058367,長榮凱基5B購03,2.59,2.35
1150820,058369,萬海凱基59購02,,1.14
1150820,058371,宏達電國票5B購02,,0.56
1150820,058372,聯陽凱基59購01,,0.61
1150820,058373,奇鋐凱基61購04,3.88,3.72
1150820,058375,牧德凱基5A購02,,0.59
1150820,058376,世芯凱基59購04,,1.40
1150820,058379,貿聯凱基5C購01,,2.59
1150820,058380,定穎控凱基61購03,,0.41
1150820,058383,祥碩凱基5B購02,1.25,1.14
1150820,058384,瀚宇博凱基59購01,,0.07
1150820,058388,鈺邦凱基59購01,,2.25
1150820,058389,GIS凱基5A購01,,0.73
1150820,058390,台塑化凱基59購02,,0.49
1150820,058391,緯穎凱基59購10,,5.38
1150820,058392,洋基凱基5A購01,0.40,0.73
1150820,058393,龍德船凱基59購04,,0.53
1150820,058394,台虹凱基5A購01,14.20,8.43
1150820,058395,臺股指凱基5A購31,,7.90
1150820,058396,臺股指凱基61購06,7.95,8.50
1150820,058397,臺股指凱基63購06,,6.31
1150820,058398,友達兆豐5B購02,2.44,2.44
1150820,058399,緯創兆豐63購01,,3.35
1150820,05839U,台達電中信59售03,0.01,0.02
1150820,058400,采鈺兆豐5B購01,,1.23
1150820,058401,鴻海富邦59購04,,0.48
1150820,058402,聯發科富邦59購03,,8.12
1150820,058403,台新金富邦59購01,3.70,3.90
1150820,058404,永豐金富邦5B購01,,1.24
1150820,058405,洋基富邦63購01,0.43,0.44
1150820,058406,台虹富邦63購01,4.14,2.84
1150820,058408,華城國泰5A購01,,0.06
1150820,058409,上銀國泰5A購01,,4.56
1150820,05840U,華碩中信59售02,0.01,0.01
1150820,058410,建準國泰5A購01,0.63,0.85
1150820,058411,長榮國泰5A購01,2.50,1.77
1150820,058413,陽明國泰5A購01,0.37,0.37
1150820,058414,陽明國泰5A購02,0.20,0.14
1150820,058415,台虹國泰5A購01,,5.04
1150820,058416,南亞元大61購03,,5.15
1150820,058417,華城元大59購06,0.05,0.06
1150820,058418,華城元大61購04,,0.15
1150820,058420,長興元大59購01,,0.31
1150820,058423,上銀元大59購04,,2.68
1150820,058425,宇隆元大59購02,,0.27
1150820,058428,光寶科元大61購05,,5.99
1150820,058430,台積電元大59購12,,1.38
1150820,058435,友達元大61購08,,3.91
1150820,058437,創見元大5C購02,2.36,2.53
1150820,058440,長榮元大5A購03,,1.57
1150820,058441,長榮元大5B購01,2.00,1.39
1150820,058442,長榮元大61購01,1.05,0.67
1150820,058443,新興元大59購02,,0.34
1150820,058444,新興元大5B購01,0.61,0.44
1150820,058445,奇鋐元大59購12,,3.71
1150820,058446,奇鋐元大59購13,,2.86
1150820,058447,奇鋐元大61購07,,3.46
1150820,058450,牧德元大59購03,,0.75
1150820,058451,牧德元大5B購02,0.89,0.96
1150820,058453,新唐元大59購02,,1.85
1150820,058456,啟碁元大5B購01,,2.21
1150820,058457,緯穎元大59購07,,7.74
1150820,058458,緯穎元大5C購04,,5.49
1150820,058459,緯穎元大61購02,,7.55
1150820,058461,汎銓元大59購04,,1.93
1150820,058462,汎銓元大59購05,0.89,1.18
1150820,058463,汎銓元大59購06,,0.92
1150820,058464,台虹元大59購01,7.70,5.95
1150820,058465,台虹元大59購02,,4.65
1150820,058466,台灣50國票59購05,,5.98
1150820,058467,台灣50國票5A購01,2.92,3.71
1150820,058468,T50反1國票59購01,0.01,0.01
1150820,058471,T50反1國票5A購02,,0.06
1150820,058472,國企2X國票59購02,0.39,0.51
1150820,058473,國企2X國票5A購01,,0.34
1150820,058474,元日2X國票59購01,,0.24
1150820,058477,台積電國票59購05,1.09,1.09
1150820,058478,台積電國票5A購02,,1.60
1150820,058482,陽明國票59購01,0.20,0.11
1150820,058484,陽明國票5A購01,0.34,0.22
1150820,058485,萬海國票5A購01,1.66,0.66
1150820,058486,長榮航國票59購01,,2.51
1150820,058487,建漢國票5A購01,,0.04
1150820,058488,明泰國票5A購01,0.03,0.07
1150820,058489,貿聯國票64購01,2.04,2.10
1150820,058493,眾達國票59購02,,0.12
1150820,058494,聯茂國票65購01,,10.30
1150820,058495,啟碁國票62購01,,2.37
1150820,058496,GIS國票59購01,,0.31
1150820,058497,汎銓國票59購02,1.02,1.37
1150820,058498,汎銓國票5A購01,,1.92
1150820,058499,汎銓國票5B購01,1.85,2.03
1150820,058500,汎銓國票5C購01,2.29,2.36
1150820,058501,台虹國票61購01,,5.25
1150820,058502,臺股指國票59購01,,7.90
1150820,058503,臺股指國票59購02,,4.32
1150820,058504,台灣50元富59購01,,5.20
1150820,058505,台化元富59購01,0.69,0.69
1150820,058506,智邦元富59購01,,5.20
1150820,058508,創見元富59購02,1.12,1.53
1150820,058509,長榮元富59購01,1.75,1.14
1150820,058510,奇鋐元富59購03,,5.38
1150820,058514,同欣電元富59購01,0.14,0.17
1150820,058515,GIS元富59購01,0.57,0.43
1150820,058516,台虹元富59購03,14.20,8.86
1150820,058523,T50反1群益59購02,,0.11
1150820,058526,東元群益59購02,,0.15
1150820,058527,永光群益5A購01,1.82,1.78
1150820,058528,華泰群益59購02,,0.04
1150820,058530,新興群益5A購02,0.46,0.33
1150820,058533,陽明群益5B購01,0.17,0.10
1150820,058534,陽明群益61購01,0.46,0.37
1150820,058535,貿聯群益59購05,,1.72
1150820,058536,貿聯群益59購06,,1.17
1150820,058537,新唐群益59購01,,2.70
1150820,058539,汎銓群益59購01,,1.15
1150820,058540,臺股指群益59購24,,3.50
1150820,058541,臺股指群益5A購05,,3.95
1150820,058542,台灣50中信63購01,,3.29
1150820,058545,臺指2X中信63購01,,2.18
1150820,058546,台塑中信59購01,,0.54
1150820,058547,華城中信59購01,,0.01
1150820,058548,台積電中信63購02,0.96,1.04
1150820,058549,聯發科中信63購01,,3.30
1150820,058551,萬海中信59購01,0.85,0.69
1150820,058552,日月光中信59購01,,4.05
1150820,058554,亞翔中信61購01,,2.40
1150820,058555,采鈺中信5A購01,0.61,0.61
1150820,058556,臺股指中信5C購07,,5.15
1150820,058557,鴻海永豐65購02,2.08,2.37
1150820,058558,華泰永豐5B購03,,0.87
1150820,058559,台積電永豐5B購06,1.40,1.47
1150820,058560,台積電永豐63購07,1.94,2.08
1150820,058561,台積電永豐63購08,1.40,1.47
1150820,058562,台積電永豐73購02,2.18,2.26
1150820,058563,義隆永豐5C購01,0.85,0.92
1150820,058565,文曄永豐5A購01,0.26,0.59
1150820,058566,大銀永豐5C購01,,3.09
1150820,058567,AES永豐5C購02,0.44,0.57
1150820,058568,至上永豐5B購03,,4.44
1150820,058570,華泰台新59購01,,0.13
1150820,058571,創見台新59購01,,3.92
1150820,058572,創見台新59購02,7.85,8.82
1150820,058574,元石油凱基63購01,3.82,3.53
1150820,058575,道瓊指凱基59購01,,3.13
1150820,058577,SGBR2X凱基61購01,,2.70
1150820,058579,台聚凱基59購01,,0.45
1150820,058580,東元凱基59購01,,0.47
1150820,058582,正新凱基59購01,,0.29
1150820,058584,華泰凱基5B購02,0.59,0.71
1150820,058585,宏碁凱基59購02,,2.42
1150820,058586,敬鵬凱基59購02,,0.48
1150820,058587,華碩凱基59購02,,12.60
1150820,058588,毅嘉凱基59購01,,1.15
1150820,058589,友達凱基59購05,,6.38
1150820,058590,義隆凱基59購01,,0.86
1150820,058591,新興凱基59購04,,0.35
1150820,058592,萬海凱基59購03,1.55,0.81
1150820,058593,大立光凱基5B購01,,13.80
1150820,058594,智原凱基59購02,,0.44
1150820,058597,牧德凱基59購02,,0.16
1150820,058599,新唐凱基59購02,,3.09
1150820,058602,元石油統一63購01,1.36,1.28
1150820,058603,SGBR2X統一67購01,2.10,1.88
1150820,058604,SGBR2X統一73購01,,1.78
1150820,058605,台塑統一73購01,0.69,0.69
1150820,058606,南亞統一73購01,1.46,1.53
1150820,058607,台化統一73購01,0.76,0.77
1150820,058608,華城統一62購02,,0.15
1150820,058609,華城統一63購02,0.18,0.16
1150820,058610,華城統一73購03,0.35,0.33
1150820,058611,華城統一73購04,0.37,0.35
1150820,058612,永光統一63購01,,0.99
1150820,058613,光寶科統一63購02,1.86,1.72
1150820,058614,鴻海統一66購01,0.77,0.89
1150820,058615,台積電統一63購04,0.93,0.98
1150820,058616,台積電統一63購05,0.86,0.89
1150820,058617,台積電統一73購02,0.90,0.94
1150820,058618,創見統一73購01,1.16,1.21
1150820,058619,義隆統一63購01,0.75,0.69
1150820,058620,長榮統一63購02,0.74,0.60
1150820,058621,長榮統一63購03,0.81,0.63
1150820,058622,長榮統一73購01,1.05,0.89
1150820,058623,新興統一61購01,0.34,0.26
1150820,058624,陽明統一63購02,0.40,0.38
1150820,058625,陽明統一63購03,0.42,0.30
1150820,058626,陽明統一73購01,0.63,0.54
1150820,058628,萬海統一63購01,0.86,0.60
1150820,058629,萬海統一63購02,1.19,0.72
1150820,058630,萬海統一63購03,1.08,0.76
1150820,058631,萬海統一73購01,1.09,0.80
1150820,058632,漢翔統一63購01,1.12,0.89
1150820,058633,牧德統一63購01,,0.54
1150820,058635,臻鼎統一73購01,2.09,2.13
1150820,058636,GIS統一62購01,0.73,0.80
1150820,058637,GIS統一63購01,0.80,0.67
1150820,058638,台塑化統一63購01,1.06,0.99
1150820,058639,惠特統一62購01,,0.24
1150820,058640,AES統一63購03,0.48,0.54
1150820,058641,采鈺統一63購02,,0.82
1150820,058642,采鈺統一73購01,0.67,0.74
1150820,058643,上証2X元大5B購01,,1.41
1150820,058644,滬深2X元大5B購01,,0.56
1150820,058645,元石油元大5B購01,,3.77
1150820,058646,道瓊反元大5C購01,0.22,0.23
1150820,058647,SGBR2X元大59購06,1.65,1.54
1150820,058649,SGBR2X元大5B購01,,1.72
1150820,058650,中興電元大59購02,,0.62
1150820,058651,華城元大59購07,,0.05
1150820,058652,美時元大59購04,,0.08
1150820,058653,美時元大5B購02,,0.08
1150820,058657,鴻海元大61購08,1.84,2.13
1150820,058660,台積電元大61購18,,1.69
1150820,058661,金像電元大59購04,,0.47
1150820,058662,京元電元大59購06,,0.17
1150820,058664,創見元大5A購01,,2.62
1150820,058665,創見元大5C購03,2.13,2.31
1150820,058667,聯發科元大61購17,,8.08
1150820,058668,宏達電元大59購03,0.74,0.91
1150820,058669,長榮元大59購01,,1.47
1150820,058670,長榮元大5B購02,1.15,0.72
1150820,058671,陽明元大5B購01,0.89,0.50
1150820,058673,奇鋐元大59購15,,3.61
1150820,058674,奇鋐元大59購16,,3.48
1150820,058676,奇鋐元大61購08,,2.77
1150820,058678,緯創元大61購05,,5.08
1150820,058679,世芯元大61購05,3.43,3.77
1150820,058680,貿聯元大59購06,,1.58
1150820,058686,同欣電元大59購02,0.44,0.44
1150820,058693,滬深2X群益62購01,,0.96
1150820,058695,元金2X群益5B購03,,0.07
1150820,058699,台積電群益59購09,,2.62
1150820,058700,鴻準群益59購01,,0.88
1150820,058701,漢唐群益5B購02,0.57,0.72
1150820,058703,義隆群益5A購01,,0.74
1150820,058704,長榮群益59購02,1.28,1.10
1150820,058705,奇鋐群益59購09,,5.87
1150820,058706,華晶科群益59購01,,0.33
1150820,058708,牧德群益59購02,,0.12
1150820,058709,世芯群益59購06,,1.12
1150820,058711,祥碩群益59購03,1.40,1.57
1150820,058712,緯穎群益59購04,,5.30
1150820,058713,洋基群益62購01,,0.83
1150820,058714,臺股指群益5A購09,3.56,3.53
1150820,058715,永光國泰5A購01,,1.81
1150820,058716,飛宏國泰5A購01,,0.41
1150820,058718,裕民國泰5A購01,0.71,0.61
1150820,058719,萬海國泰5A購01,3.79,1.56
1150820,058720,奇鋐國泰5A購01,,9.30
1150820,058722,貿聯國泰5A購02,,2.45
1150820,058724,康舒國泰5A購01,,1.42
1150820,058725,采鈺國泰5A購01,2.08,3.32
1150820,058726,上証2X國票65購01,,3.37
1150820,058727,中502X國票61購01,0.26,0.30
1150820,058728,上銀國票5A購01,3.03,2.98
1150820,058730,楠梓電國票5A購01,,5.90
1150820,058731,鴻海國票5A購01,0.53,0.98
1150820,058732,華泰國票5A購03,,0.20
1150820,058733,新興國票5A購04,0.56,0.48
1150820,058734,台航國票5A購01,0.24,0.22
1150820,058735,緯創國票5A購01,2.54,2.94
1150820,058736,嘉澤國票61購01,1.16,2.06
1150820,058737,jpp國票5A購01,0.94,1.05
1150820,058738,邁達特國票5A購01,,0.28
1150820,058739,康舒國票5A購01,0.26,0.52
1150820,058740,三集瑞國票5A購03,,0.10
1150820,058741,台灣50元富59購02,,8.03
1150820,058742,東元元富59購01,0.76,0.63
1150820,058743,亞力元富59購01,,0.10
1150820,058744,華城元富59購01,,0.09
1150820,058745,華城元富59購02,,0.02
1150820,058746,大亞元富59購01,,0.17
1150820,058747,川湖元富59購01,,21.90
1150820,058750,佳能元富5C購01,,0.44
1150820,058751,京元電元富59購04,,0.22
1150820,058752,陽明元富59購03,0.12,0.09
1150820,058755,力成元富59購01,,2.50
1150820,058756,惠特元富59購01,,0.17
1150820,058760,臺股指元富59購11,,5.70
1150820,058762,台灣50中信63購02,,2.20
1150820,058763,T50反1中信69購01,,0.35
1150820,058764,台化中信59購01,0.34,0.51
1150820,058766,中鋼中信59購01,,0.20
1150820,058767,長榮航中信59購01,,0.56
1150820,058770,智邦永豐5B購02,,2.40
1150820,058772,牧德永豐5B購01,0.42,0.47
1150820,058773,世芯永豐59購05,0.34,0.91
1150820,058774,緯穎永豐5A購03,,4.85
1150820,058775,勤誠永豐5B購01,0.46,0.65
1150820,058776,勤誠永豐5B購02,0.33,0.58
1150820,058777,華泰國泰5A購01,,0.24
1150820,058778,文曄國泰5A購01,0.80,1.36
1150820,058780,神達國泰5A購01,1.58,1.81
1150820,058784,川湖國票5A購01,,36.33
1150820,058785,威盛國票5A購01,,6.60
1150820,058786,創見國票5A購02,2.52,3.08
1150820,058787,凱基金國票5B購01,3.53,4.14
1150820,058788,德律國票5A購03,,1.38
1150820,058789,健鼎國票5A購01,2.35,1.79
1150820,058790,牧德國票5A購02,0.30,0.51
1150820,058791,康普國票5A購01,,1.00
1150820,058792,乙盛國票5A購01,,0.76
1150820,058793,GIS國票5B購01,1.38,1.11
1150820,058794,上証2X凱基61購02,,2.59
1150820,058795,道瓊反凱基61購01,,0.31
1150820,058796,SGBR2X凱基59購04,1.83,1.83
1150820,058798,台化凱基59購03,,2.88
1150820,058799,華城凱基5A購03,,0.08
1150820,058800,上銀凱基59購02,,5.20
1150820,058801,光寶科凱基5B購02,,4.65
1150820,058803,漢唐凱基5A購05,,0.39
1150820,058804,京元電凱基59購04,,0.02
1150820,058807,義隆凱基5A購01,,0.36
1150820,058808,長榮凱基5A購02,,2.04
1150820,058810,台航凱基5A購01,0.38,0.37
1150820,058811,奇鋐凱基59購06,,3.90
1150820,058812,德律凱基5B購01,,1.38
1150820,058813,緯創凱基5B購01,,4.33
1150820,058814,世芯凱基59購06,,1.04
1150820,058815,貿聯凱基59購02,,1.18
1150820,058816,貿聯凱基59購03,,3.94
1150820,058817,貿聯凱基59購04,,1.27
1150820,058819,達明凱基59購01,,0.19
1150820,058821,祥碩凱基59購02,,0.36
1150820,058822,祥碩凱基5B購03,0.63,0.72
1150820,058824,康舒凱基5B購02,0.86,1.10
1150820,058826,AES凱基59購03,,0.51
1150820,058828,新興台新59購01,0.31,0.24
1150820,058829,貿聯台新59購01,1.50,1.90
1150820,058830,SGBR2X統一73購02,1.09,1.00
1150820,058831,台塑統一63購01,,0.92
1150820,058833,台化統一63購01,1.24,1.31
1150820,058836,川湖統一73購01,10.50,8.69
1150820,058837,光寶科統一63購03,2.09,1.84
1150820,058839,鴻海統一73購01,,0.80
1150820,058840,台積電統一6A購01,1.32,1.35
1150820,058842,創見統一66購01,,1.27
1150820,058843,創見統一66購02,1.15,1.23
1150820,058844,創見統一69購01,1.13,1.18
1150820,058845,義隆統一73購01,0.61,0.63
1150820,058846,新興統一63購01,0.53,0.46
1150820,058847,新興統一73購01,,0.46
1150820,058848,陽明統一61購01,0.41,0.30
1150820,058849,萬海統一63購04,1.05,0.74
1150820,058850,德律統一73購01,,0.71
1150820,058851,文曄統一62購03,0.56,0.65
1150820,058853,文曄統一63購01,0.51,0.62
1150820,058854,牧德統一62購01,0.45,0.51
1150820,058855,貿聯統一62購01,,1.12
1150820,058856,神達統一73購01,0.66,0.69
1150820,058857,新唐統一73購01,0.84,0.92
1150820,058858,迅得統一63購01,0.31,0.33
1150820,058859,迅得統一73購01,,0.48
1150820,058860,GIS統一63購02,0.74,0.63
1150820,058861,GIS統一73購01,1.00,0.91
1150820,058862,GIS統一73購02,0.75,0.65
1150820,058863,台塑化統一61購01,1.01,0.92
1150820,058864,台塑化統一63購02,0.92,0.86
1150820,058865,台塑化統一73購01,0.94,0.88
1150820,058866,緯穎統一73購01,3.00,2.97
1150820,058867,惠特統一73購01,0.39,0.41
1150820,058869,采鈺統一62購01,0.88,0.96
1150820,058870,采鈺統一73購02,0.77,0.84
1150820,058871,兆聯統一73購01,,1.19
1150820,058872,台灣50兆豐63購01,2.62,2.65
1150820,058873,光寶科兆豐63購02,,4.03
1150820,058874,國巨兆豐5B購01,,6.17
1150820,058875,奇鋐兆豐5B購02,,2.11
1150820,058876,亞光兆豐5B購01,0.37,0.45
1150820,058877,台灣50富邦63購04,,3.21
1150820,058878,臺指反富邦73購01,,0.12
1150820,058879,華新富邦59購02,,0.54
1150820,058880,上銀富邦63購01,,2.63
1150820,058882,鴻海富邦69購01,1.64,1.90
1150820,058884,陽明富邦5B購01,0.50,0.36
1150820,058885,陽明富邦5C購01,0.24,0.13
1150820,058886,貿聯富邦5B購02,0.92,1.00
1150820,058888,緯穎富邦63購01,1.73,1.74
1150820,058890,臺股指富邦63購04,,3.94
1150820,058891,臺股指富邦66購02,,3.15
1150820,058894,光寶科元大59購08,,4.96
1150820,058895,光寶科元大61購06,,4.05
1150820,058896,聯電元大61購11,5.30,5.30
1150820,058897,鴻海元大59購05,,0.46
1150820,058898,鴻海元大59購06,,1.25
1150820,058899,鴻海元大61購09,1.70,2.18
1150820,058900,華泰元大59購04,,0.11
1150820,058901,華泰元大59購05,0.05,0.05
1150820,058902,華泰元大61購03,,0.40
1150820,058903,台積電元大59購16,,0.74
1150820,058904,台積電元大59購17,0.52,0.86
1150820,058906,台積電元大61購19,,1.32
1150820,058907,建準元大59購05,,0.14
1150820,058909,創見元大5A購02,1.82,2.17
1150820,058910,聯發科元大59購09,,8.75
1150820,058911,聯發科元大61購18,3.53,4.03
1150820,058912,長榮元大59購02,3.36,2.21
1150820,058913,長榮元大5B購03,2.26,2.02
1150820,058914,長榮元大5C購01,2.58,1.73
1150820,058915,奇鋐元大59購17,,3.71
1150820,058917,奇鋐元大59購19,,4.29
1150820,058918,奇鋐元大59購20,,3.46
1150820,058919,奇鋐元大61購09,,2.80
1150820,058921,德律元大59購06,0.16,0.34
1150820,058922,智原元大5C購01,0.71,0.72
1150820,058923,牧德元大59購04,,0.67
1150820,058924,牧德元大59購05,,0.41
1150820,058925,貿聯元大59購07,,1.40
1150820,058926,貿聯元大59購08,,1.27
1150820,058927,貿聯元大59購09,,0.62
1150820,058928,貿聯元大59購10,,0.55
1150820,058929,貿聯元大59購11,,0.65
1150820,058930,定穎控元大61購06,,0.33
1150820,058932,祥碩元大59購03,,0.15
1150820,058935,緯穎元大59購08,,7.37
1150820,058936,緯穎元大61購04,8.85,8.81
1150820,058937,AES元大59購06,,0.32
1150820,058939,至上元大59購05,,1.98
1150820,058940,勤誠元大59購05,,1.92
1150820,058941,臺股指元大59購27,,5.30
1150820,058942,臺股指元大5A購16,,7.35
1150820,058944,臺股指元大63購19,9.85,9.85
1150820,058945,臺股指元大63購20,,10.90
1150820,058947,台灣50元富59購05,,5.84
1150820,058948,滬深2X元富59購02,1.56,2.12
1150820,058951,SGBR2X元富59購03,2.05,2.05
1150820,058952,上銀元富59購01,,6.11
1150820,058954,聯發科元富59購05,,9.68
1150820,058956,奇鋐元富59購04,,6.15
1150820,058957,奇鋐元富59購05,,4.33
1150820,058959,奇鋐元富59購07,,2.96
1150820,058960,嘉澤元富59購01,0.40,0.59
1150820,058962,啟碁元富59購01,,4.01
1150820,058963,兆聯元富59購01,,3.57
1150820,058964,SGBR2X群益59購03,,1.02
1150820,058967,台聚群益5B購01,,0.58
1150820,058968,東元群益5B購01,0.81,0.73
1150820,058975,仁寶群益59購01,2.08,2.08
1150820,058980,建準群益5A購01,,0.41
1150820,058981,義隆群益5A購02,0.53,0.69
1150820,058983,奇鋐群益59購11,,5.76
1150820,058984,智原群益59購02,,1.17
1150820,058986,緯創群益59購02,,4.49
1150820,058987,昇貿群益59購02,,0.21
1150820,058988,牧德群益59購03,,0.64
1150820,058989,世芯群益59購07,,1.38
1150820,058990,貿聯群益59購07,,1.27
1150820,058991,貿聯群益5A購01,0.79,1.00
1150820,058993,緯穎群益59購05,,3.97
1150820,058994,緯穎群益59購06,,3.25
1150820,058999,臺股指群益5A購14,,9.60
1150820,059000,元油反中信63購01,,1.38
1150820,059002,南亞中信59購02,6.70,6.80
1150820,059003,漢唐中信59購01,0.13,0.13
1150820,059004,新興中信61購01,0.40,0.32
1150820,059005,奇鋐中信59購02,,1.50
1150820,059006,德律中信59購01,,0.31
1150820,059007,健策中信61購01,1.50,0.96
1150820,059008,台塑化中信59購01,,0.17
1150820,059009,愛普中信61購01,,1.68
1150820,059010,至上中信61購01,0.93,0.91
1150820,059012,台積電永豐5C購05,,1.59
1150820,059013,台積電永豐5C購06,,1.92
1150820,059014,台積電永豐5C購07,,1.71
1150820,059015,台積電永豐5C購08,1.50,1.68
1150820,059017,台積電永豐5C購09,,1.56
1150820,059018,陽明永豐5C購01,2.68,1.60
1150820,059019,王品永豐5B購01,1.16,1.21
1150820,059020,健策永豐59購01,3.22,1.96
1150820,059021,健策永豐5A購01,3.93,2.21
1150820,059022,健策永豐5B購01,6.20,3.70
1150820,059023,新唐永豐5B購01,1.85,2.01
1150820,059024,祥碩永豐5C購01,,0.91
1150820,059026,亞翔永豐5C購01,2.08,2.31
1150820,059027,兆聯永豐5B購01,,1.22
1150820,059028,瀚荃永豐5A購01,0.50,0.34
1150820,059029,奇鋐台新59購01,,6.34
1150820,059030,健策台新5C購01,5.10,3.35
1150820,059031,台灣50兆豐63購02,,2.28
1150820,059032,強茂兆豐5B購01,,2.29
1150820,059033,光寶科富邦59購03,,3.08
1150820,059034,創見富邦5B購03,1.03,1.16
1150820,059035,健策富邦63購01,1.90,1.28
1150820,059036,台塑統一63購02,,0.91
1150820,059037,國喬統一63購01,0.22,0.24
1150820,059039,世芯永豐5B購01,,3.58
1150820,059040,鴻海統一63購02,0.58,0.71
1150820,059041,鴻海統一73購02,0.78,0.87
1150820,059042,台積電統一63購07,,1.14
1150820,059044,智邦統一63購03,1.37,1.61
1150820,059045,漢唐統一61購03,0.41,0.47
1150820,059046,義隆統一63購02,0.48,0.43
1150820,059047,元大金統一63購01,1.51,1.72
1150820,059048,奇鋐統一63購01,1.90,1.87
1150820,059049,德律統一62購01,0.73,0.80
1150820,059050,德律統一66購01,,0.87
1150820,059051,德律統一69購01,,0.93
1150820,059052,文曄統一63購02,0.36,0.47
1150820,059053,明泰統一63購01,0.20,0.24
1150820,059058,嘉澤統一63購02,0.58,0.91
1150820,059059,健策統一62購02,1.61,1.02
1150820,059060,健策統一63購01,2.28,1.62
1150820,059061,健策統一63購02,2.10,1.48
1150820,059062,健策統一63購03,1.82,1.21
1150820,059063,健策統一65購01,1.86,1.26
1150820,059064,健策統一65購02,1.75,1.17
1150820,059065,健策統一73購01,2.99,2.29
1150820,059066,健策統一73購02,2.71,2.02
1150820,059067,健策統一73購03,3.30,2.56
1150820,059068,世芯統一63購02,1.03,1.09
1150820,059069,亞翔統一62購03,1.14,1.40
1150820,059070,台塑化統一63購03,0.70,0.65
1150820,059071,昇陽半統一63購01,,1.16
1150820,059073,遠東新國票5A購01,0.19,0.15
1150820,059074,大成鋼國票5A購01,2.86,2.25
1150820,059075,宏碁國票5A購01,1.44,1.58
1150820,059076,偉詮電國票5A購01,1.33,1.58
1150820,059077,美律國票5A購01,,0.17
1150820,059078,王品國票5A購01,0.45,0.48
1150820,059079,達邁國票5A購01,,0.55
1150820,059080,健策國票5A購02,3.77,2.28
1150820,059081,健策國票5A購03,4.66,2.74
1150820,059082,健策國票5A購04,5.20,2.87
1150820,059083,健策國票5A購05,5.15,2.85
1150820,059084,新唐國票5A購03,,4.43
1150820,059087,洋基國票5A購02,0.52,0.88
1150820,059088,台灣50元富59購06,,8.99
1150820,059089,滬深2X元富59購03,2.24,2.91
1150820,059090,國喬元富59購01,,0.10
1150820,059091,國喬元富59購02,,0.04
1150820,059093,大同元富59購01,,0.03
1150820,059094,建準元富59購01,,0.38
1150820,059096,國泰金元富59購01,,4.95
1150820,059097,德律元富59購02,,1.08
1150820,059098,德律元富59購03,,0.41
1150820,059099,德律元富59購04,,0.68
1150820,059100,明泰元富59購01,,0.06
1150820,059102,定穎控元富59購03,0.01,0.07
1150820,059103,祥碩元富59購02,,0.64
1150820,059104,祥碩元富59購03,,0.20
1150820,059108,緯穎元富59購04,,3.90
1150820,059109,緯穎元富5C購01,,4.51
1150820,059110,龍德船元富59購02,0.31,0.46
1150820,059111,百和元富59購01,0.05,0.09
1150820,059114,SGBR2X群益63購02,,2.45
1150820,059115,台積電群益5A購05,,1.95
1150820,059117,中華電群益59購01,,0.42
1150820,059118,增你強群益59購01,,0.90
1150820,059119,健策群益59購01,1.65,0.97
1150820,059120,健策群益59購02,2.40,1.37
1150820,059121,健策群益5B購01,2.30,1.37
1150820,059122,健策群益63購01,3.26,2.18
1150820,059126,矽創群益59購02,,4.29
1150820,059127,寶成群益59購01,,0.02
1150820,059128,台灣50凱基63購04,,3.66
1150820,059130,日本2X凱基5B購01,0.79,0.84
1150820,059132,國企2X凱基5A購01,,0.23
1150820,059133,元債反凱基61購01,0.72,0.85
1150820,059135,新纖凱基59購01,,4.78
1150820,059136,長興凱基5A購01,,1.43
1150820,059137,川湖凱基59購03,,48.03
1150820,059138,宇隆凱基59購01,,0.32
1150820,059141,仁寶凱基59購02,3.37,3.34
1150820,059143,智邦凱基59購06,,3.83
1150820,059144,金像電凱基59購02,,1.29
1150820,059145,建準凱基59購01,,0.24
1150820,059146,建準凱基59購02,,0.73
1150820,059147,皇昌凱基59購01,,0.01
1150820,059148,大立光凱基61購01,,20.16
1150820,059149,定穎控凱基5B購04,0.10,0.17
1150820,059150,祥碩凱基5B購04,1.35,1.25
1150820,059156,台塑化凱基59購03,1.22,1.16
1150820,059158,AES凱基5B購01,0.36,0.54
1150820,059159,兆聯凱基59購01,,2.86
1150820,059160,至上凱基61購01,,3.44
1150820,059161,勤誠凱基5A購01,,1.30
1150820,059162,臺股指凱基5A購32,,7.38
1150820,059164,臺股指凱基5A購34,9.50,11.55
1150820,059165,臺股指凱基5A購35,11.10,12.78
1150820,059166,FB科技元大59購01,,6.65
1150820,059171,華城元大59購08,,0.11
1150820,059172,華城元大59購09,,0.07
1150820,059176,鴻海元大59購07,,1.03
1150820,059177,鴻海元大61購10,,1.32
1150820,059178,台積電元大59購19,,1.60
1150820,059179,台積電元大61購20,,1.50
1150820,059180,金像電元大59購05,,0.34
1150820,059181,金像電元大59購06,,0.20
1150820,059182,創見元大59購04,,1.33
1150820,059183,創見元大5B購02,1.48,1.72
1150820,059184,聯發科元大61購19,,6.00
1150820,059185,宏達電元大59購04,,0.21
1150820,059186,長榮元大59購03,,1.62
1150820,059187,長榮元大5C購02,2.31,1.59
1150820,059188,陽明元大5A購01,0.19,0.14
1150820,059189,奇鋐元大59購21,2.62,3.28
1150820,059190,奇鋐元大61購10,,2.13
1150820,059192,德律元大59購08,,1.53
1150820,059193,德律元大59購09,,0.75
1150820,059194,緯創元大61購06,,1.89
1150820,059195,健策元大59購01,2.39,1.20
1150820,059196,健策元大5C購01,3.06,1.96
1150820,059197,世芯元大61購06,2.67,2.89
1150820,059200,定穎控元大61購07,,0.32
1150820,059201,新唐元大59購03,2.27,2.93
1150820,059202,祥碩元大59購04,0.16,0.21
1150820,059206,台塑化元大59購01,,0.96
1150820,059207,台塑化元大59購02,1.82,1.81
1150820,059209,AES元大59購07,,0.60
1150820,059210,AES元大59購08,,0.24
1150820,059211,勤誠元大59購06,,0.97
1150820,059212,勤誠元大5C購02,,1.29
1150820,059213,台灣50統一63購01,0.83,0.87
1150820,059214,元石油統一62購01,,0.49
1150820,059216,元石油統一63購03,,0.77
1150820,059217,元石油統一67購01,,0.51
1150820,059220,華城統一63購03,0.31,0.30
1150820,059221,創見統一63購01,1.04,1.14
1150820,059222,景碩統一61購04,,5.71
1150820,059223,景碩統一63購01,,4.96
1150820,059224,景碩統一73購01,,3.65
1150820,059225,景碩統一73購02,,2.84
1150820,059226,元石油中信63購02,0.39,0.39
1150820,059227,景碩中信61購01,,4.22
1150820,059228,祥碩中信59購01,,0.20
1150820,059229,華通永豐5C購02,3.61,3.48
1150820,059230,創見永豐5B購01,1.72,2.19
1150820,059233,奇鋐永豐5C購05,,9.11
1150820,059235,華通台新59購01,,0.77
1150820,059237,華通富邦63購03,0.61,0.56
1150820,059238,金像電富邦63購01,1.18,1.10
1150820,059242,道瓊銅凱基63購01,1.55,1.72
1150820,059243,台塑凱基59購05,,1.70
1150820,059245,鴻海凱基58購01,,2.54
1150820,059246,華城凱基59購01,,0.21
1150820,059248,大成鋼凱基5C購01,,3.14
1150820,059250,華通凱基59購02,,0.58
1150820,059253,長榮凱基61購01,2.44,1.76
1150820,059254,陽明凱基61購01,0.67,0.43
1150820,059255,奇鋐凱基59購07,,4.85
1150820,059256,景碩凱基61購01,,12.65
1150820,059258,世芯凱基59購07,1.77,2.04
1150820,059262,滬深2X國票61購01,1.23,1.57
1150820,059263,元石油國票59購04,,0.26
1150820,059264,香港2X國票59購02,1.00,1.05
1150820,059265,SGBR2X國票59購02,,0.33
1150820,059266,亞聚國票5A購01,0.05,0.07
1150820,059267,華城國票5A購01,,0.34
1150820,059268,華榮國票5A購01,0.50,0.63
1150820,059269,智邦國票6B購01,3.78,4.27
1150820,059270,佳能國票5A購01,0.24,0.37
1150820,059271,景碩國票5A購01,,22.90
1150820,059274,台塑化國票59購01,0.26,0.31
1150820,059275,采鈺國票59購01,,2.34
1150820,059276,華通國泰5A購03,1.43,1.30
1150820,059278,jpp國泰5A購01,,1.75
1150820,059279,SGBR2X元富59購04,,0.10
1150820,059281,元石油元大59購03,,0.75
1150820,059282,元石油元大59購04,,1.04
1150820,059284,元油反元大59購02,0.49,0.84
1150820,059285,元油反元大59購03,,0.44
1150820,059286,元油反元大5A購01,,0.81
1150820,059287,SGBR2X元大59購09,0.76,0.69
1150820,059288,SGBR2X元大59購10,0.95,1.01
1150820,059290,台塑元大59購09,,3.10
1150820,059292,台化元大59購04,,2.74
1150820,059293,華城元大59購10,,0.37
1150820,059295,光寶科元大59購11,,6.00
1150820,059297,華通元大59購05,,0.53
1150820,059298,華通元大61購06,0.65,0.67
1150820,059299,鴻海元大61購11,,1.09
1150820,059301,台積電元大61購21,,1.88
1150820,059303,聯發科元大61購20,,6.88
1150820,059304,長榮元大59購04,,0.47
1150820,059305,長榮元大59購05,,1.18
1150820,059306,長榮元大5A購04,2.00,0.93
1150820,059307,陽明元大59購01,,0.07
1150820,059308,陽明元大5A購02,0.14,0.10
1150820,059309,萬海元大59購02,2.75,0.86
1150820,059310,萬海元大5A購06,2.73,1.01
1150820,059313,德律元大59購10,,1.21
1150820,059314,景碩元大59購02,,16.40
1150820,059315,景碩元大59購03,11.60,10.96
1150820,059316,景碩元大5A購04,,7.31
1150820,059317,緯創元大59購04,,5.25
1150820,059318,緯創元大61購07,,5.37
1150820,059319,新日興元大59購01,,0.95
1150820,059320,京鼎元大59購01,,1.15
1150820,059321,世芯元大61購07,3.12,3.25
1150820,059325,新唐元大59購04,,2.36
1150820,059331,緯穎元大61購06,,8.12
1150820,059333,惠特元大5C購01,0.68,0.70
1150820,059334,AES元大59購09,,1.54
1150820,059335,AES元大59購10,,0.96
1150820,059336,元石油群益63購03,,1.43
1150820,059337,元油反群益63購01,,2.13
1150820,059339,台聚群益63購01,0.93,0.96
1150820,059340,大亞群益5B購01,,2.97
1150820,059344,台積電群益59購11,2.08,2.63
1150820,059348,飛宏群益5B購01,,1.52
1150820,059349,裕民群益5B購01,0.89,0.80
1150820,059350,萬海群益5B購02,1.13,0.65
1150820,059352,亞光群益5A購01,0.68,0.71
1150820,059356,緯創群益5B購01,5.65,6.30
1150820,059365,台塑化群益5C購01,0.56,0.67
1150820,059366,緯穎群益5B購04,,6.08
1150820,059369,勤誠群益59購01,,2.75
1150820,059371,台塑中信59購02,,0.92
1150820,059372,智邦中信62購01,1.90,2.20
1150820,059373,緯創中信59購01,,2.62
1150820,059375,亞聚永豐5A購01,0.10,0.14
1150820,059376,國喬永豐5A購01,,0.15
1150820,059377,華泰永豐5B購04,,0.84
1150820,059378,達邁永豐5C購01,,0.35
1150820,059380,眾達永豐61購01,0.83,0.73
1150820,059381,飛捷永豐5B購01,,1.47
1150820,059382,AES永豐5C購03,0.58,0.68
1150820,059385,台塑富邦63購01,,0.75
1150820,059387,玉山金富邦59購01,,0.84
1150820,059389,勤誠富邦5B購01,,1.09
1150820,059390,日本2X凱基5B購02,1.46,1.73
1150820,059391,道瓊銅凱基63購02,1.25,1.31
1150820,059393,遠東新凱基59購01,0.25,0.18
1150820,059394,川湖凱基59購04,,23.87
1150820,059395,華通凱基5A購03,,0.60
1150820,059398,微星凱基59購02,,9.26
1150820,059399,新興凱基5B購01,1.21,0.88
1150820,059400,萬海凱基59購04,4.04,1.73
1150820,059404,景碩凱基5A購04,,13.32
1150820,059411,台塑化凱基59購04,,1.18
1150820,059413,鴻海統一63購03,0.97,1.10
1150820,059414,台積電統一63購08,,1.22
1150820,059415,台積電統一67購06,1.42,1.45
1150820,059416,敬鵬統一62購03,0.36,0.37
1150820,059417,聯發科統一63購01,,6.50
1150820,059418,景碩統一63購02,,5.10
1150820,059419,景碩統一63購03,5.15,5.34
1150820,059420,景碩統一63購04,,5.21
1150820,059421,景碩統一68購01,3.59,3.53
1150820,059422,飛捷統一63購01,1.26,1.30
1150820,059423,聯茂統一73購01,,2.75
1150820,059425,矽力統一73購01,1.39,1.42
1150820,059426,宇瞻統一73購01,1.15,1.18
1150820,059430,祥碩國泰5A購01,1.33,1.31
1150820,059432,華通台新59購02,3.38,3.39
1150820,059433,華通台新59購03,,1.08
1150820,059434,金像電台新59購01,4.11,4.25
1150820,059435,世芯台新59購02,,3.05
1150820,059436,南茂台新59購01,,2.95
1150820,059438,台灣50元大63購02,6.95,7.37
1150820,059441,國喬元大59購01,,0.01
1150820,059442,鴻海元大59購09,,1.34
1150820,059444,台積電元大59購21,,1.67
1150820,059445,台積電元大5C購05,,1.40
1150820,059447,創見元大63購01,,2.05
1150820,059448,義隆元大59購01,0.50,0.68
1150820,059449,強茂元大59購03,,2.80
1150820,059450,強茂元大5B購03,,5.08
1150820,059451,強茂元大5C購02,2.79,2.69
1150820,059452,長榮元大59購06,,0.84
1150820,059453,萬海元大5A購07,3.57,1.60
1150820,059454,奇鋐元大59購22,,2.63
1150820,059456,奇鋐元大5C購05,2.55,2.45
1150820,059458,景碩元大59購04,,8.27
1150820,059459,新日興元大5A購02,2.46,2.17
1150820,059461,日月光元大5C購03,2.76,3.37
1150820,059462,定穎控元大59購03,,0.05
1150820,059465,新唐元大5C購01,,3.83
1150820,059466,眾達元大59購06,,0.39
1150820,059468,力成元大59購04,,1.71
1150820,059469,力成元大59購05,,0.65
1150820,059472,啟碁元大63購03,,1.70
1150820,059474,緯穎元大59購11,,5.83
1150820,059475,AES元大59購11,,0.51
1150820,059476,AES元大59購12,,0.47
1150820,059477,采鈺元大63購01,3.52,3.93
1150820,059478,天虹元大59購01,,0.28
1150820,059479,富鼎元大59購01,,3.68
1150820,059480,台灣50國票59購06,,11.74
1150820,059481,FB科技國票59購01,,8.37
1150820,059482,元石油國票5B購01,,0.94
1150820,059483,道瓊反國票59購01,,0.03
1150820,059484,元油反國票59購02,,0.14
1150820,059485,元油反國票5A購01,0.08,0.13
1150820,059488,台積電國票59購07,,4.34
1150820,059489,台積電國票5A購04,,3.33
1150820,059490,菱生國票5A購01,,1.60
1150820,059491,毅嘉國票59購02,,1.41
1150820,059492,漢唐國票5A購02,0.43,0.59
1150820,059493,長榮國票5A購03,,1.50
1150820,059494,裕民國票5A購01,0.85,0.77
1150820,059495,萬海國票5A購02,3.50,1.56
1150820,059496,神基國票5C購01,0.31,0.33
1150820,059497,京鼎國票5A購01,0.37,0.73
1150820,059498,達邁國票5A購02,,0.26
1150820,059499,達明國票5A購01,0.21,0.28
1150820,059500,材料國票5A購01,,1.43
1150820,059501,上品國票5A購01,,0.12
1150820,059502,乙盛國票5A購02,,1.41
1150820,059505,晶碩國票5A購01,0.99,1.00
1150820,059507,昇陽半國票5A購01,2.29,2.77
1150820,059511,台化元富59購03,,2.34
1150820,059513,美時元富59購02,,0.01
1150820,059516,華通元富59購08,1.28,1.46
1150820,059518,華通元富59購10,,0.35
1150820,059519,華通元富59購11,,0.87
1150820,059521,美律元富59購01,,0.61
1150820,059522,定穎控元富59購04,,0.38
1150820,059526,AES元富59購05,0.88,1.16
1150820,059527,AES元富59購06,,0.77
1150820,059532,大成鋼群益59購03,,4.32
1150820,059533,光寶科群益59購02,,6.74
1150820,059534,華通群益5B購04,1.11,0.99
1150820,059536,鴻海群益5A購08,,2.42
1150820,059537,鴻海群益5C購07,2.17,2.75
1150820,059540,陽明群益59購02,0.24,0.23
1150820,059541,奇鋐群益59購12,,5.15
1150820,059542,景碩群益5A購03,8.80,8.57
1150820,059543,緯創群益59購03,,4.46
1150820,059546,事欣科群益59購01,3.78,4.44
1150820,059548,jpp群益59購01,,0.18
1150820,059550,緯穎群益59購08,,5.04
1150820,059552,兆聯群益63購01,1.69,2.03
1150820,059553,至上群益59購02,,1.04
1150820,059554,南茂群益59購03,1.30,1.30
1150820,059557,新唐國泰5A購02,2.06,2.30
1150820,059560,奇鋐兆豐5B購03,3.04,2.84
1150820,059561,世芯兆豐5B購01,0.63,0.88
1150820,059563,台灣50凱基63購05,,7.40
1150820,059565,華通凱基5A購04,0.48,0.45
1150820,059566,華碩凱基59購03,,8.82
1150820,059568,毅嘉凱基59購04,,0.69
1150820,059569,創見凱基5B購01,1.35,1.57
1150820,059570,強茂凱基5B購03,,12.87
1150820,059571,世芯凱基61購05,,1.31
1150820,059572,定穎控凱基61購04,,0.34
1150820,059573,眾達凱基5A購02,0.24,0.27
1150820,059574,采鈺凱基63購01,,2.17
1150820,059575,台虹凱基59購01,,4.49
1150820,059577,台灣50富邦63購05,,2.45
1150820,059578,SGBR2X富邦63購03,0.70,0.62
1150820,059579,國巨富邦5B購01,,4.80
1150820,059580,金像電富邦5C購04,0.45,0.44
1150820,059581,國泰金富邦5B購01,,2.38
1150820,059582,臺股指富邦66購03,,2.96
1150820,059583,A50正2國票5B購01,,0.51
1150820,059584,永光國票5A購02,,1.39
1150820,059586,光寶科國票5C購01,,3.56
1150820,059587,鴻海國票5A購02,0.97,1.44
1150820,059588,英業達國票5A購01,5.50,6.58
1150820,059589,金像電國票5A購01,0.84,0.89
1150820,059590,創見國票5A購04,,1.50
1150820,059592,長榮航國票59購02,,3.26
1150820,059593,大立光國票5A購01,,21.60
1150820,059594,奇鋐國票5A購02,3.41,3.48
1150820,059596,新日興國票59購01,0.20,0.32
1150820,059597,牧德國票5A購05,,1.33
1150820,059598,達邁國票5A購03,,0.15
1150820,059599,東台國票5A購01,0.07,0.12
1150820,059600,台積電統一5B購02,2.48,2.54
1150820,059601,康普國票5A購02,0.56,0.78
1150820,059605,緯穎國票5B購01,,4.32
1150820,059610,台虹國票5A購01,7.95,5.56
1150820,059611,至上國票5A購01,0.65,0.74
1150820,059613,華通元富59購12,,0.16
1150820,059614,華通元富5C購01,3.10,2.77
1150820,059615,鴻海元富63購02,3.76,4.57
1150820,059617,大立光元富59購02,,18.00
1150820,059618,世芯元富5A購02,,0.92
1150820,059621,兆聯元富59購02,,2.17
1150820,059623,世芯元富5B購01,3.30,2.84
1150820,059626,台虹元富59購06,,4.13
1150820,059630,永光統一73購01,,0.69
1150820,059631,長興統一66購01,0.48,0.50
1150820,059632,川湖統一63購02,,7.95
1150820,059633,華通統一73購01,0.59,0.56
1150820,059634,英業達統一65購01,,1.20
1150820,059635,英業達統一66購01,0.98,1.05
1150820,059636,金像電統一63購01,0.64,0.57
1150820,059637,威盛統一65購01,1.16,1.30
1150820,059638,奇鋐統一62購02,1.97,1.88
1150820,059639,景碩統一73購03,2.83,2.83
1150820,059640,佳必琪統一73購01,1.43,1.49
1150820,059641,飛捷統一63購02,,0.86
1150820,059642,飛捷統一73購01,1.05,1.06
1150820,059643,聯茂統一63購01,,6.66
1150820,059644,矽格統一73購01,,1.00
1150820,059645,緯穎統一63購01,,2.04
1150820,059646,采鈺統一68購01,0.73,0.80
1150820,059647,采鈺統一68購02,0.73,0.79
1150820,059648,台虹統一63購01,3.03,2.27
1150820,059649,台虹統一63購02,3.75,3.16
1150820,059650,台虹統一63購03,,1.98
1150820,059651,台虹統一66購01,3.06,2.25
1150820,059652,南茂統一73購01,0.81,0.84
1150820,059653,台灣50中信63購04,,1.25
1150820,059654,T50反1中信63購03,,0.15
1150820,059655,臺指2X中信63購03,,0.92
1150820,059656,臺指反中信63購01,,0.10
1150820,059658,鴻海中信63購01,0.63,0.77
1150820,059659,台積電中信63購04,0.68,0.75
1150820,059660,金像電中信63購01,0.46,0.45
1150820,059661,京元電中信63購01,0.17,0.33
1150820,059662,聯發科中信63購02,1.87,2.16
1150820,059663,世芯中信63購01,0.60,0.65
1150820,059664,緯穎中信63購01,,1.80
1150820,059667,鴻海永豐65購03,,2.02
1150820,059668,鴻海永豐68購01,3.47,3.90
1150820,059669,台積電永豐73購03,1.80,1.87
1150820,059670,台積電永豐73購04,2.08,2.28
1150820,059671,金像電永豐5C購01,,1.04
1150820,059672,建準永豐5A購01,,0.30
1150820,059673,義隆永豐5B購01,,0.54
1150820,059674,義隆永豐5C購02,0.47,0.53
1150820,059675,奇鋐永豐63購02,3.93,3.97
1150820,059676,奇鋐永豐63購03,,3.61
1150820,059677,景碩永豐5C購01,,17.43
1150820,059678,牧德永豐59購01,,0.76
1150820,059679,達邁永豐63購01,,0.33
1150820,05967U,國巨中信59售03,,0.12
1150820,059680,世芯永豐66購01,2.55,2.62
1150820,059683,康舒永豐5B購01,,1.02
1150820,059685,台虹永豐5B購01,,3.54
1150820,059686,至上永豐5C購01,1.30,1.36
1150820,059688,至上台新59購01,0.82,1.01
1150820,059689,日本反元大65購01,0.29,0.30
1150820,059690,元油反元大59購04,,0.11
1150820,059691,元油反元大5A購02,,0.17
1150820,059692,SGBR2X元大59購12,,1.56
1150820,059694,SGBR2X元大5B購02,,1.66
1150820,059695,永光元大5C購01,2.12,2.08
1150820,059696,華通元大59購06,0.64,0.64
1150820,059698,華通元大59購08,,0.68
1150820,059699,華通元大59購09,,0.68
1150820,059700,華通元大59購10,,0.20
1150820,059701,華通元大59購11,,0.83
1150820,059703,華通元大59購13,,0.31
1150820,059704,華通元大59購14,0.10,0.19
1150820,059706,台積電元大59購23,,0.95
1150820,059707,華碩元大5C購01,6.35,5.65
1150820,059709,創見元大63購02,,1.29
1150820,059710,宏達電元大59購05,0.22,0.26
1150820,059711,長榮元大59購07,,0.54
1150820,059712,長榮航元大59購01,,1.01
1150820,059714,智原元大5C購03,,1.25
1150820,059715,文曄元大5C購01,0.76,1.35
1150820,059717,景碩元大59購06,10.90,10.80
1150820,059719,嘉澤元大59購04,,0.58
1150820,059721,牧德元大59購06,,0.65
1150820,059723,牧德元大59購08,,1.56
1150820,059724,達邁元大59購01,,0.08
1150820,059726,日月光元大5C購04,,3.83
1150820,059727,臻鼎元大59購11,,12.35
1150820,059731,臻鼎元大63購02,4.35,4.78
1150820,059737,惠特元大59購02,,0.16
1150820,059738,龍德船元大5C購01,,0.81
1150820,059739,采鈺元大63購02,3.60,3.59
1150820,059740,南茂元大59購08,,1.92
1150820,059742,臺股指元大59購29,,5.58
1150820,059743,臺股指元大5A購18,,10.30
1150820,059745,滬深反群益59購01,,0.09
1150820,059746,香港2X群益59購01,,0.07
1150820,059747,國企2X群益63購01,0.67,0.68
1150820,059748,中502X群益63購01,0.58,0.63
1150820,059750,華通群益63購01,1.02,1.00
1150820,059751,鴻海群益5A購09,1.13,1.73
1150820,059752,台積電群益5B購06,,3.83
1150820,059753,台積電群益5B購07,2.30,2.66
1150820,059754,台積電群益63購03,1.72,1.90
1150820,059756,金像電群益5A購03,,0.87
1150820,059757,瑞昱群益59購02,,5.03
1150820,059758,超豐群益59購02,,1.30
1150820,059759,奇鋐群益63購01,1.82,1.68
1150820,059760,達邁群益5A購01,,0.10
1150820,059761,世芯群益63購01,1.35,1.30
1150820,059763,矽格群益63購01,,3.12
1150820,059766,台虹群益5C購01,,4.10
1150820,059767,至上群益5B購01,0.49,0.53
1150820,059768,南茂群益59購04,,3.40
1150820,059769,宇瞻群益63購01,3.24,3.49
1150820,059770,臺股指群益59購25,,2.83
1150820,059772,鴻海國泰61購01,,2.56
1150820,059773,台積電國泰5A購01,,2.00
1150820,059774,智邦國泰5A購01,,3.15
1150820,059775,金像電國泰5A購01,,1.23
1150820,059776,金像電國泰61購01,1.83,1.78
1150820,059777,毅嘉國泰5A購02,,1.62
1150820,059778,京元電國泰5A購01,0.23,0.44
1150820,059779,嘉澤國泰5A購02,0.38,0.89
1150820,059780,辛耘國泰5A購01,10.10,14.93
1150820,059782,上品國泰5A購01,0.16,0.24
1150820,059783,天虹國泰5A購01,,0.99
1150820,059784,台灣50台新59購02,,5.20
1150820,059785,金像電台新59購02,,0.79
1150820,059786,滬深2X凱基5B購03,,1.60
1150820,059787,國企2X凱基61購01,,0.37
1150820,059788,美指反凱基61購01,0.48,0.48
1150820,059789,光寶科凱基59購04,,5.05
1150820,059790,金像電凱基59購03,,0.33
1150820,059794,長榮凱基5C購01,2.41,1.86
1150820,059795,奇鋐凱基63購01,,3.44
1150820,059796,德律凱基59購04,,0.39
1150820,059797,聯詠凱基59購03,,5.75
1150820,059798,智原凱基5C購01,,1.59
1150820,059799,文曄凱基59購02,,0.12
1150820,059800,景碩凱基59購01,,12.30
1150820,059801,景碩凱基59購02,,13.55
1150820,059802,嘉澤凱基5A購03,0.30,0.66
1150820,059803,牧德凱基5A購03,,0.97
1150820,059805,世芯凱基61購06,,2.06
1150820,059809,眾達凱基59購03,,0.29
1150820,059811,矽力凱基59購03,,5.32
1150820,059813,緯穎凱基61購02,,7.14
1150820,059814,惠特凱基59購02,,0.10
1150820,059815,龍德船凱基5B購01,1.18,1.16
1150820,059816,台虹凱基5A購02,,3.84
1150820,059817,至上凱基59購03,,0.29
1150820,059819,世紀鋼凱基59購01,,0.14
1150820,059821,日本2X國票5B購01,1.75,1.83
1150820,059823,臺指反國票5B購01,,0.02
1150820,059825,FB臺反國票59購01,,0.10
1150820,059826,SGBR2X國票59購05,0.62,0.52
1150820,059827,SGBR2X國票5A購02,,0.40
1150820,059830,中興電國票5A購01,,0.75
1150820,059831,華立國票61購01,,0.66
1150820,059832,德律國票5A購04,0.39,0.62
1150820,059834,大銀國票5C購01,4.15,4.75
1150820,059835,宇瞻國票5A購02,,1.97
1150820,059836,宇瞻國票5A購03,1.82,1.94
1150820,059837,宇瞻國票65購01,2.13,2.12
1150820,059838,臺股指國票59購06,2.11,3.28
1150820,059840,電子類國票59購02,,3.17
1150820,059842,元石油富邦63購01,0.56,0.52
1150820,059843,鴻海富邦59購05,,1.14
1150820,059844,華碩富邦59購02,,3.46
1150820,059845,德律富邦5C購01,,0.70
1150820,059848,至上富邦61購02,0.90,0.92
1150820,059849,元油反中信63購02,,0.27
1150820,059850,SGBR2X中信63購02,,0.47
1150820,059851,南亞中信59購03,,5.54
1150820,059852,華新中信59購01,,0.30
1150820,059853,國巨中信63購01,,2.52
1150820,059854,台勝科中信59購01,,11.10
1150820,059855,啟碁中信59購01,,1.18
1150820,059857,啟碁中信5C購01,1.46,1.61
1150820,059858,台虹中信59購03,5.80,3.82
1150820,059859,奇鋐統一63購02,,1.61
1150820,059860,新唐統一63購01,1.29,1.45
1150820,059861,臺股指統一59購01,,1.42
1150820,059862,台灣50永豐5B購01,,21.79
1150820,059863,台積電永豐5C購10,1.40,1.39
1150820,059864,台積電永豐5C購11,,1.62
1150820,059866,華碩永豐5A購01,5.95,6.26
1150820,059867,金像電永豐5B購01,2.10,2.06
1150820,059868,友達永豐5B購01,,3.40
1150820,059869,友達永豐5C購01,,5.28
1150820,059870,建準永豐5C購01,0.58,0.68
1150820,059872,神基永豐5C購01,0.46,0.47
1150820,059873,德律永豐5B購01,,1.51
1150820,059874,牧德永豐5C購01,0.45,0.52
1150820,059875,世芯永豐65購01,2.95,3.12
1150820,059876,眾達永豐5C購02,0.33,0.45
1150820,059877,愛普永豐5C購01,8.70,8.72
1150820,059878,兆聯永豐5C購01,,1.24
1150820,059879,富鼎永豐5C購01,,3.37
1150820,059880,宇瞻永豐5A購02,1.15,1.19
1150820,059881,宇瞻永豐5B購01,1.99,2.05
1150820,059882,日本2X元大59購02,,1.11
1150820,059883,台積電元大59購24,1.20,1.25
1150820,059884,金像電元大59購07,,0.63
1150820,059885,金像電元大59購08,,1.34
1150820,059886,金像電元大59購09,,0.24
1150820,059887,金像電元大59購10,,0.15
1150820,059888,金像電元大59購11,,0.17
1150820,059889,長榮元大59購08,0.52,0.31
1150820,059890,奇鋐元大59購24,,3.36
1150820,059891,德律元大59購12,,0.97
1150820,059892,德律元大59購13,,0.19
1150820,059893,文曄元大5C購02,,0.77
1150820,059896,嘉澤元大59購06,,0.72
1150820,059897,牧德元大59購09,,0.27
1150820,059898,達邁元大59購02,,0.35
1150820,059899,達邁元大59購03,,0.03
1150820,059900,世芯元大5A購01,,1.58
1150820,059908,矽格元大59購02,,2.47
1150820,059910,緯穎元大59購12,,7.65
1150820,059911,惠特元大59購03,,0.08
1150820,059913,台虹元大59購03,,4.70
1150820,059914,台虹元大59購04,5.70,4.03
1150820,059917,勤誠元大59購08,,2.57
1150820,059918,宇瞻元大59購01,,2.15
1150820,059919,宇瞻元大59購02,,2.24
1150820,059921,宇瞻元大5B購02,1.43,1.43
1150820,059922,宇瞻元大63購01,1.34,1.34
1150820,059923,東鹼群益59購01,,1.90
1150820,059924,鴻海群益63購02,1.46,1.66
1150820,059925,鴻海群益63購03,1.39,1.75
1150820,059926,鴻海群益64購01,1.64,1.95
1150820,059927,鴻海群益65購01,1.60,1.87
1150820,059932,毅嘉群益59購06,,0.53
1150820,059936,新興群益61購01,0.69,0.65
1150820,059937,奇鋐群益59購13,,6.81
1150820,059938,嘉澤群益5A購03,,0.55
1150820,059940,佳必琪群益61購01,,5.32
1150820,059942,惠特群益61購01,0.53,0.56
1150820,059943,兆聯群益5B購02,1.03,1.17
1150820,059944,台虹群益5B購01,,3.82
1150820,059945,瀚荃群益5B購01,0.70,0.49
1150820,059946,至上群益59購03,,0.63
1150820,059947,至上群益5A購01,,0.32
1150820,059950,臺股指群益59購28,,4.66
1150820,059952,臺股指群益59購30,,5.75
1150820,059954,臺股指群益5C購02,,13.66
1150820,059956,上銀兆豐63購01,,3.42
1150820,059957,聯詠兆豐63購01,,3.94
1150820,059958,文曄兆豐5B購01,,0.62
1150820,059960,祥碩兆豐63購02,1.60,1.60
1150820,059961,美時元富59購03,,0.02
1150820,059962,仁寶元富59購01,,2.09
1150820,059963,華泰元富59購01,,0.18
1150820,059964,京元電元富59購05,,0.07
1150820,059965,萬海元富59購02,5.95,2.49
1150820,059966,世芯元富59購05,1.61,1.75
1150820,059970,緯穎元富5A購03,,4.91
1150820,059971,惠特元富59購02,,0.55
1150820,059972,兆聯元富5A購01,,2.24
1150820,059973,世紀鋼元富59購01,,0.04
1150820,059975,元石油統一67購02,,0.68
1150820,059976,佳必琪統一63購01,,2.06
1150820,059977,T50反1中信63購04,,0.31
1150820,059982,華碩中信63購01,1.45,1.24
1150820,059983,奇鋐中信59購04,,0.79
1150820,059984,臻鼎中信5B購01,,2.19
1150820,059985,佳必琪中信5C購01,,2.15
1150820,059987,華泰永豐5C購01,,0.94
1150820,059988,聯發科永豐5A購05,,27.50
1150820,059991,陽明永豐5B購01,1.48,1.01
1150820,059993,定穎控永豐5C購01,,0.33
1150820,059994,力成永豐5B購01,,2.55
1150820,059995,啟碁永豐5C購02,4.72,5.13
1150820,059997,訊芯永豐5C購01,9.70,9.76
1150820,059998,愛普永豐5A購01,,8.40
1150820,059999,台虹永豐5C購01,,3.75
1150820,060001,愛普兆豐5B購01,4.04,3.64
1150820,060003,T50反1富邦66購02,,0.28
1150820,060004,聚陽富邦5B購01,0.04,0.12
1150820,060006,光寶科富邦5B購01,3.59,3.21
1150820,060007,聯電富邦61購05,3.65,4.14
1150820,060008,楠梓電富邦5B購01,,2.71
1150820,060009,佳能富邦5B購01,,0.28
1150820,060010,長榮富邦5C購01,0.90,0.65
1150820,060011,奇鋐富邦5C購03,,2.33
1150820,060013,佳必琪富邦5B購01,3.16,3.16
1150820,060016,京元電國泰5A購02,0.37,0.54
1150820,060017,新興國泰5A購02,0.82,0.63
1150820,060022,和碩國泰5A購01,,2.71
1150820,060024,至上國泰5A購01,0.96,1.15
1150820,060028,統一凱基59購01,,2.14
1150820,060029,中興電凱基59購03,,0.93
1150820,060030,永光凱基59購02,,0.33
1150820,060031,宇隆凱基59購02,,0.36
1150820,060032,智邦凱基61購02,,3.39
1150820,060034,友達凱基61購01,3.79,3.98
1150820,060035,可成凱基59購01,0.50,0.52
1150820,060036,強茂凱基61購02,3.25,3.34
1150820,060037,新興凱基5B購02,0.83,0.62
1150820,060038,神基凱基59購01,0.09,0.11
1150820,060039,華立凱基59購01,,0.40
1150820,060040,健鼎凱基59購01,1.32,1.37
1150820,060041,景碩凱基5A購06,,10.90
1150820,060043,定穎控凱基5A購02,,0.02
1150820,060044,jpp凱基59購02,,1.57
1150820,060046,矽格凱基5B購01,2.83,3.19
1150820,060049,愛普凱基61購01,,4.46
1150820,060050,愛普凱基61購02,,6.12
1150820,060051,采鈺凱基5C購01,,2.39
1150820,060052,兆聯凱基5B購01,0.88,1.10
1150820,060053,台虹凱基5C購01,,4.23
1150820,060054,至上凱基61購02,1.15,1.21
1150820,060056,富鼎凱基59購01,,3.85
1150820,060057,臺股指凱基5A購40,4.30,5.59
1150820,060059,電子類凱基5A購02,5.05,5.29
1150820,060062,建準群益5A購02,,0.33
1150820,060063,美律群益59購01,,0.14
1150820,060065,聯發科群益59購06,13.90,13.90
1150820,060066,普安群益59購01,0.82,1.13
1150820,060067,新興群益61購02,1.59,1.24
1150820,060068,臺企銀群益5A購01,,1.40
1150820,060070,聯詠群益59購02,,3.06
1150820,060071,文曄群益59購02,0.01,0.01
1150820,060072,景碩群益63購02,9.80,9.72
1150820,060073,景碩群益65購01,5.00,4.54
1150820,060074,嘉澤群益59購05,,0.59
1150820,060076,世芯群益59購08,,1.64
1150820,060079,眾達群益5B購01,,0.62
1150820,060080,精成科群益59購01,,0.05
1150820,060081,精成科群益59購02,,0.02
1150820,060082,佳必琪群益5C購01,,4.99
1150820,060083,和椿群益59購01,,0.11
1150820,060086,愛普群益61購02,,4.73
1150820,060088,富鼎群益5A購01,2.65,2.65
1150820,060089,臺股指群益62購02,,9.40
1150820,060090,臺股指群益62購03,,10.25
1150820,060091,統一國票59購01,,1.61
1150820,060092,台聚國票59購01,,0.20
1150820,060094,東鹼國票5C購01,1.86,1.87
1150820,060095,永光國票5A購03,0.73,0.70
1150820,060096,美時國票59購03,,0.03
1150820,060097,中環國票59購01,0.19,0.24
1150820,060099,世芯國票59購04,,3.11
1150820,060100,定穎控國票65購01,,0.43
1150820,060102,台塑化國票59購02,1.94,1.65
1150820,060103,台塑化國票5A購01,1.51,1.39
1150820,060105,台虹國票65購01,5.90,4.02
1150820,060111,鴻海元富59購05,,7.70
1150820,060113,華泰元富59購02,,0.10
1150820,060114,昆盈元富59購01,,0.26
1150820,060115,神基元富59購01,,0.36
1150820,060116,神基元富59購02,,0.26
1150820,060117,神基元富59購03,,0.02
1150820,060118,定穎控元富59購05,,0.01
1150820,060119,愛普元富59購03,,6.30
1150820,060120,緯穎元富5C購02,,4.27
1150820,060121,台虹元富59購07,,3.18
1150820,060122,勤誠元富59購02,,2.54
1150820,060123,勤誠元富59購03,,2.52
1150820,060124,富鼎元富5A購01,,4.30
1150820,060126,FBNQ2X元大59購02,,1.86
1150820,060128,美費半元大5B購01,8.10,9.12
1150820,060132,東鹼元大59購01,,1.08
1150820,060133,東鹼元大59購02,,1.53
1150820,060134,永光元大59購04,0.62,0.74
1150820,060135,永光元大63購01,1.73,1.59
1150820,060136,鴻海元大59購12,,1.74
1150820,060137,台積電元大59購25,0.82,0.97
1150820,060138,台積電元大59購26,1.42,1.74
1150820,060139,智邦元大59購05,,1.95
1150820,060140,神基元大59購01,,0.07
1150820,060141,德律元大59購14,0.57,0.95
1150820,060142,德律元大59購15,,0.27
1150820,060144,景碩元大59購11,,6.88
1150820,060145,嘉澤元大59購07,,1.14
1150820,060146,嘉澤元大63購02,0.61,0.78
1150820,060150,臻鼎元大59購17,11.60,13.00
1150820,060157,愛普元大59購08,,4.58
1150820,060158,緯穎元大59購13,,6.25
1150820,060159,采鈺元大5C購03,2.32,2.59
1150820,060161,台虹元大59購08,,5.04
1150820,060163,台虹元大59購10,,3.86
1150820,060164,台虹元大59購11,5.70,3.79
1150820,060165,台虹元大59購12,5.20,3.35
1150820,060166,台虹元大59購13,4.20,3.00
1150820,060168,勤誠元大63購01,,0.89
1150820,060169,臺股指元大5C購09,,3.57
1150820,060172,南亞中信59購06,,2.98
1150820,060173,南亞中信61購01,,3.67
1150820,060174,台化中信59購02,,0.73
1150820,060175,長榮中信63購01,0.63,0.51
1150820,060176,貿聯中信59購02,0.49,0.76
1150820,060178,臺股指中信62購01,,1.08
1150820,060179,台化永豐5B購01,4.52,4.41
1150820,060181,華通永豐5C購03,,1.06
1150820,060182,華通永豐5C購04,1.48,1.48
1150820,060183,鴻海永豐59購07,,1.46
1150820,060185,京元電永豐5B購02,0.69,0.90
1150820,060186,創見永豐5C購01,1.94,2.22
1150820,060187,創見永豐61購01,,1.03
1150820,060188,健鼎永豐5A購01,,0.81
1150820,060189,景碩永豐5C購02,,13.05
1150820,060190,新日興永豐59購01,,0.29
1150820,060191,大聯大永豐59購01,,2.34
1150820,060192,定穎控永豐5C購02,0.38,0.48
1150820,060193,眾達永豐61購02,0.26,0.24
1150820,060194,GIS永豐5B購01,0.68,0.54
1150820,060195,至上永豐5B購04,1.38,1.43
1150820,060196,巨大永豐59購01,2.40,2.28
1150820,060197,景碩兆豐5B購02,,6.43
1150820,060198,至上兆豐63購01,1.84,1.79
1150820,060199,FB科技富邦63購01,,1.61
1150820,060200,元黃金富邦63購03,,0.11
1150820,060201,台塑富邦5A購01,,0.69
1150820,060202,華通富邦5B購01,0.25,0.29
1150820,060203,鴻海富邦63購01,,1.72
1150820,060204,毅嘉富邦5C購01,0.40,0.48
1150820,060205,創見富邦5B購04,0.70,0.78
1150820,060207,聯發科富邦59購06,,7.47
1150820,060210,萬海富邦5C購02,1.32,0.70
1150820,060211,亞光富邦5A購01,0.41,0.50
1150820,060212,牧德富邦5C購01,0.50,0.55
1150820,060213,貿聯富邦5B購03,1.31,1.37
1150820,060215,力成富邦61購04,1.02,1.11
1150820,060216,采鈺富邦5C購01,,1.00
1150820,060218,緯創台新59購01,,4.64
1150820,060219,國巨國泰61購01,,11.00
1150820,060220,建準國泰5A購02,,0.77
1150820,060221,文曄國泰5A購02,,0.43
1150820,060222,健鼎國泰5A購01,2.99,2.28
1150820,060223,景碩國泰61購01,,9.90
1150820,060224,貿聯國泰61購01,,2.63
1150820,060225,眾達國泰5A購01,0.50,0.34
1150820,060228,GIS國泰5A購02,1.04,0.82
1150820,060231,創見統一62購01,0.62,0.67
1150820,060232,創見統一63購02,,0.56
1150820,060233,德律統一63購02,,0.77
1150820,060234,文曄統一63購03,,0.29
1150820,060235,貿聯統一63購01,,1.15
1150820,060236,力成統一63購01,0.95,1.02
1150820,060237,訊芯統一62購03,,2.04
1150820,060238,GIS統一63購03,0.56,0.49
1150820,060239,AES統一63購04,,0.65
1150820,060240,至上統一63購01,0.57,0.61
1150820,060241,勤誠統一61購03,,0.71
1150820,060242,T50反1凱基66購01,,0.37
1150820,060243,道瓊2X凱基61購01,,1.33
1150820,060244,南亞凱基61購02,,8.40
1150820,060245,台化凱基5A購04,,2.81
1150820,060246,永光凱基59購03,0.21,0.22
1150820,060247,美時凱基5A購02,,0.16
1150820,060249,光寶科凱基5C購02,,5.03
1150820,060250,華通凱基5B購02,,0.65
1150820,060251,華通凱基5C購03,0.77,0.64
1150820,060252,華通凱基63購01,0.99,0.82
1150820,060254,創見凱基63購01,1.55,1.72
1150820,060256,長榮凱基59購02,0.90,0.48
1150820,060258,奇鋐凱基5C購02,,3.46
1150820,060259,德律凱基59購05,,1.52
1150820,060261,景碩凱基59購03,,12.35
1150820,060262,新日興凱基5A購03,0.19,0.23
1150820,060263,嘉澤凱基61購01,1.25,2.09
1150820,060264,世芯凱基59購08,1.67,2.04
1150820,060266,定穎控凱基61購05,,0.46
1150820,060269,眾達凱基59購04,0.24,0.23
1150820,060274,惠特凱基5C購01,0.82,0.83
1150820,060275,AES凱基59購04,,0.44
1150820,060278,亞德客國票59購02,,2.63
1150820,060279,東鹼國票61購01,1.15,1.15
1150820,06027U,聯發科中信59售02,,0.02
1150820,060280,永光國票61購01,,0.92
1150820,060281,美時國票59購04,,0.11
1150820,060283,台亞國票5A購02,,0.74
1150820,060284,聯強國票5A購01,0.42,0.76
1150820,060285,鴻準國票59購01,1.01,1.37
1150820,060286,華碩國票59購02,9.40,8.59
1150820,060287,昆盈國票59購01,,0.12
1150820,060288,菱生國票5A購02,,0.74
1150820,060289,大同國票59購01,,0.09
1150820,060291,技嘉國票59購01,,7.45
1150820,060292,技嘉國票59購02,,6.08
1150820,060293,正崴國票5A購01,0.34,0.34
1150820,060295,偉詮電國票5A購02,0.44,0.51
1150820,060297,創見國票61購01,,1.56
1150820,060298,義隆國票59購01,0.52,0.69
1150820,060299,義隆國票59購02,,0.28
1150820,060300,普安國票59購01,,0.95
1150820,060301,宏達電國票59購01,0.40,0.40
1150820,060304,長榮國票5C購01,1.84,1.34
1150820,060307,陽明國票59購03,0.95,0.55
1150820,060308,景碩國票61購02,,10.09
1150820,060309,貿聯國票5A購03,2.00,2.15
1150820,060310,大聯大國票5A購01,,2.43
1150820,060311,材料國票5A購02,0.46,0.59
1150820,060313,旭隼國票5A購02,2.23,2.29
1150820,060314,視陽國票5A購01,0.24,0.27
1150820,060315,香港2X元富59購01,0.62,0.58
1150820,060316,美時元富59購04,,0.13
1150820,060317,華通元富59購13,,0.42
1150820,060318,可成元富63購01,2.83,2.85
1150820,060319,長榮元富5C購01,,1.43
1150820,060320,威健元富59購01,3.49,3.20
1150820,060321,威健元富59購02,1.93,1.97
1150820,060322,貿聯元富59購01,,2.39
1150820,060328,力成元富59購02,4.19,4.50
1150820,060329,GIS元富59購02,0.78,0.73
1150820,060330,GIS元富59購03,0.52,0.42
1150820,060331,至上元富5C購01,2.14,2.23
1150820,060332,元黃金元大5B購05,0.13,0.11
1150820,060333,元黃金元大5C購03,0.13,0.12
1150820,060334,元金2X元大5B購03,0.24,0.19
1150820,060335,元金2X元大5C購01,0.29,0.26
1150820,060340,南亞元大5C購04,,2.44
1150820,060341,台化元大63購01,1.96,2.05
1150820,060342,美時元大59購05,0.10,0.10
1150820,060343,華通元大59購15,,0.21
1150820,060344,華通元大59購16,1.07,0.89
1150820,060345,華通元大59購18,0.84,0.86
1150820,060346,華通元大5B購05,,0.45
1150820,060347,華通元大5C購06,,0.36
1150820,060348,華通元大63購03,,0.87
1150820,060349,長榮元大59購09,0.64,0.53
1150820,060350,長榮元大59購10,1.16,0.70
1150820,060351,長榮元大59購11,1.34,0.82
1150820,060353,亞光元大59購03,,0.08
1150820,060354,景碩元大59購12,5.30,5.20
1150820,060355,景碩元大5C購03,3.87,4.06
1150820,060356,嘉澤元大59購08,,0.62
1150820,060357,牧德元大59購10,,0.12
1150820,060360,貿聯元大59購13,,1.80
1150820,060361,貿聯元大59購14,,1.26
1150820,060362,貿聯元大59購15,,2.07
1150820,060364,大聯大元大59購01,,5.00
1150820,060365,日月光元大59購20,3.65,3.65
1150820,060367,材料元大59購01,0.14,0.27
1150820,060368,雙鍵元大59購01,,0.99
1150820,060374,聯茂元大63購01,6.70,6.70
1150820,060375,同欣電元大59購06,,1.78
1150820,060377,啟碁元大59購14,2.10,2.45
1150820,060380,GIS元大59購01,0.50,0.47
1150820,060386,臺股指元大59購30,2.77,4.03
1150820,060387,臺股指元大59購31,,3.45
1150820,060388,臺股指元大59購32,,3.17
1150820,060389,臺股指元大5A購21,,4.75
1150820,060392,SGBR2X群益59購04,,0.29
1150820,060393,SGBR2X群益59購05,0.68,0.64
1150820,060394,台塑群益59購03,,1.83
1150820,060396,宏泰群益59購01,,0.36
1150820,060398,東鹼群益59購03,0.49,0.62
1150820,060399,永光群益5B購01,,0.72
1150820,060400,華通群益5B購06,0.64,0.64
1150820,060401,華通群益63購02,0.44,0.40
1150820,060402,華通群益63購03,1.72,1.58
1150820,060403,技嘉群益59購04,,7.51
1150820,060404,創見群益59購05,,0.61
1150820,060405,聯發科群益59購07,11.30,11.30
1150820,060406,聯發科群益5B購03,,15.27
1150820,060408,可成群益59購02,0.84,0.82
1150820,060411,新興群益5C購01,,0.41
1150820,060412,景碩群益5B購05,,8.32
1150820,060413,牧德群益5B購01,,0.32
1150820,060414,辛耘群益5A購02,,4.22
1150820,060416,大聯大群益59購01,,3.87
1150820,060417,大聯大群益5B購01,0.86,1.71
1150820,060419,啟碁群益59購07,,5.16
1150820,060420,GIS群益5A購01,0.73,0.47
1150820,060423,台積電中信63購05,0.91,1.01
1150820,060424,創見中信59購02,,0.12
1150820,060425,創見中信5B購01,,0.35
1150820,060427,嘉澤中信59購02,0.03,0.05
1150820,060428,聯茂中信5C購01,5.60,3.83
1150820,060430,康舒中信59購01,,0.12
1150820,060432,永光永豐5B購02,,0.28
1150820,060433,永光永豐5B購03,,0.28
1150820,060434,美時永豐5B購02,,0.25
1150820,060435,華通永豐5C購05,1.03,0.98
1150820,060440,技嘉永豐5B購01,,6.30
1150820,060442,建準永豐61購01,,0.49
1150820,060445,長榮永豐5C購02,1.53,1.11
1150820,060446,奇鋐永豐5C購06,,2.33
1150820,060447,文曄永豐5B購01,,0.72
1150820,060448,牧德永豐5B購02,,0.25
1150820,060449,貿聯永豐5C購01,2.49,2.49
1150820,060450,康普永豐5C購01,,0.92
1150820,060452,亞翔永豐5B購02,1.47,1.93
1150820,060454,聯茂永豐64購01,9.80,8.13
1150820,060455,同欣電永豐5C購01,,2.21
1150820,060456,康舒永豐5C購01,,0.75
1150820,060458,訊芯永豐5B購01,4.45,4.51
1150820,060459,愛普永豐5B購02,3.25,3.87
1150820,060461,至上永豐5C購02,1.82,1.80
1150820,060463,華通台新59購05,,0.42
1150820,060464,台積電兆豐5B購02,,1.96
1150820,060465,牧德兆豐5B購01,,0.64
1150820,060467,台灣50富邦5C購10,,2.63
1150820,060469,楠梓電富邦5B購02,,1.46
1150820,060470,台積電富邦59購03,1.51,1.73
1150820,060471,台積電富邦59購04,,1.57
1150820,060472,敬鵬富邦5B購01,0.28,0.29
1150820,060473,技嘉富邦59購01,,3.27
1150820,060474,文曄富邦5C購01,0.14,0.20
1150820,060475,神達富邦5C購01,0.40,0.46
1150820,060477,康舒富邦5B購01,0.18,0.27
1150820,060478,GIS富邦5C購01,0.45,0.41
1150820,060479,兆聯富邦5B購01,,1.04
1150820,060480,台化國泰5A購02,,2.53
1150820,060483,創見國泰5A購01,,1.21
1150820,060485,聯詠國泰5A購01,,6.15
1150820,060488,昇陽半國泰5A購03,,2.40
1150820,060491,台聚群益5B購02,,1.15
1150820,060493,美時群益59購03,,0.06
1150820,060495,國巨群益5B購02,8.10,7.67
1150820,060496,國巨群益63購01,3.57,3.68
1150820,060498,敬鵬群益5A購01,,0.15
1150820,060499,建準群益59購02,,0.34
1150820,060500,京元電群益59購02,,0.15
1150820,060502,長榮群益59購04,1.15,0.87
1150820,060504,奇鋐群益59購14,5.75,4.64
1150820,060505,德律群益59購04,,1.57
1150820,060507,聯詠群益59購03,2.28,3.14
1150820,060508,新日興群益59購02,0.03,0.07
1150820,060510,牧德群益59購05,,0.42
1150820,060512,世芯群益59購09,,1.27
1150820,060513,大聯大群益5A購01,0.39,1.20
1150820,060518,訊芯群益59購04,,1.87
1150820,060519,愛普群益5C購01,3.08,3.37
1150820,060520,三集瑞群益5A購01,,0.06
1150820,060521,臺股指群益65購01,,12.30
1150820,060522,永光國票5C購01,,0.49
1150820,060523,華通國票61購02,,0.50
1150820,060525,台積電國票59購09,0.44,0.78
1150820,060527,創見國票5B購01,0.58,0.72
1150820,060528,晟銘電國票59購01,0.04,0.04
1150820,060530,聯詠國票59購02,,4.97
1150820,060531,聯詠國票5A購01,,7.79
1150820,060532,文曄國票59購01,,0.35
1150820,060533,文曄國票59購02,,0.12
1150820,060536,新日興國票59購02,,0.05
1150820,060540,佳必琪國票5A購01,,4.74
1150820,060542,訊芯國票5B購01,3.70,3.65
1150820,060544,愛普國票59購03,,3.71
1150820,060545,愛普國票5A購01,,4.12
1150820,060546,愛普國票5B購01,,3.38
1150820,060547,愛普國票5C購01,,4.02
1150820,060548,至上國票5A購03,,0.67
1150820,060551,元石油元富59購02,0.79,0.70
1150820,060552,長興元富59購01,0.99,1.14
1150820,060553,長興元富5C購01,0.87,0.98
1150820,060554,華通元富59購14,0.33,0.34
1150820,060555,華通元富59購15,,0.17
1150820,060556,京元電元富59購06,,0.43
1150820,060557,奇鋐元富59購08,,3.55
1150820,060558,奇鋐元富59購09,2.62,2.86
1150820,060561,嘉澤元富59購02,,0.39
1150820,060562,貿聯元富59購02,1.55,1.77
1150820,060564,雙鍵元富59購02,1.72,1.72
1150820,060565,臻鼎元富59購02,23.20,25.95
1150820,060566,眾達元富59購02,,0.04
1150820,060567,同欣電元富59購02,,1.54
1150820,060568,康舒元富59購03,,0.15
1150820,060569,康舒元富59購04,,0.52
1150820,060570,康舒元富59購05,,0.33
1150820,060571,康舒元富59購06,0.03,0.12
1150820,060572,康舒元富5B購01,0.38,0.51
1150820,060574,GIS元富59購04,0.97,0.77
1150820,060575,愛普元富59購04,,3.92
1150820,060576,愛普元富5C購01,,2.89
1150820,060577,至上元富59購01,,0.48
1150820,060578,至上元富59購02,,0.30
1150820,060579,T50反1凱基5A購04,,0.10
1150820,060580,台塑凱基5B購02,2.52,2.52
1150820,060581,亞德客凱基59購01,,2.53
1150820,060582,川湖凱基63購01,,23.58
1150820,060583,為升凱基59購01,,1.37
1150820,060586,台積電凱基5B購09,,2.81
1150820,060587,台亞凱基5A購01,,0.91
1150820,060588,聯強凱基5A購01,0.95,1.48
1150820,060589,鴻準凱基59購01,,1.50
1150820,060590,華碩凱基59購04,,11.15
1150820,060591,大同凱基59購02,,0.08
1150820,060592,技嘉凱基59購03,,6.05
1150820,060593,正崴凱基5A購01,0.92,0.97
1150820,060594,友達凱基61購02,,5.01
1150820,060595,創見凱基59購07,,0.15
1150820,060596,宏達電凱基59購02,0.42,0.55
1150820,060597,陽明凱基59購04,1.00,0.47
1150820,060598,牧德凱基5A購04,,0.30
1150820,060601,大聯大凱基5A購02,,1.78
1150820,060602,材料凱基5A購03,0.77,1.07
1150820,060603,臻鼎凱基59購05,,11.07
1150820,060604,佳必琪凱基61購01,4.06,4.38
1150820,060605,聯茂凱基5C購01,,8.32
1150820,060606,精誠凱基5A購01,3.18,2.27
1150820,060608,啟碁凱基59購07,,2.20
1150820,060609,訊芯凱基5A購02,3.35,3.42
1150820,060610,GIS凱基5B購01,1.24,0.99
1150820,060611,視陽凱基5A購01,0.37,0.42
1150820,060612,至上凱基59購05,,0.39
1150820,060615,臺股指凱基5A購42,5.05,5.73
1150820,060617,台灣50元大59購10,,5.13
1150820,060618,台灣50元大59購11,,6.62
1150820,060619,台灣50元大5A購04,2.95,3.53
1150820,060621,T50反1元大64購10,,0.38
1150820,060622,SGBR2X元大5A購04,,1.71
1150820,060625,台化元大63購02,3.17,3.27
1150820,060626,美時元大59購06,0.07,0.10
1150820,060629,華通元大59購21,,0.11
1150820,060630,華通元大59購22,0.44,0.57
1150820,060631,華通元大59購23,,0.33
1150820,060632,華通元大59購24,,0.29
1150820,060633,華通元大59購25,,0.10
1150820,060634,華通元大59購26,0.05,0.05
1150820,060636,台積電元大59購28,,0.82
1150820,060637,台積電元大59購29,,1.28
1150820,060638,台積電元大59購30,1.26,1.51
1150820,060640,創見元大59購07,0.27,0.44
1150820,060641,長榮元大59購12,1.04,0.78
1150820,060642,長榮元大59購13,,1.01
1150820,060643,長榮元大59購14,0.65,0.44
1150820,060644,新興元大59購04,0.12,0.14
1150820,060646,奇鋐元大59購26,,1.76
1150820,060648,新日興元大59購03,,0.26
1150820,060649,牧德元大59購11,,0.78
1150820,060651,貿聯元大59購17,,1.21
1150820,060652,貿聯元大59購18,,1.37
1150820,060653,貿聯元大59購19,,0.97
1150820,060654,貿聯元大59購20,1.35,1.30
1150820,060655,貿聯元大59購21,,1.77
1150820,060659,臻鼎元大5C購01,4.34,4.34
1150820,060660,佳必琪元大59購03,,3.70
1150820,060661,佳必琪元大63購01,3.13,3.25
1150820,060663,聯茂元大63購02,,5.72
1150820,060664,同欣電元大59購07,,0.63
1150820,060665,訊芯元大59購07,,1.66
1150820,060666,GIS元大5C購01,1.70,1.56
1150820,060667,緯穎元大59購15,,6.50
1150820,060668,惠特元大59購04,,0.34
1150820,060669,三集瑞元大59購03,,0.01
1150820,060670,兆聯元大59購02,,1.05
1150820,060671,至上元大59購06,0.11,0.16
1150820,060674,元黃金中信63購01,0.18,0.16
1150820,060675,元金2X中信63購01,,0.33
1150820,060676,京元電中信63購02,0.17,0.21
1150820,060677,嘉澤中信59購03,,0.13
1150820,060678,世芯中信5A購03,0.20,0.26
1150820,060679,貿聯中信59購03,0.75,0.82
1150820,060680,日月光中信59購03,,1.75
1150820,060681,矽力中信5C購01,,1.44
1150820,060682,兆聯中信59購02,0.25,0.52
1150820,060683,勤誠中信59購01,,0.60
1150820,060684,永光永豐5C購01,0.43,0.40
1150820,060685,美時永豐59購04,,0.04
1150820,060686,大成鋼永豐5A購01,4.59,3.91
1150820,060687,仁寶永豐5A購01,,2.62
1150820,060688,台積電永豐5C購13,,3.78
1150820,060689,智邦永豐5C購02,1.16,1.54
1150820,060691,英業達永豐5A購01,,6.70
1150820,060692,菱生永豐5A購01,,0.41
1150820,060693,微星永豐59購02,2.87,4.08
1150820,060695,偉詮電永豐5C購01,0.24,0.27
1150820,060696,鉅祥永豐59購01,,1.71
1150820,060698,宏達電永豐5A購01,,0.70
1150820,060699,奇鋐永豐5B購05,,2.13
1150820,060700,亞光永豐5B購01,0.65,0.68
1150820,060701,嘉澤永豐5A購02,,0.62
1150820,060704,定穎控永豐5B購02,,0.36
1150820,060707,眾達永豐63購01,0.28,0.27
1150820,060708,亞翔永豐5C購02,,1.91
1150820,060709,康舒永豐5B購02,0.11,0.17
1150820,060711,保瑞永豐5A購01,0.21,0.19
1150820,060713,緯穎永豐61購01,,6.75
1150820,060714,志強永豐59購01,,0.07
1150820,060715,兆聯永豐61購01,,2.32
1150820,060716,富鼎永豐59購01,,3.12
1150820,060717,華泰兆豐63購01,,0.61
1150820,060718,華碩兆豐5B購01,,3.10
1150820,060719,嘉澤兆豐5B購01,,0.64
1150820,060720,台化富邦5B購03,,1.36
1150820,060721,美時富邦5B購03,,0.18
1150820,060722,美時富邦5B購04,,0.20
1150820,060723,建準富邦5B購01,0.32,0.38
1150820,060724,建準富邦5C購01,,0.37
1150820,060725,創見富邦5B購05,,0.39
1150820,060729,長榮富邦5B購02,0.94,0.59
1150820,060730,陽明富邦5B購02,0.60,0.35
1150820,060731,奇鋐富邦5C購04,1.83,1.85
1150820,060732,昇貿富邦5B購01,0.40,0.46
1150820,060733,世芯富邦5B購04,,0.91
1150820,060734,定穎控富邦5C購02,,0.08
1150820,060735,材料富邦5B購01,0.62,0.70
1150820,060736,祥碩富邦5B購03,,1.03
1150820,060739,旭隼富邦5B購02,,1.73
1150820,060740,訊芯富邦5B購01,,1.52
1150820,060741,訊芯富邦5C購01,,1.88
1150820,060742,台塑化富邦5C購01,1.27,1.16
1150820,060743,惠特富邦5C購01,0.33,0.36
1150820,060744,AES富邦5B購02,0.69,0.82
1150820,060745,台灣50凱基5A購07,4.40,5.31
1150820,060746,台灣50凱基5B購04,,7.83
1150820,060747,南亞凱基5B購04,,8.05
1150820,060748,台聚凱基59購02,,0.26
1150820,060749,台化凱基63購01,2.57,2.67
1150820,060750,永光凱基5C購01,0.63,0.59
1150820,060751,美時凱基59購04,,0.20
1150820,060753,華泰凱基59購03,,0.11
1150820,060754,台積電凱基59購12,,2.73
1150820,060755,台積電凱基5A購08,,2.19
1150820,060756,敬鵬凱基5A購01,,0.10
1150820,060757,京元電凱基59購05,,0.16
1150820,060758,創見凱基59購08,,0.10
1150820,060760,長榮凱基61購02,2.45,1.90
1150820,060761,華航凱基59購01,0.66,1.50
1150820,060762,奇鋐凱基59購08,,3.82
1150820,060763,德律凱基5A購02,,1.60
1150820,060764,聯詠凱基59購05,,8.86
1150820,060765,文曄凱基59購03,,0.08
1150820,060766,新日興凱基59購02,0.19,0.27
1150820,060767,嘉澤凱基5A購04,0.07,0.34
1150820,060768,世芯凱基5A購01,1.34,1.79
1150820,060769,大聯大凱基59購01,0.53,0.99
1150820,060771,定穎控凱基61購06,,0.12
1150820,060772,新唐凱基5C購01,1.98,2.35
1150820,060774,矽力凱基59購04,3.25,3.32
1150820,060775,迅得凱基59購01,0.19,0.28
1150820,060776,訊芯凱基59購02,,2.94
1150820,060779,兆聯凱基59購02,,0.82
1150820,060781,宏全凱基59購01,,1.23
1150820,060782,聯電台新59購01,,12.45
1150820,060785,京元電國泰5A購03,0.17,0.25
1150820,060787,新興國泰5A購03,0.61,0.45
1150820,060788,至上國泰5C購01,,1.10
1150820,060789,永光元富59購02,,0.54
1150820,060790,永光元富59購03,,0.36
1150820,060791,川湖元富63購01,,32.04
1150820,060793,鴻海元富59購07,,4.37
1150820,060796,國巨元富63購01,,10.76
1150820,060797,京元電元富63購01,0.85,0.94
1150820,060798,創見元富59購03,,0.82
1150820,060799,創見元富59購04,,0.55
1150820,060800,創見元富59購05,,0.24
1150820,060801,強茂元富59購01,1.07,1.07
1150820,060803,新日興元富59購01,0.13,0.20
1150820,060804,牧德元富59購02,,0.81
1150820,060809,啟碁元富59購05,,9.65
1150820,060810,啟碁元富63購01,3.17,3.52
1150820,060812,訊芯元富59購02,,2.59
1150820,060813,兆聯元富59購03,,1.46
1150820,060815,意騰元富59購01,,0.04
1150820,060816,元石油群益5B購01,,2.23
1150820,060818,元油反群益59購01,,0.14
1150820,060819,元油反群益63購03,0.46,0.61
1150820,060820,亞德客群益5B購02,,2.96
1150820,060822,仁寶群益59購02,,1.30
1150820,060825,鴻準群益62購01,,1.06
1150820,060826,大同群益59購01,,0.12
1150820,060827,偉詮電群益59購03,,0.21
1150820,060828,京元電群益5B購01,,0.11
1150820,060829,創見群益5B購01,,0.85
1150820,060830,普安群益59購02,,0.58
1150820,060831,新興群益5C購02,0.68,0.68
1150820,060832,陽明群益5A購01,0.89,0.55
1150820,060833,嘉澤群益59購07,,0.29
1150820,060834,牧德群益5B購02,,0.61
1150820,060835,貿聯群益59購08,3.14,3.97
1150820,060836,材料群益59購01,,0.11
1150820,060837,眾達群益5B購02,,0.20
1150820,060838,佳必琪群益61購02,3.84,4.11
1150820,060839,聯茂群益59購04,,16.90
1150820,060840,同欣電群益61購01,1.94,2.02
1150820,060841,啟碁群益59購08,,4.41
1150820,060842,訊芯群益59購05,,1.94
1150820,060843,訊芯群益59購06,2.33,2.50
1150820,060846,至上群益5A購02,,0.43
1150820,060847,香港2X元大5A購01,,0.76
1150820,060849,南亞元大59購22,,4.47
1150820,060850,永光元大59購05,,0.13
1150820,060853,永光元大5B購01,,0.25
1150820,060855,美時元大5C購02,0.23,0.21
1150820,060856,鴻海元大59購13,,2.05
1150820,060857,台積電元大59購32,,0.93
1150820,060858,台積電元大5A購09,,1.04
1150820,060859,智邦元大59購07,,2.05
1150820,060860,智邦元大59購08,0.98,1.82
1150820,060861,順德元大59購01,,3.18
1150820,060862,技嘉元大63購01,,4.11
1150820,060863,漢唐元大59購05,,0.45
1150820,060865,奇鋐元大59購27,,2.11
1150820,060866,奇鋐元大59購28,,1.61
1150820,060868,德律元大59購17,,0.57
1150820,060870,貿聯元大59購22,,1.41
1150820,060871,貿聯元大59購23,,1.19
1150820,060872,貿聯元大59購24,,1.76
1150820,060873,大聯大元大59購02,,1.52
1150820,060875,日月光元大5B購02,,3.49
1150820,060877,康普元大59購01,,0.25
1150820,060879,佳必琪元大63購02,,2.33
1150820,060886,訊芯元大59購14,1.67,1.74
1150820,060887,訊芯元大5C購01,2.90,2.29
1150820,060888,GIS元大59購02,1.30,1.32
1150820,060890,采鈺元大59購07,,0.58
1150820,060891,天虹元大59購02,,0.11
1150820,060893,南茂元大5C購02,3.57,3.82
1150820,060894,敬鵬國泰5A購01,,0.28
1150820,060896,亞聚國票5A購02,,0.07
1150820,060899,智邦國票69購01,2.25,2.55
1150820,060900,敬鵬國票5A購01,,0.14
1150820,060901,創見國票65購01,,1.49
1150820,060904,奇鋐國票61購01,1.98,1.91
1150820,060905,益登國票5A購01,2.06,2.48
1150820,060906,嘉澤國票65購01,0.58,0.98
1150820,060907,牧德國票5A購06,0.21,0.32
1150820,060908,大聯大國票5A購02,,1.38
1150820,060909,定穎控國票5B購01,,0.36
1150820,060911,康普國票5A購03,,0.69
1150820,060912,雙鍵國票5A購02,1.39,2.45
1150820,060913,新唐國票5B購01,,1.28
1150820,060914,眾達國票59購03,,0.04
1150820,060915,亞翔國票5A購01,,2.64
1150820,060916,迅得國票59購01,,0.20
1150820,060919,新唐兆豐63購02,2.54,2.88
1150820,060920,元石油富邦5C購01,,0.53
1150820,060922,中興電富邦5A購01,,0.50
1150820,060923,創見富邦61購01,0.41,0.47
1150820,060924,新興富邦59購02,0.08,0.08
1150820,060925,中信金富邦5B購01,,2.14
1150820,060926,德律富邦5C購02,0.52,0.61
1150820,060927,緯創富邦5C購04,,1.86
1150820,060928,辛耘富邦59購01,,3.08
1150820,060929,日月光富邦61購03,,2.82
1150820,060930,力成富邦63購01,0.84,0.88
1150820,060931,緯穎富邦5B購01,,3.94
1150820,060932,至上富邦59購04,,0.39
1150820,060935,敬鵬中信59購01,,0.38
1150820,060936,奇鋐中信59購06,0.79,0.68
1150820,060937,台勝科中信59購02,,3.28
1150820,060938,牧德中信59購01,0.03,0.12
1150820,060940,定穎控中信61購01,,0.04
1150820,060943,創見永豐61購02,,0.74
1150820,060944,普安永豐5B購01,0.69,0.87
1150820,060945,新興永豐61購01,0.48,0.42
1150820,060947,奇鋐永豐63購04,2.06,2.20
1150820,060948,奇鋐永豐63購05,1.64,1.80
1150820,060949,德律永豐5A購01,,1.86
1150820,060951,嘉澤永豐5C購01,0.36,0.80
1150820,060952,辛耘永豐5B購01,7.20,7.96
1150820,060953,定穎控永豐61購01,,0.33
1150820,060954,材料永豐59購02,,1.44
1150820,060955,正文永豐59購01,,0.29
1150820,060956,新唐永豐5B購02,,0.81
1150820,060958,力成永豐5C購01,3.52,3.80
1150820,060959,啟碁永豐5B購01,,3.48
1150820,060964,台積電元富5C購02,,112.00
1150820,060965,台聚群益63購02,0.98,0.97
1150820,060967,台積電群益5C購08,,4.82
1150820,060968,台積電群益61購04,3.44,3.68
1150820,060971,普安群益59購04,,0.22
1150820,060972,新興群益61購03,0.54,0.44
1150820,060973,奇鋐群益61購01,0.98,0.96
1150820,060974,奇鋐群益63購02,1.61,1.55
1150820,060975,威強電群益59購01,,2.32
1150820,060978,定穎控群益59購07,,0.01
1150820,060980,康普群益5A購01,,0.37
1150820,060981,康普群益5A購02,0.20,0.27
1150820,060982,康普群益5A購03,,0.33
1150820,060983,jpp群益59購02,,0.84
1150820,060984,川湖凱基59購06,,29.85
1150820,060985,台積電凱基5A購09,2.05,2.56
1150820,060986,台積電凱基5B購10,,1.94
1150820,060987,智邦凱基59購08,,2.48
1150820,060989,宏碁凱基59購03,,1.40
1150820,060990,技嘉凱基5A購02,,6.74
1150820,060992,創見凱基5B購02,,0.89
1150820,060994,晟銘電凱基59購03,,0.13
1150820,060995,奇鋐凱基59購10,,1.69
1150820,060996,威強電凱基59購01,1.35,2.25
1150820,060998,嘉澤凱基59購04,,0.40
1150820,060999,牧德凱基5B購01,,0.41
1150820,061000,貿聯凱基59購07,,1.56
1150820,061001,定穎控凱基59購05,,0.03
1150820,061002,材料凱基5C購01,1.17,1.33
1150820,061003,新唐凱基59購04,0.37,0.64
1150820,061004,佳必琪凱基5C購01,,5.58
1150820,061005,同欣電凱基59購03,,1.89
1150820,061007,GIS凱基59購02,0.34,0.26
1150820,061008,保瑞凱基5A購02,0.48,0.44
1150820,061009,緯穎凱基59購15,,8.95
1150820,061011,天虹凱基59購01,0.06,0.16
1150820,061013,至上凱基5A購03,0.49,0.55
1150820,061014,元黃金元大5B購06,,0.48
1150820,061015,元黃金元大5C購04,0.80,0.70
1150820,061016,香港2X元大5A購02,0.80,0.83
1150820,061017,元金2X元大5A購06,0.73,0.73
1150820,061018,元金2X元大5C購02,1.10,0.96
1150820,061019,台化元大5C購02,2.91,2.94
1150820,061020,東鹼元大59購03,,1.47
1150820,061021,楠梓電元大59購04,1.26,1.59
1150820,061023,鴻海元大59購14,,2.27
1150820,061024,鴻海元大59購15,,2.02
1150820,061026,台積電元大5A購10,1.04,1.19
1150820,061027,智邦元大59購09,,1.99
1150820,061028,智邦元大59購10,,1.30
1150820,061029,智邦元大59購11,1.49,1.95
1150820,061030,智邦元大59購12,,1.78
1150820,061032,菱生元大5C購01,1.41,1.88
1150820,061033,技嘉元大63購02,3.70,4.08
1150820,061034,建準元大59購06,,0.22
1150820,061035,建準元大59購07,,0.46
1150820,061036,建準元大59購08,,0.55
1150820,061037,京元電元大59購07,,0.02
1150820,061038,京元電元大59購08,0.04,0.10
1150820,061039,創見元大59購08,,0.46
1150820,061040,創見元大59購09,,0.86
1150820,061041,創見元大59購10,,0.42
1150820,061042,創見元大59購11,,0.68
1150820,061043,創見元大59購12,0.54,0.76
1150820,061044,創見元大59購13,0.49,0.67
1150820,061045,創見元大59購14,0.48,0.68
1150820,061046,創見元大59購15,,0.32
1150820,061047,創見元大59購16,,0.13
1150820,061048,創見元大59購17,,0.24
1150820,061052,德律元大59購18,,1.10
1150820,061053,京鼎元大59購02,,0.91
1150820,061054,嘉澤元大59購09,,0.17
1150820,061055,牧德元大59購12,,1.22
1150820,061056,辛耘元大5B購01,,3.51
1150820,061057,貿聯元大59購25,,1.99
1150820,061058,定穎控元大59購06,,0.06
1150820,061059,新唐元大59購05,,1.16
1150820,061060,GIS元大59購03,0.20,0.23
1150820,061062,采鈺元大59購08,,0.67
1150820,061063,臺股指元大5A購22,3.42,4.12
1150820,061064,臺股指元大5A購23,4.21,4.75
1150820,061065,元黃金中信63購02,0.30,0.28
1150820,061066,元金2X中信63購02,0.24,0.21
1150820,061067,SGBR2X中信63購04,0.60,0.60
1150820,061068,道瓊銀中信63購02,,0.40
1150820,061069,台聚中信59購02,,0.04
1150820,061070,世芯中信5C購03,0.54,0.66
1150820,061071,貿聯中信59購04,0.31,0.46
1150820,061074,菱生永豐5C購01,0.41,0.65
1150820,061075,威盛永豐5B購01,1.85,2.43
1150820,061076,立積永豐5B購01,,0.28
1150820,061077,迅得永豐5A購01,,0.06
1150820,061078,AES永豐63購01,0.27,0.40
1150820,061080,台積電國票5B購02,,2.71
1150820,061081,順德國票5A購01,,6.80
1150820,061082,菱生國票5A購03,0.15,0.24
1150820,061083,立隆電國票61購02,,4.59
1150820,061084,普安國票5A購01,,0.47
1150820,061085,信邦國票5A購01,,0.83
1150820,061086,威健國票5A購01,1.03,1.37
1150820,061087,貿聯國票61購01,1.15,1.20
1150820,061088,南寶國票59購01,,0.36
1150820,061089,正文國票5B購01,,0.55
1150820,061090,正文國票5B購02,,0.57
1150820,061091,新唐國票61購01,,1.10
1150820,061092,立積國票59購01,,0.17
1150820,061093,亞翔國票59購02,,2.81
1150820,061094,迅得國票59購02,,0.06
1150820,061095,采鈺國票5A購01,,1.53
1150820,061096,來億國票59購01,,0.32
1150820,061097,台塑國泰5A購02,2.31,2.46
1150820,061100,漢唐國泰5A購02,1.53,2.02
1150820,061102,奇鋐國泰5A購03,2.59,2.61
1150820,061104,德律國泰5A購01,,1.31
1150820,061105,嘉澤國泰5A購03,0.22,0.56
1150820,061109,光寶科元富59購02,,4.45
1150820,061110,元黃金凱基59購06,,0.24
1150820,061114,道瓊銀凱基59購09,0.41,0.38
1150820,061115,台塑凱基59購06,,1.59
1150820,061118,楠梓電凱基59購02,1.59,1.86
1150820,061119,鴻海凱基59購05,,3.12
1150820,061124,台積電凱基5B購11,,1.83
1150820,061125,建準凱基59購03,,1.08
1150820,061128,亞航凱基59購01,0.54,0.70
1150820,061130,德律凱基59購06,,1.16
1150820,061131,威健凱基59購02,,2.12
1150820,061132,益登凱基59購01,,3.19
1150820,061133,緯創凱基59購04,,4.27
1150820,061134,新日興凱基59購03,,0.13
1150820,061137,嘉澤凱基59購05,,0.16
1150820,061138,辛耘凱基5B購01,5.35,5.40
1150820,061139,世芯凱基5A購02,1.41,1.75
1150820,061140,貿聯凱基5A購03,0.76,0.97
1150820,061141,和碩凱基59購01,,2.50
1150820,061142,亞翔凱基59購05,,2.87
1150820,061143,力成凱基5A購03,,2.96
1150820,061144,康舒凱基61購01,0.75,0.89
1150820,061145,矽力凱基5A購01,,3.77
1150820,061147,AES凱基59購05,0.03,0.13
1150820,061149,臺股指凱基5A購44,,3.54
1150820,061150,光寶科台新59購01,,6.95
1150820,061151,智邦兆豐5B購03,,2.47
1150820,061152,奇鋐兆豐5B購04,1.89,1.89
1150820,061153,道瓊銀富邦73購01,0.60,0.56
1150820,061154,川湖富邦66購01,,6.72
1150820,061155,鴻海富邦59購06,1.32,1.32
1150820,061156,鴻海富邦73購01,1.33,1.45
1150820,061157,華泰富邦5C購01,,0.14
1150820,061158,台積電富邦73購03,1.66,1.69
1150820,061159,聯發科富邦73購01,4.30,4.68
1150820,061160,威健富邦63購01,0.82,0.95
1150820,061161,緯創富邦73購01,1.80,1.93
1150820,061162,jpp富邦63購01,0.61,0.57
1150820,061164,FANG+元大59購01,,2.62
1150820,061167,國喬元大59購02,,0.01
1150820,061168,長興元大63購01,,1.35
1150820,061171,鴻海元大59購17,1.51,2.19
1150820,061172,鴻海元大59購18,1.55,2.14
1150820,061173,鴻海元大59購19,1.68,2.08
1150820,061174,鴻海元大59購20,,1.81
1150820,061178,鴻海元大59購25,,2.49
1150820,061179,鴻海元大59購26,,1.98
1150820,061180,鴻海元大59購27,2.07,2.07
1150820,061182,台積電元大5A購11,,1.84
1150820,061183,台積電元大63購09,,2.00
1150820,061184,智邦元大59購13,1.07,1.33
1150820,061185,智邦元大59購14,0.97,1.31
1150820,061186,智邦元大59購15,,2.23
1150820,061187,智邦元大59購17,,2.24
1150820,061188,菱生元大5C購02,,1.39
1150820,061190,建準元大59購09,,0.37
1150820,061191,普安元大59購01,,0.84
1150820,061192,普安元大59購02,,0.30
1150820,061193,宏達電元大59購06,0.04,0.74
1150820,061195,新興元大59購08,0.15,0.17
1150820,061196,奇鋐元大59購29,1.83,2.01
1150820,061197,德律元大59購19,,0.98
1150820,061198,德律元大59購20,,1.74
1150820,061201,辛耘元大59購06,,4.69
1150820,061205,康普元大59購02,,0.44
1150820,061206,正文元大59購01,,0.27
1150820,061207,AES元大59購13,,0.29
1150820,061209,元黃金群益59購01,,0.03
1150820,061210,元金2X群益59購04,,0.14
1150820,061211,道瓊銀群益5B購04,0.68,0.61
1150820,061212,台聚群益63購04,,0.43
1150820,061215,中環群益63購01,0.65,0.66
1150820,061217,台積電群益5B購08,1.37,1.55
1150820,061218,台亞群益59購01,,0.77
1150820,061219,智邦群益59購10,2.50,3.02
1150820,061220,漢唐群益5A購04,,1.44
1150820,061221,華立群益5A購01,,0.34
1150820,061222,威健群益59購03,,1.29
1150820,061224,嘉澤群益59購09,,0.21
1150820,061225,嘉澤群益5A購04,,0.32
1150820,061226,世芯群益59購10,,1.44
1150820,061227,貿聯群益59購09,,1.04
1150820,061228,南寶群益5A購01,,0.41
1150820,061229,新唐群益59購02,,0.40
1150820,061230,啟碁群益59購09,,3.81
1150820,061231,保瑞群益61購01,0.65,0.54
1150820,061233,泓德群益5A購02,,0.06
1150820,061235,金像電台新59購03,0.46,0.56
1150820,061236,奇鋐台新59購02,3.25,3.12
1150820,061237,長興凱基63購01,1.17,1.34
1150820,061238,美時凱基59購05,0.25,0.24
1150820,061239,中鋼凱基59購01,,0.34
1150820,061241,長榮鋼凱基5A購01,0.16,0.22
1150820,061242,台積電凱基59購15,1.72,2.23
1150820,061243,台積電凱基59購16,2.47,2.53
1150820,061245,金像電凱基59購04,,0.72
1150820,061247,威盛凱基59購01,,2.82
1150820,061248,漢唐凱基59購05,2.05,2.69
1150820,061249,超豐凱基59購01,,2.97
1150820,061250,奇鋐凱基59購11,,3.75
1150820,061252,敦泰凱基5A購01,,1.50
1150820,061253,上緯控凱基59購03,,0.44
1150820,061254,南寶凱基59購01,0.29,0.28
1150820,061255,立積凱基59購01,,0.18
1150820,061259,保瑞凱基59購01,0.68,0.52
1150820,061260,晶碩凱基5A購01,2.04,1.95
1150820,061261,緯穎凱基59購16,,9.10
1150820,061262,泓德凱基5A購01,,0.08
1150820,061263,台虹凱基5C購02,,8.90
1150820,061264,新唐兆豐63購03,1.49,1.69
1150820,061265,力成兆豐63購01,,1.81
1150820,061266,天虹兆豐63購01,0.92,1.01
1150820,061267,SGBR2X富邦63購05,,0.40
1150820,061268,國喬富邦61購01,,0.26
1150820,061269,光寶科富邦59購04,,3.14
1150820,061270,毅嘉富邦63購01,0.74,0.86
1150820,061271,貿聯富邦61購01,0.84,0.85
1150820,061273,亞聚國票5A購03,,0.04
1150820,061274,金像電國票5A購03,0.67,0.65
1150820,061275,威盛國票5A購02,1.62,2.31
1150820,061276,漢唐國票5A購03,,0.93
1150820,061277,大立光國票5A購02,17.40,15.97
1150820,061278,jpp國票5A購02,1.33,1.22
1150820,061279,建國國票5A購01,,1.22
1150820,061280,力成國票5A購03,,2.12
1150820,061282,天虹國票59購01,0.40,0.52
1150820,061283,瀚荃國票59購03,0.81,0.57
1150820,061284,福懋科國票59購01,,0.92
1150820,061285,臺股指國票59購09,,7.97
1150820,061289,臺股指國票5A購04,,8.50
1150820,061291,長興國泰5A購02,,1.67
1150820,061293,jpp國泰5A購02,1.50,1.39
1150820,061294,帆宣國泰5A購01,,8.30
1150820,061295,迅得國泰5A購01,0.30,0.29
1150820,061297,美時元富59購05,0.43,0.50
1150820,061299,金像電元富59購02,,0.71
1150820,061301,新唐元富59購02,0.87,0.87
1150820,061303,新唐元富5C購01,1.38,1.63
1150820,061304,元石油永豐61購01,,0.40
1150820,061305,SGBR2X永豐61購01,,0.59
1150820,061306,台聚永豐5A購01,,0.04
1150820,061307,為升永豐59購01,0.12,0.22
1150820,061311,台積電永豐5C購16,,1.67
1150820,061312,菱生永豐5C購02,,0.72
1150820,061313,菱生永豐64購01,,1.07
1150820,061314,A50正2元大5A購01,,1.37
1150820,061315,臺指2X元大63購01,3.09,3.17
1150820,061316,台聚元大59購02,,0.09
1150820,061317,國喬元大59購03,,0.13
1150820,061319,楠梓電元大59購08,,2.26
1150820,061320,楠梓電元大5C購01,1.50,1.70
1150820,061324,華泰元大5C購03,,0.15
1150820,061328,智邦元大59購18,1.34,1.83
1150820,061331,菱生元大59購01,,0.69
1150820,061332,菱生元大63購01,,0.88
1150820,061333,漢唐元大59購06,1.02,1.75
1150820,061334,友達元大63購10,3.95,4.01
1150820,061336,立隆電元大59購01,,5.38
1150820,061338,新興元大59購09,,0.10
1150820,061342,辛耘元大5C購03,2.67,2.71
1150820,061343,貿聯元大59購26,1.20,1.53
1150820,061344,貿聯元大59購27,,1.28
1150820,061345,貿聯元大59購28,0.95,1.07
1150820,061346,神達元大59購04,1.14,1.42
1150820,061348,新唐元大63購01,,1.15
1150820,061350,啟碁元大5A購03,2.52,2.95
1150820,061351,迅得元大59購01,,0.06
1150820,061352,迅得元大59購02,,0.07
1150820,061358,元黃金群益5A購01,,0.45
1150820,061359,元金2X群益59購05,1.20,0.96
1150820,061363,道瓊銀群益5B購05,0.85,0.75
1150820,061364,道瓊銀群益63購02,,1.25
1150820,061365,台塑群益59購04,1.18,1.46
1150820,061366,光寶科群益5A購02,4.69,4.69
1150820,061369,金像電群益59購04,,0.31
1150820,061371,德律群益59購05,,1.87
1150820,061372,緯創群益59購04,2.70,3.87
1150820,061373,新日興群益59購03,,0.20
1150820,061374,京鼎群益59購01,,0.26
1150820,061376,世芯群益59購11,,2.10
1150820,061377,貿聯群益59購10,,2.33
1150820,061378,亞翔群益5B購01,2.36,2.68
1150820,061379,台郡群益59購01,,0.20
1150820,061382,長榮台新59購01,2.13,1.17
1150820,061383,亞翔台新59購01,,3.04
1150820,061384,台灣50中信63購05,,2.86
1150820,061386,元石油中信63購04,,0.85
1150820,061387,元金2X中信63購03,0.63,0.57
1150820,061388,威盛中信5C購02,,1.49
1150820,061389,台新金中信59購01,4.26,4.59
1150820,061390,奇鋐中信61購01,1.95,2.03
1150820,061391,智原中信63購01,0.70,0.74
1150820,061392,新唐中信59購01,0.56,0.75
1150820,061393,新唐中信59購02,0.24,0.37
1150820,061394,AES中信61購01,0.43,0.51
1150820,061395,至上中信5C購01,0.44,0.46
1150820,061397,T50反1富邦63購04,,0.23
1150820,061398,T50反1富邦63購05,0.20,0.19
1150820,061399,T50反1富邦66購03,0.24,0.24
1150820,061401,大同富邦5B購01,0.20,0.18
1150820,061402,亞翔富邦61購02,,1.62
1150820,061403,台虹富邦5B購01,,2.20
1150820,061407,SGBR2X群益63購07,,1.02
1150820,061408,川湖群益5A購01,,9.80
1150820,061411,漢唐群益5A購05,,1.61
1150820,061412,奇鋐群益59購17,,2.78
1150820,061416,亞聚永豐5C購01,0.19,0.20
1150820,061417,川湖永豐5A購02,,8.50
1150820,061420,台聚統一61購01,,0.16
1150820,061421,楠梓電統一63購01,1.22,1.29
1150820,061422,華泰統一63購02,0.24,0.30
1150820,061423,文曄統一62購04,,0.37
1150820,061424,TPK統一61購01,,1.28
1150820,061426,定穎控統一63購02,0.12,0.15
1150820,061427,智伸科統一63購01,0.92,1.04
1150820,061428,新唐統一61購01,,0.86
1150820,061429,迅得統一63購02,,0.29
1150820,061430,台塑化統一63購04,1.11,1.25
1150820,061431,緯創元富5C購01,,14.36
1150820,061432,惠特統一63購01,0.37,0.39
1150820,061433,元黃金凱基59購07,0.80,0.63
1150820,061434,臺指2X凱基63購01,,3.59
1150820,061435,元金2X凱基59購06,,1.07
1150820,061437,台聚凱基63購01,,0.55
1150820,061438,遠東新凱基59購02,1.50,1.10
1150820,061441,中環凱基59購01,,0.23
1150820,061443,華泰凱基59購05,,0.28
1150820,061445,盟立凱基59購02,,22.40
1150820,061448,冠德凱基5A購01,2.33,2.04
1150820,061449,大立光凱基59購03,,17.13
1150820,061450,信邦凱基5A購01,,1.33
1150820,061451,德律凱基59購07,,1.88
1150820,061452,緯創凱基61購02,,4.39
1150820,061453,新日興凱基59購04,0.39,0.45
1150820,061454,京鼎凱基59購02,,0.12
1150820,061455,辛耘凱基5C購01,,4.26
1150820,061456,世芯凱基59購09,,2.35
1150820,061459,定穎控凱基59購07,,0.04
1150820,061460,南寶凱基59購02,,0.30
1150820,061461,新唐凱基5C購02,1.68,1.98
1150820,061462,亞翔凱基59購06,1.05,2.11
1150820,061464,台郡凱基59購01,,0.47
1150820,061466,AES凱基5B購02,0.65,0.76
1150820,061471,威盛國泰5A購01,2.41,2.41
1150820,061472,中華電國泰5B購01,1.06,1.09
1150820,061473,台郡國泰5A購01,0.82,0.95
1150820,061474,A50正2國票61購01,,2.25
1150820,061475,臺指反國票5B購02,,0.02
1150820,061477,順德國票61購01,,2.87
1150820,061478,奇鋐國票5A購03,,2.36
1150820,061479,禾伸堂國票61購01,,17.40
1150820,061480,康普國票5B購01,,0.48
1150820,061482,迅得國票5A購01,,0.20
1150820,061483,AES國票59購01,,0.34
1150820,061484,AES國票5A購01,0.22,0.38
1150820,061485,泰金寶國票59購01,,1.96
1150820,061486,東元元富59購02,,0.81
1150820,061487,東鹼元富59購01,,2.18
1150820,061489,東鹼元富59購03,,0.79
1150820,061490,光寶科元富59購03,,6.20
1150820,061492,大立光元富63購01,32.00,25.94
1150820,061493,亞翔元富5A購01,,3.39
1150820,061494,亞翔元富5A購02,,2.51
1150820,061496,台灣50元大5C購04,7.15,7.70
1150820,061497,台灣50元大63購03,,4.70
1150820,061501,上証2X元大59購02,1.00,1.28
1150820,061502,上証2X元大5A購01,,1.75
1150820,061503,滬深2X元大59購03,1.18,1.46
1150820,061504,滬深2X元大5A購03,,1.42
1150820,061505,滬深2X元大5B購02,1.43,1.82
1150820,061506,香港2X元大59購02,0.56,0.51
1150820,061507,元日2X元大5A購01,,0.62
1150820,061508,元日2X元大5B購01,0.31,0.38
1150820,061509,元日2X元大5C購01,0.32,0.39
1150820,061512,華泰元大59購10,,0.04
1150820,061515,華泰元大61購04,0.21,0.24
1150820,061516,台積電元大59購34,,2.07
1150820,061517,台積電元大59購35,,2.20
1150820,061521,台積電元大59購36,,1.92
1150820,061522,順德元大59購02,3.16,2.85
1150820,061523,敬鵬元大5C購01,,1.39
1150820,061524,漢唐元大59購07,,1.42
1150820,061525,建準元大59購10,,1.11
1150820,061527,長榮元大59購15,,1.23
1150820,061530,奇鋐元大59購31,,2.23
1150820,061531,奇鋐元大59購32,,1.19
1150820,061533,德律元大5C購01,,3.05
1150820,061534,德律元大63購01,2.55,2.76
1150820,061535,智原元大59購04,0.58,0.58
1150820,061536,智原元大5B購01,0.82,0.82
1150820,061538,達邁元大5C購01,,0.73
1150820,061539,貿聯元大59購29,,1.03
1150820,061540,貿聯元大59購30,1.70,1.69
1150820,061541,貿聯元大59購31,1.62,1.68
1150820,061542,大聯大元大59購03,,3.12
1150820,061543,新唐元大59購07,,1.17
1150820,061545,祥碩元大59購05,0.87,0.87
1150820,061546,力成元大59購06,,2.68
1150820,061547,力成元大59購07,,2.67
1150820,061548,力成元大59購08,,1.29
1150820,061551,富鼎元大5C購01,,2.93
1150820,061552,SGBR2X國泰5A購02,,1.02
1150820,061556,新唐國泰5A購03,1.23,1.74
1150820,061558,漢唐台新59購01,,2.37
1150820,061561,智邦中信61購01,0.87,1.07
1150820,061562,臺股指中信63購02,,2.36
1150820,061563,台積電永豐63購09,,1.99
1150820,061564,台積電永豐63購10,,3.26
1150820,061565,台積電永豐63購11,3.42,3.65
1150820,061566,台積電永豐73購05,3.95,4.25
1150820,061567,智邦永豐63購01,,1.88
1150820,061568,長榮永豐63購01,2.43,1.82
1150820,061569,奇鋐永豐5B購06,1.60,1.70
1150820,061571,建漢永豐5C購01,,0.21
1150820,061572,玉晶光永豐5B購01,4.62,3.89
1150820,061573,京鼎永豐5A購01,,0.22
1150820,061574,牧德永豐63購01,,0.64
1150820,061577,南亞兆豐63購02,7.50,7.50
1150820,061578,漢唐兆豐63購01,,2.11
1150820,061579,亞翔兆豐5B購01,,1.25
1150820,061580,滬深2X富邦63購01,,0.90
1150820,061581,元金2X富邦63購02,0.47,0.41
1150820,061582,台聚富邦5C購01,,0.19
1150820,061583,美時富邦5B購05,0.48,0.44
1150820,061584,智邦富邦5C購01,1.35,1.65
1150820,061585,漢唐富邦5B購01,,1.22
1150820,061586,建準富邦5B購02,0.82,0.93
1150820,061587,晟銘電富邦5C購01,,0.27
1150820,061589,聯詠富邦5B購01,2.75,2.83
1150820,061591,嘉澤富邦5C購02,0.10,0.27
1150820,061596,祥碩富邦5B購04,1.16,1.10
1150820,061599,惠特富邦5B購01,0.45,0.49
1150820,061600,AES富邦5B購03,0.53,0.60
1150820,061601,至上富邦59購05,0.69,0.76
1150820,061603,智邦統一63購04,1.06,1.28
1150820,061604,神基統一63購01,0.50,0.52
1150820,061605,奇鋐統一66購01,0.95,0.91
1150820,061606,牧德統一66購01,,0.35
1150820,061607,定穎控統一66購01,,0.21
1150820,061608,新唐統一63購02,0.81,0.92
1150820,061609,至上統一66購01,0.66,0.67
1150820,061616,定穎控元富59購07,,0.01
1150820,061617,康普元富59購01,,0.68
1150820,061619,啟碁元富59購06,,5.30
1150820,061620,長華元富59購01,0.90,1.04
1150820,061621,遠東新元大59購01,,0.89
1150820,061622,長興元大5A購01,,1.39
1150820,061624,台積電元大59購37,,1.80
1150820,061625,台積電元大59購38,,1.68
1150820,061626,台積電元大59購39,1.27,1.44
1150820,061627,順德元大59購03,2.82,2.82
1150820,061628,漢唐元大59購08,1.30,1.51
1150820,061630,漢唐元大59購10,0.59,0.82
1150820,061632,新興元大5A購01,0.10,0.09
1150820,061633,奇鋐元大59購33,0.99,1.09
1150820,061634,亞光元大59購04,,0.49
1150820,061636,文曄元大59購03,,0.17
1150820,061637,京鼎元大59購03,,0.39
1150820,061638,嘉澤元大59購12,,0.53
1150820,061639,嘉澤元大5A購03,,0.57
1150820,061640,嘉澤元大5B購02,,0.50
1150820,061641,牧德元大59購13,,0.35
1150820,061642,辛耘元大59購08,,2.37
1150820,061643,大聯大元大59購04,,0.53
1150820,061644,上緯控元大59購03,,0.03
1150820,061645,智伸科元大59購01,,0.78
1150820,061646,大銀元大59購02,2.51,2.95
1150820,061647,康普元大5C購01,,0.55
1150820,061648,新唐元大59購08,,1.17
1150820,061649,新唐元大5B購01,1.10,1.40
1150820,061650,力成元大59購09,1.82,1.88
1150820,061651,GIS元大59購04,,0.97
1150820,061652,緯穎元大59購19,,7.50
1150820,061653,龍德船元大5B購01,1.05,1.14
1150820,061654,龍德船元大63購01,1.45,1.42
1150820,061656,昇陽半元大59購03,,2.35
1150820,061659,勤誠元大59購13,,1.21
1150820,061662,臺股指元大5B購13,,6.74
1150820,061663,台灣50凱基5C購05,,4.50
1150820,061664,台灣50凱基5C購06,,4.23
1150820,061665,T50反1凱基63購03,,0.47
1150820,061668,元日2X凱基5A購01,0.28,0.39
1150820,061669,中502X凱基59購01,0.30,0.37
1150820,061670,川湖凱基5B購04,,30.48
1150820,061671,華泰凱基59購06,,0.13
1150820,061672,智邦凱基59購09,,1.39
1150820,061673,敬鵬凱基5C購01,,0.84
1150820,061675,漢唐凱基59購06,,0.95
1150820,061676,京元電凱基59購07,,0.26
1150820,061677,盟立凱基59購03,,10.30
1150820,061678,奇鋐凱基5A購06,2.50,2.56
1150820,061680,智原凱基5B購01,,1.51
1150820,061681,辛耘凱基59購04,,2.12
1150820,061683,力成凱基5A購05,1.52,1.77
1150820,061686,AES凱基59購06,0.23,0.30
1150820,061687,昇陽半凱基59購06,,2.70
1150820,061688,至上凱基5B購02,1.82,1.80
1150820,061692,台塑群益59購05,1.88,2.13
1150820,061693,華新群益59購03,,1.18
1150820,061695,智邦群益59購12,,3.76
1150820,061698,奇鋐群益59購18,,3.39
1150820,061699,禾伸堂群益59購01,,58.00
1150820,061700,德律群益59購06,,1.52
1150820,061701,德律群益59購07,,1.47
1150820,061702,蔚華科群益59購01,6.90,7.72
1150820,061703,緯創群益59購05,,4.31
1150820,061705,京鼎群益59購02,,0.67
1150820,061706,辛耘群益5B購02,2.72,3.01
1150820,061707,辛耘群益61購01,2.78,3.03
1150820,061708,世芯群益59購12,1.79,2.64
1150820,061709,貿聯群益59購11,,1.86
1150820,061710,大聯大群益5A購02,,1.25
1150820,061711,亞翔群益59購01,,2.04
1150820,061715,矽格群益59購01,,2.19
1150820,061717,昇陽半群益5A購01,1.02,1.02
1150820,061718,勤誠群益5A購01,,1.25
1150820,061719,新纖國票5A購01,2.17,2.33
1150820,061720,大成鋼國票5A購02,3.49,2.88
1150820,061721,為升國票5A購01,0.18,0.29
1150820,061725,智邦國票63購02,1.61,1.91
1150820,061726,微星國票5A購02,2.80,3.79
1150820,061727,晟銘電國票59購02,0.17,0.28
1150820,061728,晟銘電國票5A購01,,0.10
1150820,061730,融程電國票5A購01,,0.68
1150820,061731,嘉澤國票5C購01,0.22,0.42
1150820,061732,世芯國票59購05,,3.20
1150820,061733,世芯國票5A購01,,2.67
1150820,061734,大聯大國票5A購03,0.35,0.87
1150820,061736,智伸科國票5A購01,0.91,1.13
1150820,061740,昇陽半國票61購01,,2.55
1150820,061741,至上國票5A購04,0.86,0.87
1150820,061742,勤誠國票59購03,,1.46
1150820,061743,富鼎國票5A購01,2.23,2.44
1150820,061744,智邦台新59購02,1.22,2.03
1150820,061745,奇鋐台新59購03,,2.24
1150820,061746,台化永豐5C購01,,3.29
1150820,061747,為升永豐5B購01,,0.19
1150820,061748,華通永豐59購01,,0.39
1150820,061749,奇鋐永豐5B購07,,1.73
1150820,061750,奇鋐永豐62購02,0.92,0.85
1150820,061752,貿聯永豐5C購02,,1.10
1150820,061754,大銀永豐5C購02,1.82,1.72
1150820,061755,矽力永豐5C購01,4.53,4.77
1150820,061756,勤誠兆豐5B購02,0.77,1.25
1150820,061757,元石油富邦5B購01,0.73,0.67
1150820,061758,士電富邦59購02,,0.29
1150820,061759,東元富邦5A購02,0.54,0.44
1150820,061760,華通富邦63購04,0.35,0.34
1150820,061761,華泰富邦5C購02,,0.20
1150820,061762,台積電富邦5B購01,,1.66
1150820,061763,佳能富邦5C購01,,0.35
1150820,061764,京鼎富邦59購01,,0.26
1150820,061765,新唐富邦59購01,0.54,0.54
1150820,061766,矽格富邦62購01,1.39,1.58
1150820,061768,GIS富邦62購01,0.62,0.51
1150820,061769,昇陽半富邦63購01,0.84,0.84
1150820,061773,臺股指富邦63購07,3.90,3.83
1150820,061774,元金2X國票59購04,0.48,0.40
1150820,061775,為升國票62購01,,0.35
1150820,061776,台達電國票59購03,0.50,0.79
1150820,061777,台達電國票5A購06,0.86,1.06
1150820,061778,華通國票5A購06,0.25,0.25
1150820,061779,台積電國票5A購08,,3.13
1150820,061780,奇鋐國票5A購04,,1.37
1150820,061781,大銀國票5A購01,2.74,2.97
1150820,061782,和碩國票5A購01,0.90,1.12
1150820,061783,矽力國票5B購01,,3.62
1150820,061784,ITH國票5A購01,0.12,0.20
1150820,061785,矽創國票5A購01,,2.47
1150820,061787,元石油國泰5B購01,,0.67
1150820,061788,為升國泰5A購01,0.26,0.35
1150820,061789,為升國泰5A購02,,0.27
1150820,061790,華通國泰5A購05,,0.36
1150820,061791,奇鋐國泰5A購04,2.40,2.39
1150820,061792,京鼎國泰5A購01,,0.68
1150820,061793,大銀國泰5A購01,,4.71
1150820,061796,T50反1中信63購06,,0.51
1150820,061797,為升中信59購01,,0.06
1150820,061798,奇鋐中信59購07,0.49,0.53
1150820,061799,禾伸堂中信59購01,,12.35
1150820,06179U,臺股指富邦64售01,0.09,0.08
1150820,061800,昇陽半中信59購01,,0.75
1150820,061801,FANG+凱基59購01,,4.63
1150820,061803,大成鋼凱基59購02,3.25,2.60
1150820,061804,為升凱基59購02,,0.13
1150820,061806,華通凱基59購04,0.06,0.08
1150820,061807,華通凱基59購05,,0.13
1150820,061808,華通凱基62購01,0.87,0.76
1150820,061811,台積電凱基66購01,,4.43
1150820,061813,微星凱基59購03,,8.66
1150820,061814,新興凱基59購05,0.08,0.08
1150820,061815,永豐金凱基59購01,,4.71
1150820,061816,奇鋐凱基62購01,,1.52
1150820,061817,亞光凱基59購05,,1.02
1150820,061820,玉晶光凱基59購01,,4.63
1150820,061821,嘉澤凱基5B購01,0.14,0.40
1150820,061822,牧德凱基59購04,,0.12
1150820,061823,世芯凱基59購10,1.93,2.89
1150820,061824,大銀凱基59購01,,4.26
1150820,061826,帆宣凱基59購01,,9.05
1150820,061827,GIS凱基5C購01,1.82,1.47
1150820,061829,惠特凱基59購03,,0.53
1150820,061833,臺股指凱基5B購11,,6.66
1150820,061834,上証2X群益59購01,,0.45
1150820,061835,中502X群益65購01,,0.61
1150820,061838,川湖群益59購08,,8.32
1150820,061840,台達電群益59購04,,0.84
1150820,061841,台達電群益59購05,,0.92
1150820,061842,台達電群益59購06,0.42,0.62
1150820,061843,台達電群益59購07,4.57,7.04
1150820,061844,台達電群益5A購03,0.56,0.77
1150820,061845,華通群益59購02,,0.17
1150820,061846,華通群益63購05,0.80,0.77
1150820,061847,智邦群益59購13,,3.93
1150820,061849,漢唐群益5C購01,1.37,1.70
1150820,061850,京元電群益5A購01,,0.34
1150820,061851,奇鋐群益59購19,2.08,2.05
1150820,061852,奇鋐群益59購20,,2.84
1150820,061856,康舒群益59購03,,0.11
1150820,061857,緯穎群益59購12,,6.87
1150820,061858,惠特群益5B購01,,0.30
1150820,061859,AES群益59購02,0.19,0.35
1150820,061861,華通元富59購16,,0.18
1150820,061862,華通元富63購01,,0.67
1150820,061863,華通元富63購02,0.58,0.57
1150820,061864,華通元富63購03,0.43,0.43
1150820,061865,智邦元富59購04,,3.57
1150820,061866,智邦元富63購01,,5.25
1150820,061868,瑞昱元富59購02,,7.40
1150820,061869,瑞昱元富59購03,3.40,3.78
1150820,061870,毅嘉元富59購01,,1.40
1150820,061874,建準元富59購02,,1.51
1150820,061875,奇鋐元富59購10,0.88,1.11
1150820,061876,奇鋐元富63購01,1.95,1.91
1150820,061877,奇鋐元富63購02,1.77,1.65
1150820,061880,昇貿元富59購01,,0.73
1150820,061881,新日興元富5B購01,,0.84
1150820,061882,智伸科元富59購01,2.29,2.72
1150820,061883,鈞興元富59購01,,1.26
1150820,061884,康普元富5C購01,,1.07
1150820,061885,康普元富5C購02,0.68,0.81
1150820,061888,矽格元富59購03,,4.68
1150820,061889,樺漢元富59購02,,8.55
1150820,061890,矽力元富59購02,,8.46
1150820,061891,保瑞元富59購01,0.78,0.64
1150820,061892,保瑞元富63購01,2.28,1.94
1150820,061893,帝寶元富5A購01,,1.24
1150820,061894,來億元富5A購01,,0.97
1150820,061895,瀚荃元富5B購01,,1.05
1150820,061896,鼎炫元富5A購01,,0.88
1150820,061899,元債2X元大63購01,0.25,0.23
1150820,061900,美債2X元大5A購01,,0.14
1150820,061901,美債2X元大62購01,0.25,0.25
1150820,061903,新纖元大59購01,,2.73
1150820,061904,為升元大59購01,,0.09
1150820,061905,台達電元大59購05,,0.48
1150820,061906,台達電元大59購06,,1.41
1150820,061907,台達電元大59購07,0.26,0.47
1150820,061908,台達電元大59購08,,0.90
1150820,061909,台達電元大59購09,,1.01
1150820,061910,華通元大59購27,,0.11
1150820,061914,台積電元大59購42,,1.49
1150820,061915,智邦元大59購21,,2.33
1150820,061917,敬鵬元大59購03,,0.39
1150820,061919,義隆元大59購02,,1.01
1150820,061920,奇鋐元大59購34,,1.32
1150820,061921,奇鋐元大59購35,,1.04
1150820,061923,聯詠元大63購04,2.73,2.91
1150820,061925,嘉澤元大59購13,,0.35
1150820,061926,嘉澤元大5A購04,,0.26
1150820,061927,嘉澤元大5B購03,,0.38
1150820,061928,牧德元大59購14,,0.28
1150820,061929,牧德元大63購01,,0.71
1150820,061930,TPK元大59購01,1.62,1.40
1150820,061933,定穎控元大59購09,,0.01
1150820,061937,力成元大59購10,,2.37
1150820,061938,迅得元大5C購01,0.41,0.48
1150820,061940,昇陽半元大59購04,1.84,2.08
1150820,061941,昇陽半元大59購05,1.88,2.50
1150820,061942,至上元大59購07,0.66,0.81
1150820,061943,臺股指元大5C購10,,5.77
1150820,061944,台達電中信63購01,0.68,0.70
1150820,061945,台達電中信63購02,0.41,0.44
1150820,061946,台達電中信63購03,0.61,0.66
1150820,061947,華通中信62購01,0.34,0.35
1150820,061948,國巨中信63購02,,3.63
1150820,061949,金像電中信63購02,0.52,0.49
1150820,061950,嘉澤中信59購04,,0.05
1150820,061951,牧德中信59購02,,0.04
1150820,061952,定穎控中信63購01,0.05,0.07
1150820,061953,正文中信59購01,0.05,0.10
1150820,061954,台達電兆豐5B購01,1.02,1.10
1150820,061955,台達電兆豐5B購02,0.93,1.04
1150820,061956,華通兆豐5B購04,0.24,0.25
1150820,061957,世芯兆豐5B購02,,1.47
1150820,061958,定穎控兆豐5B購01,0.03,0.05
1150820,061959,台灣50富邦5B購02,,6.05
1150820,061960,T50反1富邦5B購02,,0.06
1150820,061961,超豐富邦59購01,,0.65
1150820,061962,牧德富邦62購01,,0.34
1150820,061963,貿聯富邦63購01,1.31,1.41
1150820,061964,和碩富邦5C購01,0.59,0.64
1150820,061967,台達電台新59購02,,2.47
1150820,061968,台達電台新59購03,,1.94
1150820,061969,台達電國泰5B購01,,3.01
1150820,061971,台達電國泰5B購03,,2.76
1150820,061972,矽格國泰5B購01,,4.64
1150820,061974,元日2X元富59購01,0.36,0.48
1150820,061976,美時元富63購01,1.21,1.10
1150820,061978,華泰元富59購03,,0.21
1150820,061979,鴻準元富59購01,,3.44
1150820,061980,正崴元富59購01,0.49,0.53
1150820,061981,京元電元富59購08,,0.98
1150820,061982,全漢元富59購01,,0.59
1150820,061984,世芯元富59購06,1.76,2.05
1150820,061985,世芯元富5B購03,1.59,1.74
1150820,061986,貿聯元富59購03,1.44,1.57
1150820,061987,貿聯元富5C購01,,2.80
1150820,061988,日月光元富63購01,,9.93
1150820,061989,定穎控元富59購08,,0.01
1150820,06198U,華晶科群益5A售01,,1.13
1150820,061992,jpp元富59購01,1.55,1.65
1150820,061993,矽格元富63購01,,3.83
1150820,061994,保瑞元富63購02,1.86,1.57
1150820,061997,惠特元富5C購02,0.94,0.97
1150820,061998,巨大元富59購01,5.45,5.44
1150820,061999,美時凱基59購06,0.46,0.42
1150820,062000,川湖凱基62購01,,24.30
1150820,062001,台達電凱基59購05,0.48,0.82
1150820,062002,台達電凱基59購06,,0.82
1150820,062003,台達電凱基59購07,,1.26
1150820,062004,台達電凱基59購08,,1.51
1150820,062005,台達電凱基5B購01,,1.15
1150820,062006,華通凱基63購03,1.00,0.91
1150820,062007,華泰凱基59購08,,0.39
1150820,062008,台積電凱基66購02,,4.58
1150820,062010,順德凱基59購03,3.97,3.77
1150820,062011,漢唐凱基5B購01,1.79,2.40
1150820,062013,新興凱基5B購03,0.28,0.23
1150820,062014,聯詠凱基63購01,2.82,3.09
1150820,062015,智原凱基5B購02,2.45,2.54
1150820,062016,牧德凱基5B購02,,0.28
1150820,062017,世芯凱基5B購03,1.95,2.20
1150820,062018,貿聯凱基5B購03,2.24,2.19
1150820,06201U,新日興群益5A售01,,0.97
1150820,062022,智伸科凱基5B購01,1.41,1.72
1150820,062023,正文凱基5B購01,,0.47
1150820,062026,力成凱基59購08,,2.13
1150820,062027,啟碁凱基5C購02,2.48,2.93
1150820,062029,迅得凱基59購03,,0.13
1150820,062031,矽創凱基59購01,4.27,4.50
1150820,062032,昇陽半凱基5B購01,,2.71
1150820,062033,至上凱基59購06,,2.63
1150820,062034,臺股指凱基5C購13,,6.92
1150820,062035,上銀永豐5B購01,,3.83
1150820,062036,台達電永豐5B購02,0.82,0.93
1150820,062037,台達電永豐5C購01,1.32,1.48
1150820,062038,台達電永豐63購01,1.36,1.47
1150820,062039,華通永豐5B購01,,0.17
1150820,062040,華通永豐62購01,,0.47
1150820,062041,宏碁永豐5B購01,2.62,2.68
1150820,062042,晟銘電永豐5B購01,,0.10
1150820,062043,牧德永豐5C購02,,0.42
1150820,062044,貿聯永豐5B購02,,1.71
1150820,062045,定穎控永豐5B購03,,0.16
1150820,062046,正文永豐5C購01,,0.85
1150820,062047,jpp永豐5C購01,0.83,0.76
1150820,062048,精成科永豐5B購01,,0.83
1150820,062050,啟碁永豐59購02,1.51,1.80
1150820,062052,緯穎永豐66購01,,5.79
1150820,062053,ITH永豐5B購01,,0.23
1150820,062055,統一元大59購01,,1.04
1150820,062056,國喬元大59購04,,0.05
1150820,062057,聚陽元大59購01,0.09,0.25
1150820,062058,正新元大59購01,,0.89
1150820,062059,台達電元大59購11,,3.03
1150820,062060,台達電元大59購12,,0.92
1150820,062061,台達電元大59購13,,1.09
1150820,062062,台達電元大59購14,,1.30
1150820,062063,台達電元大59購15,0.36,1.54
1150820,062064,華通元大62購03,0.30,0.35
1150820,062066,台積電元大59購44,,2.25
1150820,062067,台積電元大5C購06,1.79,1.87
1150820,062068,台亞元大59購01,,0.70
1150820,062069,智邦元大59購22,1.06,1.79
1150820,062071,技嘉元大5B購01,6.90,7.40
1150820,062072,仲琦元大59購01,,0.02
1150820,062073,長榮元大59購16,2.45,2.18
1150820,062075,萬海元大59購03,5.40,2.79
1150820,062076,奇鋐元大5C購06,1.64,1.69
1150820,062077,嘉澤元大59購14,,0.37
1150820,062078,嘉澤元大5C購01,,0.34
1150820,062079,牧德元大59購15,,0.36
1150820,062080,牧德元大63購02,0.35,0.38
1150820,062081,辛耘元大59購09,2.21,2.48
1150820,062082,正文元大59購02,,0.41
1150820,062083,正文元大59購03,,0.43
1150820,062084,新唐元大59購10,,0.65
1150820,062085,亞翔元大59購04,3.60,4.39
1150820,062088,亞翔元大62購01,2.57,2.82
1150820,062089,聯茂元大59購19,,5.70
1150820,062091,力成元大59購11,,2.81
1150820,062092,康舒元大59購03,,0.75
1150820,062093,康舒元大59購04,,1.27
1150820,062094,康舒元大63購03,,0.74
1150820,062095,迅得元大5C購02,,0.32
1150820,062096,至上元大62購01,2.50,2.46
1150820,062098,FB科技國票59購02,,6.63
1150820,062104,聚陽國票5B購01,0.08,0.18
1150820,062105,士電國票59購03,,1.14
1150820,062107,中鋼國票5B購02,0.39,0.41
1150820,062108,台達電國票59購04,1.10,1.35
1150820,062109,華通國票5B購02,0.13,0.15
1150820,062110,毅嘉國票59購03,,0.37
1150820,062113,牧德國票5B購01,,0.25
1150820,062115,正文國票5B購03,0.36,0.50
1150820,062117,中租國票5B購01,0.44,0.49
1150820,062118,亞翔國票59購03,,3.49
1150820,062119,精成科國票59購01,,0.23
1150820,062120,保瑞國票59購01,0.24,0.23
1150820,062122,SP黃豆群益62購03,,0.26
1150820,062124,華新群益59購04,,1.68
1150820,062125,華通群益59購04,0.06,0.20
1150820,062126,華通群益63購07,0.29,0.31
1150820,062127,台積電群益5C購09,,3.56
1150820,062128,台積電群益5C購10,,2.96
1150820,062131,鉅祥群益5B購01,,1.46
1150820,062132,亞光群益59購01,,0.91
1150820,062133,德律群益59購08,0.48,0.83
1150820,062136,世芯群益59購13,,2.12
1150820,062137,定穎控群益59購10,,0.02
1150820,062138,定穎控群益5B購04,,0.04
1150820,062139,正文群益5B購01,,0.60
1150820,062140,新唐群益5B購01,0.88,1.07
1150820,062142,臻鼎群益59購07,,8.60
1150820,062143,亞翔群益59購02,,3.88
1150820,062145,啟碁群益59購12,,2.34
1150820,062146,啟碁群益63購01,1.13,1.26
1150820,062148,鴻海國泰5B購01,,5.78
1150820,062149,仁寶國泰5B購01,2.93,3.30
1150820,062151,奇鋐國泰5B購01,3.94,4.16
1150820,062155,國精化國泰5B購01,2.14,2.14
1150820,062156,乙盛國泰5B購01,,1.14
1150820,062157,力成國泰5B購01,,3.79
1150820,062158,勤誠國泰5B購01,,1.64
1150820,062159,SGBR2X中信64購01,,0.39
1150820,062161,牧德中信5A購01,,0.06
1150820,062162,世芯中信64購01,2.13,2.22
1150820,062164,鴻海永豐5A購04,,2.60
1150820,062166,鴻海永豐5B購05,,2.84
1150820,062167,鴻海永豐5C購04,2.24,2.71
1150820,062169,仲琦永豐62購01,0.22,0.25
1150820,062170,興富發永豐5C購01,3.91,3.36
1150820,062171,富邦金永豐5C購01,,4.38
1150820,062172,敦泰永豐5C購01,,0.74
1150820,062174,世芯永豐5A購05,,2.95
1150820,062175,東台永豐5C購01,,0.41
1150820,062176,鈞興永豐5C購01,0.82,1.01
1150820,062178,雙鍵永豐5C購01,3.68,4.87
1150820,062179,事欣科永豐61購01,,4.49
1150820,062180,達興永豐5A購02,,0.48
1150820,062181,乙盛永豐5C購01,0.35,0.40
1150820,062182,崇越永豐5C購01,,6.87
1150820,062183,AES永豐5C購04,,0.40
1150820,062184,來億永豐5C購01,0.56,0.65
1150820,062185,瀚荃永豐61購01,1.00,0.71
1150820,062186,勤誠永豐5C購01,0.79,1.25
1150820,062187,勤誠永豐5C購02,1.44,1.91
1150820,062188,勤誠永豐5C購03,1.00,1.39
1150820,062189,威盛兆豐64購01,,3.64
1150820,06218U,宏達電元富5A售01,0.70,0.77
1150820,062191,T50反1凱基62購01,,0.27
1150820,062193,聚陽凱基5A購01,,0.05
1150820,062194,士電凱基5A購01,1.01,1.06
1150820,062195,亞力凱基5A購01,0.26,0.29
1150820,062197,台達電凱基5A購04,,1.86
1150820,062198,鴻海凱基5A購04,3.61,4.32
1150820,062199,台積電凱基65購04,,3.48
1150820,062200,台積電凱基74購01,,4.51
1150820,062201,敬鵬凱基5A購02,,0.45
1150820,062202,技嘉凱基64購01,5.10,5.19
1150820,062203,盟立凱基5A購01,,10.95
1150820,062204,鉅祥凱基5A購01,,3.40
1150820,062205,長榮凱基5A購03,,2.26
1150820,062206,新興凱基5B購04,0.30,0.30
1150820,062207,萬海凱基5B購01,4.59,2.33
1150820,062208,奇鋐凱基5A購07,,3.87
1150820,062210,嘉澤凱基5A購05,,0.31
1150820,062211,辛耘凱基5C購02,4.14,4.37
1150820,062213,T50反1元富5C購01,,0.01
1150820,062214,國精化凱基5A購02,,1.46
1150820,062215,達興凱基5A購03,,0.23
1150820,062216,乙盛凱基5B購01,,1.08
1150820,062217,亞翔凱基5B購03,3.42,4.38
1150820,062218,精成科凱基5A購01,0.31,0.47
1150820,062220,迅得凱基61購01,,0.64
1150820,062221,來億凱基5A購01,,1.10
1150820,062223,上証2X國票61購01,1.23,1.46
1150820,062224,元石油國票5A購03,,0.31
1150820,062225,元石油國票5A購04,0.54,0.52
1150820,062227,亞聚國票5B購01,,0.04
1150820,062228,長興國票5A購02,,0.99
1150820,062231,神基國票5B購01,0.47,0.51
1150820,062232,益登國票5A購02,,2.62
1150820,062233,建漢國票5B購01,,0.04
1150820,062234,敦泰國票5B購01,,0.35
1150820,062235,貿聯國票61購02,1.51,1.51
1150820,062236,乙盛國票5B購01,,0.61
1150820,062237,鈺邦國票5A購01,,2.90
1150820,062238,保瑞國票5A購01,0.69,0.56
1150820,062239,美利達國票5A購01,2.00,1.65
1150820,062240,世紀鋼國票5A購01,,0.20
1150820,062241,T50反1群益5A購02,,0.03
1150820,062242,T50反1群益5B購01,0.03,0.03
1150820,062243,元石油群益64購01,,2.79
1150820,062244,SP黃豆群益5C購02,,0.44
1150820,062245,SGBR2X群益64購01,,1.66
1150820,062246,台聚群益5C購01,,0.06
1150820,062247,國喬群益5A購01,,0.04
1150820,062249,大成鋼群益61購01,3.00,2.47
1150820,062250,鴻海群益5B購06,,3.65
1150820,062252,鴻海群益62購03,,4.54
1150820,062253,台積電群益5A購07,,5.50
1150820,062254,台積電群益5A購08,4.76,5.85
1150820,062255,智邦群益5A購04,,2.87
1150820,062260,皇昌群益5A購01,,0.03
1150820,062261,晟銘電群益5A購01,,0.09
1150820,062263,亞光群益5A購02,,0.99
1150820,062264,聯詠群益5A購02,1.78,2.98
1150820,062267,敦泰群益5C購01,,0.77
1150820,062269,世芯群益5A購01,2.50,3.83
1150820,062270,東台群益5C購01,0.30,0.37
1150820,062272,國精化群益5B購01,,1.70
1150820,062273,國精化群益5C購01,1.27,1.76
1150820,062274,新唐群益5A購01,,0.68
1150820,062275,乙盛群益5C購01,0.74,0.82
1150820,062276,崇越群益5C購01,,7.05
1150820,062279,矽力群益5A購01,,7.10
1150820,062280,緯穎群益5A購02,9.00,8.87
1150820,062281,采鈺群益5A購01,,2.39
1150820,062284,瀚荃群益5A購01,0.54,0.47
1150820,062286,華通元大5B購06,,0.29
1150820,062287,華通元大62購04,0.45,0.47
1150820,062290,鴻海元大62購07,,3.09
1150820,062292,台積電元大61購22,1.73,1.81
1150820,062293,順德元大61購01,,2.36
1150820,062294,敬鵬元大5A購01,0.02,0.07
1150820,062295,漢唐元大62購01,,2.93
1150820,062296,奇鋐元大61購12,,2.93
1150820,062300,敦泰元大5A購01,,1.18
1150820,062301,牧德元大5A購02,0.10,0.11
1150820,062304,貿聯元大5A購03,,0.65
1150820,062305,定穎控元大5A購02,,0.04
1150820,062312,定穎控元大5A購07,,0.01
1150820,062314,大銀元大5A購01,,3.24
1150820,062315,國精化元大5A購01,1.02,1.28
1150820,062318,亞翔元大62購02,3.11,3.52
1150820,062319,和椿元大5A購01,,0.27
1150820,062321,矽格元大5A購05,,1.05
1150820,062325,惠特元大5B購01,0.52,0.60
1150820,062326,惠特元大5C購02,0.39,0.41
1150820,062327,三集瑞元大5A購01,,0.17
1150820,062330,至上元大62購02,1.96,1.94
1150820,062333,臺股指元大5B購15,,9.00
1150820,062335,台塑統一64購01,1.02,0.98
1150820,062338,鴻海統一64購01,0.91,0.98
1150820,062339,鴻海統一74購01,0.98,1.09
1150820,062340,漢唐統一64購02,0.94,1.07
1150820,062341,世芯統一64購01,,1.16
1150820,062342,南寶統一64購01,0.64,0.59
1150820,062343,新唐統一64購01,1.01,1.14
1150820,062344,今國光統一64購01,1.13,1.23
1150820,062346,劍麟永豐5C購01,1.36,1.28
1150820,062347,光寶科永豐61購01,,6.29
1150820,062348,台積電永豐61購10,4.00,4.01
1150820,062349,台積電永豐61購11,,2.64
1150820,062350,台積電永豐64購02,,4.30
1150820,062351,凱美永豐5C購01,,9.15
1150820,062352,正崴永豐5C購01,0.89,0.80
1150820,062353,友達永豐61購01,5.65,5.58
1150820,062354,偉詮電永豐5C購02,,0.70
1150820,062355,偉詮電永豐61購01,1.04,1.17
1150820,062356,京元電永豐5B購03,0.86,1.10
1150820,062357,大毅永豐5C購01,,5.25
1150820,062358,普安永豐5C購01,,2.64
1150820,062359,新興永豐64購01,,0.49
1150820,062360,台航永豐5C購01,0.67,0.62
1150820,062361,建漢永豐63購01,0.27,0.29
1150820,062364,碩天永豐61購01,1.57,1.39
1150820,062365,達邁永豐61購01,0.80,0.99
1150820,062366,世芯永豐5B購04,,3.85
1150820,062367,世芯永豐5C購05,4.10,4.24
1150820,062368,海華永豐5C購01,1.39,1.79
1150820,062369,台耀永豐5A購01,0.13,0.15
1150820,062371,正文永豐64購01,1.27,1.45
1150820,062372,立積永豐5C購01,,0.30
1150820,062373,邁達特永豐5C購01,,0.53
1150820,062374,精誠永豐61購01,1.86,1.35
1150820,062375,和椿永豐5C購01,1.76,1.91
1150820,062376,力成永豐5A購01,,3.17
1150820,062377,惠特永豐5C購01,,1.29
1150820,062378,T50正2國票5A購01,,7.58
1150820,062381,興富發國票61購01,1.27,1.07
1150820,062382,台航國票61購01,0.56,0.50
1150820,062383,富華新國票61購01,0.36,0.37
1150820,062384,建漢國票5B購02,,0.07
1150820,062385,碩天國票61購01,1.73,1.49
1150820,062389,東科國票5A購01,0.03,0.11
1150820,06238U,台積電統一61售03,0.04,0.05
1150820,062391,樺漢國票5B購01,3.12,4.55
1150820,062392,來億國票5A購01,,1.01
1150820,062393,達方國票61購01,,0.73
1150820,062395,敬鵬國泰5B購01,0.15,0.20
1150820,062396,華碩國泰5B購01,,6.00
1150820,062397,建準國泰5C購01,1.66,1.88
1150820,062401,長興凱基5C購01,,1.73
1150820,062402,華通凱基5B購03,0.28,0.28
1150820,062404,台積電凱基63購06,,3.19
1150820,062405,台積電凱基67購10,,3.69
1150820,062408,漢唐凱基61購03,,3.36
1150820,062410,興富發凱基5B購01,4.12,3.45
1150820,062412,晟銘電凱基5A購01,,0.04
1150820,062413,敦泰凱基5A購02,,0.28
1150820,062414,牧德凱基5C購01,0.58,0.68
1150820,062415,碩天凱基5A購01,4.09,3.43
1150820,062417,世芯凱基61購07,4.63,5.00
1150820,062418,大銀凱基5A購01,3.23,4.12
1150820,062419,材料凱基5A購04,1.23,1.45
1150820,062420,南寶凱基5A購01,,1.34
1150820,062421,正文凱基5A購01,0.15,0.26
1150820,062422,正文凱基5B購02,0.66,0.80
1150820,062423,華孚凱基5A購01,0.13,0.09
1150820,062424,矽格凱基5A購01,,2.02
1150820,062425,保瑞凱基5C購01,1.07,0.89
1150820,062427,惠特凱基5C購02,0.56,0.62
1150820,062429,至上凱基5A購04,,2.26
1150820,062430,美利達凱基5A購01,,1.94
1150820,062432,台灣50兆豐62購02,,3.65
1150820,062435,T50正2富邦61購07,,2.69
1150820,062436,T50正2富邦64購01,,3.12
1150820,062438,光寶科富邦74購01,,2.84
1150820,062439,台達電富邦64購01,,1.17
1150820,062440,台達電富邦74購01,1.12,1.16
1150820,062442,鴻海富邦74購01,1.45,1.60
1150820,062444,德律富邦5A購03,,0.78
1150820,062446,大銀富邦5A購01,,1.52
1150820,062449,T50正2元大5A購04,,6.08
1150820,062452,鴻海群益5C購02,,1.31
1150820,062453,鴻海群益5C購03,,1.20
1150820,062458,臺指2X元大64購01,,3.04
1150820,062464,台化元大61購04,,2.80
1150820,062465,台化元大64購01,2.60,2.67
1150820,062466,大成鋼元大5A購01,,3.87
1150820,062467,楠梓電元大5A購02,,1.96
1150820,062469,鴻海元大64購08,3.22,3.69
1150820,062471,台積電元大5A購15,,2.43
1150820,062472,台積電元大64購04,2.12,2.14
1150820,062473,敬鵬元大5A購02,,0.12
1150820,062474,凱美元大5A購01,2.84,3.62
1150820,062475,正崴元大5A購01,,1.43
1150820,062477,漢唐元大64購01,,2.56
1150820,062480,聯發科元大64購04,6.40,7.18
1150820,062482,普安元大5A購01,,0.96
1150820,062483,普安元大5A購02,,1.19
1150820,062484,新興元大5A購02,,0.04
1150820,062486,德律元大61購01,1.68,1.95
1150820,062491,神達統一5C購01,,0.32
1150820,062497,建漢元大5A購05,,0.10
1150820,062498,融程電元大5A購01,,1.93
1150820,062499,嘉澤元大5A購05,,0.50
1150820,062500,牧德元大5A購03,,0.69
1150820,062502,南寶元大5A購01,,1.67
1150820,062503,南寶元大5A購02,1.13,0.98
1150820,062504,事欣科元大5A購02,,3.54
1150820,062506,立積元大5A購01,,0.09
1150820,062507,達運元大5A購01,,0.20
1150820,062509,今國光元大5A購01,3.29,3.65
1150820,062512,惠特元大5A購03,0.39,0.43
1150820,062513,惠特元大5B購02,0.45,0.52
1150820,062514,AES元大5A購01,,0.33
1150820,062515,AES元大5A購02,,0.70
1150820,062516,AES元大64購01,0.79,0.84
1150820,062519,瀚荃元大5A購01,0.60,0.42
1150820,062520,瀚荃元大5A購02,2.39,0.78
1150820,062521,勤誠元大61購01,,1.88
1150820,062525,T50反1群益5A購03,,0.06
1150820,062528,元金2X群益5A購02,,0.59
1150820,062529,道瓊銀群益5C購02,,0.50
1150820,062531,卜蜂群益5B購01,,0.12
1150820,062534,亞聚群益5A購01,,0.07
1150820,062535,亞聚群益5B購01,0.10,0.11
1150820,062536,亞聚群益64購01,,0.36
1150820,062537,亞力群益5A購01,,0.55
1150820,062539,合機群益5A購01,,0.32
1150820,062540,川湖群益5A購02,,39.05
1150820,062541,華通群益5A購03,,0.52
1150820,062545,台積電群益61購05,,3.85
1150820,062546,台積電群益61購06,,4.90
1150820,062547,智邦群益5A購05,,9.47
1150820,062548,敬鵬群益5A購02,,0.05
1150820,062549,昆盈群益5A購01,,0.27
1150820,062551,技嘉群益5A購01,,4.13
1150820,062555,冠德群益5B購01,1.53,1.37
1150820,062557,神基群益5C購01,1.27,1.24
1150820,062558,全漢群益5A購01,0.34,0.60
1150820,062559,奇鋐群益5A購07,,3.86
1150820,062561,聯詠群益5A購03,,4.63
1150820,062562,晶技群益5B購01,,9.45
1150820,062563,緯創群益5A購04,,11.86
1150820,062566,宏致群益5B購01,,7.84
1150820,062567,洋華群益5A購01,,0.05
1150820,062569,海華群益5A購01,,0.52
1150820,062570,海華群益5A購02,,0.45
1150820,062571,康普群益5A購04,,1.21
1150820,062572,正文群益5A購01,,0.58
1150820,062573,事欣科群益5A購01,4.07,4.62
1150820,062574,達興群益5A購02,,0.55
1150820,062575,建國群益5A購01,,2.64
1150820,062576,迎廣群益5A購01,,0.14
1150820,062577,達運群益5A購01,,0.33
1150820,062579,精成科群益5A購01,,0.62
1150820,062580,精誠群益5A購02,,3.67
1150820,062581,和椿群益5A購02,,0.46
1150820,062582,矽格群益5A購02,1.65,1.65
1150820,062584,樺漢群益5B購01,,6.23
1150820,062586,瀚荃群益5A購02,,1.17
1150820,062587,達方群益5A購01,,1.77
1150820,062588,勤誠群益5A購02,,1.83
1150820,062589,華夏國票5B購01,,0.05
1150820,062590,聯成國票5B購01,0.15,0.18
1150820,062591,信錦國票5B購01,0.04,0.05
1150820,062592,直得國票5B購01,,2.05
1150820,062593,東聯國票5B購01,,0.32
1150820,062594,和桐國票5B購01,,5.50
1150820,062595,允強國票5B購01,0.35,0.38
1150820,062596,華通國票61購03,0.33,0.31
1150820,062597,裕民國票5B購01,1.61,1.44
1150820,062598,中信金國票5B購01,1.27,2.15
1150820,062599,晶技國票5B購01,,5.33
1150820,062600,正文國票5B購04,,0.30
1150820,062601,乙盛國票5B購02,,0.45
1150820,062602,聯茂國票5B購01,,4.56
1150820,062603,矽格國票5B購02,1.05,1.40
1150820,062604,群電國票5B購01,,0.55
1150820,062605,康霈國票5A購01,0.53,0.60
1150820,062606,松川國票5B購01,2.69,2.56
1150820,062607,明基材國票5B購01,0.34,0.40
1150820,062609,世芯國泰5B購02,,3.69
1150820,062610,矽格國泰5C購01,2.97,3.37
1150820,062612,T50正2中信64購01,1.80,1.88
1150820,062613,T50正2永豐5A購03,,4.07
1150820,062615,儒鴻永豐5B購01,,0.73
1150820,062616,信錦永豐5B購01,,0.11
1150820,062617,東聯永豐5B購01,0.78,0.78
1150820,062618,勝一永豐5C購01,0.83,0.91
1150820,062619,美時永豐5B購03,,0.24
1150820,062620,東鋼永豐5B購01,2.44,2.71
1150820,062621,允強永豐5B購01,,0.59
1150820,062622,台橡永豐5B購01,,2.14
1150820,062623,台達電永豐5A購02,1.80,2.01
1150820,062624,微星永豐5A購01,,11.60
1150820,062625,瑞昱永豐5A購01,,7.13
1150820,062626,億光永豐5C購01,0.57,0.49
1150820,062628,興勤永豐5A購01,3.75,3.34
1150820,062629,宏達電永豐5A購02,1.05,1.21
1150820,062630,奇鋐永豐64購01,,4.29
1150820,062631,華擎永豐5A購01,,0.65
1150820,062633,三福化永豐5B購01,0.28,0.34
1150820,062634,新唐永豐61購01,1.56,1.83
1150820,062635,乙盛永豐5B購01,0.74,0.81
1150820,062636,盛群永豐5B購01,1.48,1.77
1150820,062638,達發永豐5B購01,,2.73
1150820,062639,康霈永豐5A購01,1.28,1.35
1150820,062640,新代永豐5A購01,,3.64
1150820,062641,新代永豐61購01,,3.87
1150820,062642,億豐永豐5B購01,,1.78
1150820,062643,信錦統一64購01,,0.20
1150820,062644,信錦統一64購02,,0.17
1150820,062645,信錦統一64購03,,0.21
1150820,062646,信錦統一74購01,,0.27
1150820,062647,台達電統一64購01,0.87,0.92
1150820,062648,台達電統一64購02,0.81,0.89
1150820,062649,台達電統一67購01,0.81,0.87
1150820,062650,台達電統一74購01,0.67,0.72
1150820,062651,台達電統一74購02,0.68,0.70
1150820,062652,華通統一63購03,0.25,0.25
1150820,062653,華通統一64購04,0.23,0.23
1150820,062654,台積電統一68購04,1.18,1.22
1150820,062655,敬鵬統一63購01,0.19,0.21
1150820,062656,敬鵬統一64購01,,0.24
1150820,062657,敬鵬統一74購01,,0.42
1150820,062658,研華統一64購01,,2.90
1150820,062659,漢唐統一68購01,0.77,0.85
1150820,062661,仲琦統一64購02,,0.20
1150820,062662,仲琦統一74購01,,0.32
1150820,062663,偉詮電統一63購01,0.61,0.65
1150820,062664,晟銘電統一74購01,,0.38
1150820,062665,奇鋐統一68購02,1.05,1.02
1150820,062666,奇鋐統一74購01,1.32,1.27
1150820,062670,嘉澤統一74購01,0.47,0.63
1150820,062671,世芯統一62購02,1.14,1.49
1150820,062672,貿聯統一63購02,0.79,0.84
1150820,062674,國精化統一64購01,,0.80
1150820,062675,國精化統一74購01,,0.85
1150820,062676,雙鍵統一64購01,,1.60
1150820,062677,雙鍵統一74購01,,1.57
1150820,062678,新唐統一74購01,0.64,0.71
1150820,062679,亞翔統一67購01,0.88,1.02
1150820,062680,聯茂統一67購01,,4.00
1150820,062681,聯茂統一74購01,3.17,2.42
1150820,062682,矽格統一63購02,,1.24
1150820,062683,矽格統一64購01,,1.21
1150820,062685,康霈統一64購01,0.59,0.58
1150820,062686,康霈統一64購02,0.69,0.68
1150820,062688,康霈統一66購01,0.70,0.70
1150820,062689,康霈統一74購01,0.70,0.69
1150820,062690,新代統一64購01,,1.23
1150820,062691,新代統一74購01,,1.32
1150820,062693,東鹼富邦5B購01,0.67,0.66
1150820,062694,美時富邦5C購01,0.37,0.35
1150820,062696,華通富邦5A購02,0.13,0.13
1150820,062699,敬鵬富邦61購01,0.16,0.18
1150820,062701,漢唐富邦5C購02,,1.40
1150820,062702,京元電富邦5C購02,0.48,0.63
1150820,062703,長榮富邦5C購02,1.83,1.25
1150820,062704,大立光富邦5C購01,,7.59
1150820,062705,奇鋐富邦5C購05,,1.86
1150820,062706,世芯富邦5C購02,,2.05
1150820,062707,世芯富邦5C購03,,2.39
1150820,062708,世芯富邦5C購04,,3.36
1150820,062709,國精化富邦61購01,0.72,0.72
1150820,062710,雙鍵富邦5C購01,,3.70
1150820,062711,祥碩富邦5C購01,,1.87
1150820,062712,同欣電富邦5C購02,,1.19
1150820,062713,AES富邦5C購01,0.73,0.83
1150820,062714,康霈富邦5C購01,0.80,0.81
1150820,062715,T50正2凱基5A購06,,5.66
1150820,062716,T50正2凱基64購01,,5.69
1150820,062720,儒鴻凱基5A購01,,1.36
1150820,062722,信錦凱基5A購02,,0.07
1150820,062723,東鹼凱基5A購01,2.26,2.21
1150820,062724,中碳凱基5A購01,,0.90
1150820,062725,勝一凱基5A購01,0.85,1.11
1150820,062726,台達電凱基5A購05,0.55,0.87
1150820,062727,華通凱基5B購04,,0.14
1150820,062728,台積電凱基61購03,2.76,2.92
1150820,062731,菱生凱基5A購01,,1.41
1150820,062732,菱生凱基5A購02,,0.65
1150820,062733,研華凱基5A購01,,12.50
1150820,062734,仲琦凱基5A購01,,0.15
1150820,062735,偉詮電凱基5A購01,,1.42
1150820,062736,偉詮電凱基5A購02,,0.51
1150820,062737,偉詮電凱基5A購03,,0.75
1150820,062738,奇鋐凱基61購05,2.27,2.41
1150820,062740,增你強凱基5A購02,,3.01
1150820,062741,世芯凱基5A購04,2.00,2.59
1150820,062742,貿聯凱基61購01,1.39,1.63
1150820,062743,精銳凱基5A購01,,0.07
1150820,062744,三福化凱基5A購01,,0.17
1150820,062747,正文凱基5A購02,0.43,0.58
1150820,062749,盛群凱基5A購01,,2.21
1150820,062750,群電凱基5A購01,,1.61
1150820,062751,達發凱基5A購01,1.77,2.13
1150820,062752,康霈凱基5A購01,0.63,0.65
1150820,062753,新代凱基5A購01,,5.54
1150820,062754,松川凱基5A購01,,4.98
1150820,062755,華夏群益5A購01,,0.06
1150820,062757,三芳群益5A購01,,0.57
1150820,062760,聯成群益5A購01,,0.37
1150820,062761,聯成群益5A購02,,0.13
1150820,062762,新纖群益5A購01,4.43,4.42
1150820,062763,聚陽群益5A購01,1.17,1.44
1150820,062764,信錦群益5A購01,0.12,0.09
1150820,062765,信錦群益5B購01,,0.12
1150820,062766,信錦群益5C購01,,0.17
1150820,062767,東聯群益5A購01,,0.41
1150820,062769,中纖群益5A購01,1.40,1.67
1150820,062770,中碳群益5A購01,,0.68
1150820,062771,中碳群益5A購02,,0.40
1150820,062772,勝一群益5A購01,,0.64
1150820,062775,鴻海群益63購04,3.12,3.96
1150820,062776,台積電群益62購01,3.66,4.05
1150820,062778,研華群益5A購01,7.80,7.66
1150820,062779,漢唐群益5A購06,,3.10
1150820,062783,兆豐金群益5A購01,,6.95
1150820,062784,第一金群益5A購01,,2.24
1150820,062785,聯陽群益5A購01,0.75,0.84
1150820,062786,台灣大群益5A購01,,0.36
1150820,062787,貿聯群益5A購02,,1.05
1150820,062788,神達群益5A購02,1.80,1.80
1150820,062789,神達群益5A購03,1.04,1.04
1150820,062792,南寶群益5A購02,,0.70
1150820,062794,正文群益5C購01,0.41,0.54
1150820,062796,jpp群益5A購01,,0.64
1150820,062797,中租群益5A購01,0.70,0.78
1150820,062798,中租群益5B購01,0.49,0.55
1150820,062800,鈺邦群益5A購01,,3.83
1150820,062801,保瑞群益5A購01,,0.68
1150820,062802,虎航群益5A購01,,0.90
1150820,062803,康霈群益5A購01,0.91,0.96
1150820,062804,康霈群益5C購01,0.70,0.73
1150820,062806,億豐群益5A購01,,0.98
1150820,062808,台聚元大5A購02,0.12,0.12
1150820,062810,遠東新元大5A購01,1.00,0.76
1150820,062811,儒鴻元大5A購01,0.72,0.94
1150820,062812,信錦元大5A購01,0.02,0.07
1150820,062813,信錦元大5A購02,0.08,0.06
1150820,062814,直得元大5A購01,,2.38
1150820,062816,中碳元大5A購01,0.45,0.45
1150820,062817,勝一元大5A購01,0.21,0.31
1150820,062818,華通元大5A購02,,0.21
1150820,062819,華通元大5A購03,,0.12
1150820,062820,華通元大5A購04,,0.27
1150820,062822,鴻海元大5A購13,,2.31
1150820,062824,鴻海元大61購13,,2.99
1150820,062825,鴻海元大64購09,,2.65
1150820,062826,中環元大5A購01,,0.23
1150820,062828,台積電元大61購23,,1.98
1150820,062829,台積電元大64購05,1.90,2.00
1150820,062831,金像電元大61購01,0.68,0.64
1150820,062832,群光元大5A購01,,0.22
1150820,062833,研華元大5A購01,8.05,7.23
1150820,062834,研華元大5A購02,,6.25
1150820,062835,可成元大5A購01,0.89,1.10
1150820,062836,新興元大64購01,0.74,0.58
1150820,062837,富邦金元大5A購01,,9.40
1150820,062839,奇鋐元大61購13,2.47,2.41
1150820,062840,奇鋐元大64購01,1.48,1.40
1150820,062841,信邦元大5A購01,0.92,0.93
1150820,062843,嘉澤元大5A購06,,0.26
1150820,062846,世芯元大64購01,2.86,3.01
1150820,062847,正文元大5A購01,0.04,0.11
1150820,062848,新唐元大61購01,2.53,2.98
1150820,062849,祥碩元大5A購04,,1.23
1150820,062850,祥碩元大5A購05,,1.18
1150820,062851,祥碩元大5B購03,1.01,1.04
1150820,062852,jpp元大5A購03,,1.10
1150820,062854,亞翔元大61購02,,2.04
1150820,062855,亞翔元大64購02,,1.42
1150820,062857,旭隼元大5A購01,,1.25
1150820,062858,AES元大5A購03,0.53,0.69
1150820,062859,AES元大61購01,,0.66
1150820,062861,AES元大64購02,,1.36
1150820,062863,兆聯元大64購01,1.90,2.11
1150820,062864,新代元大5A購01,4.58,4.26
1150820,062865,昇陽半元大61購01,3.47,4.03
1150820,062866,至上元大5A購05,,1.72
1150820,062867,至上元大5A購06,,2.03
1150820,062868,聯發科統一5C購01,3.78,3.93
1150820,062869,至上元大61購04,1.84,1.80
1150820,06286U,台積電中信5A售02,,0.02
1150820,062872,至上元大64購01,1.51,1.48
1150820,062873,T50正2中信64購03,2.48,2.60
1150820,062874,元油反中信64購01,0.39,0.43
1150820,062875,臻鼎中信64購01,,4.06
1150820,062877,聯詠國泰5B購02,3.19,3.53
1150820,062878,乙盛國泰5B購02,,0.54
1150820,062879,祥碩國泰5B購01,,2.32
1150820,062880,旭隼國泰5B購01,4.65,4.88
1150820,062882,台泥兆豐64購01,1.22,1.14
1150820,062883,緯穎兆豐64購01,,7.32
1150820,062884,東元國票5A購01,1.49,1.23
1150820,062885,中纖國票5B購01,,1.43
1150820,062886,中碳國票5B購01,,0.40
1150820,062887,東鋼國票5B購01,0.58,0.67
1150820,062888,台橡國票5B購01,1.50,1.30
1150820,062889,中橡國票5B購01,,0.10
1150820,062890,研華國票5A購01,,14.00
1150820,062892,毅嘉國票5A購01,,1.24
1150820,062893,毅嘉國票5B購01,,1.10
1150820,062896,全科國票5B購01,,1.08
1150820,062897,國光生國票5B購01,0.19,0.18
1150820,062898,乙盛國票5B購03,,0.29
1150820,062899,盛群國票5B購01,,1.43
1150820,062900,騰輝電國票5A購01,,4.54
1150820,062901,新代國票5A購01,5.50,5.27
1150820,062902,華東國票5A購02,0.25,0.42
1150820,062903,億豐國票5A購01,,0.66
1150820,062906,信錦統一63購01,,0.13
1150820,062908,信錦統一64購04,,0.15
1150820,062909,信錦統一65購01,,0.24
1150820,062910,中碳統一64購01,,0.49
1150820,062911,台達電統一65購02,0.70,0.74
1150820,062912,台達電統一68購01,0.95,0.98
1150820,062913,台積電統一64購03,,1.41
1150820,062914,台積電統一74購01,0.78,0.81
1150820,062915,順德統一64購01,1.63,1.57
1150820,062916,菱生統一66購01,0.45,0.49
1150820,062917,研華統一67購01,,2.09
1150820,062918,研華統一68購01,2.13,2.03
1150820,062919,仲琦統一63購01,0.10,0.10
1150820,062920,偉詮電統一67購01,,0.58
1150820,062922,晟銘電統一67購01,0.32,0.36
1150820,062923,增你強統一66購01,0.72,0.77
1150820,062924,聯茂統一63購02,6.05,4.17
1150820,062925,聯茂統一64購03,,3.05
1150820,062926,聯茂統一64購04,4.14,3.69
1150820,062927,力成統一62購01,,1.25
1150820,062928,達發統一68購01,0.66,0.73
1150820,062929,台虹統一74購01,1.54,1.26
1150820,062930,華東統一64購01,0.39,0.42
1150820,062931,華東統一67購01,0.46,0.48
1150820,062932,華東統一74購01,0.42,0.46
1150820,062934,聯成永豐5B購01,,0.17
1150820,062935,長興永豐5A購03,,0.42
1150820,062937,中碳永豐5B購01,0.67,0.71
1150820,062938,智邦永豐5A購03,,1.95
1150820,062939,群光永豐5A購01,,0.09
1150820,062940,偉詮電永豐5B購01,0.59,0.77
1150820,062941,新日興永豐5C購01,1.64,1.61
1150820,062943,智伸科永豐5B購01,,1.85
1150820,062945,南寶永豐5B購01,1.69,1.49
1150820,062948,采鈺永豐5B購02,,4.34
1150820,062949,天虹永豐5B購01,,2.03
1150820,062950,松川永豐61購01,,2.41
1150820,062951,矽創永豐5C購01,,5.70
1150820,062952,美利達永豐5B購01,,4.26
1150820,062953,宏全永豐5B購01,2.76,3.18
1150820,062954,世紀鋼永豐5B購01,0.72,1.14
1150820,062955,道瓊銅凱基5A購03,2.26,2.64
1150820,062956,華夏凱基5A購01,0.07,0.08
1150820,062957,聯成凱基5A購01,,0.39
1150820,062958,中砂凱基5A購02,,6.37
1150820,062959,信錦凱基5B購01,,0.09
1150820,062960,東鹼凱基5A購02,1.09,1.14
1150820,062961,東聯凱基5A購01,,0.57
1150820,062962,光寶科凱基5A購06,,5.88
1150820,062963,鴻海凱基5A購07,,5.07
1150820,062964,台積電凱基65購05,,3.29
1150820,062965,台積電凱基66購03,,4.42
1150820,062967,金像電凱基5B購02,1.13,1.10
1150820,062968,菱生凱基5B購01,,1.81
1150820,062971,晟銘電凱基5A購02,0.18,0.28
1150820,062972,晶技凱基5A購01,,12.00
1150820,062974,世芯凱基5C購05,,3.42
1150820,062975,大銀凱基5A購02,3.81,4.12
1150820,062976,國精化凱基5A購03,2.09,2.58
1150820,062978,乙盛凱基5A購03,,0.11
1150820,062979,祥碩凱基5A購04,2.20,2.08
1150820,062981,聯茂凱基5A購03,,8.69
1150820,062983,天虹凱基5A購02,,1.35
1150820,062984,華東凱基5A購01,,0.49
1150820,062985,華東凱基5A購02,,0.29
1150820,062986,億豐凱基5A購01,,1.53
1150820,062987,儒鴻富邦5C購01,0.39,0.57
1150820,062988,長興富邦5A購01,,0.57
1150820,062989,中碳富邦5C購01,,0.35
1150820,062990,台積電富邦5B購02,,1.80
1150820,062991,菱生富邦5C購01,,0.60
1150820,062994,慧洋富邦62購01,2.21,1.76
1150820,062995,健鼎富邦5C購01,,1.55
1150820,062996,聯茂富邦62購01,,2.29
1150820,062997,華東富邦5C購01,0.34,0.38
1150820,062998,億豐富邦5C購01,,0.67
1150820,063000,SGBR2X群益5A購02,,0.51
1150820,063001,台達電群益5A購04,2.47,3.21
1150820,063002,建準群益5A購03,,1.42
1150820,063003,建準群益5A購04,,1.49
1150820,063004,貿聯群益63購01,0.79,0.90
1150820,063005,乙盛群益5C購02,,1.14
1150820,063006,乙盛群益64購01,0.68,0.68
1150820,063007,華東群益5C購01,,0.39
1150820,063008,台灣50元大64購01,,5.12
1150820,063010,T50正2元大61購02,,4.58
1150820,063015,中砂元大5A購03,2.68,2.79
1150820,063016,東鹼元大5A購01,2.38,2.47
1150820,063017,川湖元大5A購01,,22.30
1150820,063018,川湖元大5A購02,,23.90
1150820,063020,台達電元大5A購03,1.25,1.48
1150820,063022,台達電元大61購01,1.69,1.83
1150820,063023,台達電元大64購02,1.37,1.39
1150820,063026,台積電元大5C購08,,1.93
1150820,063027,台積電元大61購24,1.87,2.02
1150820,063028,台積電元大64購06,,2.12
1150820,063029,智邦元大5A購05,1.50,1.90
1150820,063031,智邦元大5B購03,1.79,2.20
1150820,063032,智邦元大61購02,2.22,2.63
1150820,063033,順德元大5A購01,,2.76
1150820,063035,金像電元大61購02,,0.74
1150820,063036,金像電元大64購01,,1.40
1150820,063037,友達元大5A購07,3.07,3.25
1150820,063038,友達元大5A購08,,3.45
1150820,063039,友達元大5A購09,2.33,2.45
1150820,063040,長榮元大5A購05,2.39,1.62
1150820,063041,華航元大5A購01,,2.33
1150820,063042,神基元大5A購01,0.63,0.62
1150820,063043,奇鋐元大61購14,,2.75
1150820,063044,奇鋐元大64購02,2.30,2.34
1150820,063045,新日興元大5A購03,,0.67
1150820,063046,辛耘元大5A購02,4.51,4.76
1150820,063048,世芯元大64購02,3.25,3.39
1150820,063051,臻鼎元大61購05,,4.76
1150820,063052,迅得元大5A購01,,0.22
1150820,063053,騰輝電元大5A購01,,4.17
1150820,063054,矽創元大5A購02,,2.86
1150820,063056,華東元大5A購01,,0.31
1150820,063057,至上元大61購05,2.66,2.52
1150820,063058,至上元大64購02,1.76,1.72
1150820,063059,勤誠元大5A購02,1.39,1.61
1150820,063064,台達電國泰67購01,2.98,2.98
1150820,063065,鴻海國泰67購01,,5.20
1150820,063069,聯茂國泰5B購01,,3.64
1150820,063070,聯茂國泰62購01,,4.17
1150820,063071,啟碁國泰5B購01,1.69,2.09
1150820,063072,保瑞國泰5B購01,0.84,0.69
1150820,063075,SGBR2X富邦5A購01,0.22,0.18
1150820,063076,鴻海統一5C購01,0.40,0.49
1150820,063080,SGBR2X富邦64購01,0.42,0.37
1150820,063081,貿聯富邦62購01,0.70,0.73
1150820,063082,兆聯富邦62購01,0.89,1.05
1150820,063083,鴻勁富邦5C購01,,2.27
1150820,063084,鴻勁富邦61購01,1.91,2.07
1150820,063087,合機國票5A購01,,0.50
1150820,063088,順德國票61購02,2.87,2.55
1150820,063089,強茂國票5A購01,1.23,1.32
1150820,063090,華航國票5A購01,,1.75
1150820,063091,新日興國票5A購01,,0.21
1150820,063092,明泰國票5B購01,,0.10
1150820,063093,玉晶光國票5A購01,,5.80
1150820,063094,辛耘國票5A購02,,2.59
1150820,063096,巨路國票5B購01,,0.35
1150820,063097,聯茂國票5B購02,,6.95
1150820,063098,和椿國票5A購01,,0.86
1150820,063099,台郡國票5B購01,0.51,0.79
1150820,063100,啟碁國票5B購01,,1.57
1150820,063102,邁科國票5A購01,2.38,3.16
1150820,063103,泓德國票5A購01,0.09,0.20
1150820,063104,鴻勁國票5A購01,3.36,3.65
1150820,063105,昇陽半國票5B購01,3.00,3.64
1150820,063106,華東國票5A購04,0.39,0.51
1150820,063107,元石油中信64購01,,0.40
1150820,063108,S&P反1中信64購01,0.31,0.32
1150820,063109,SGBR2X中信64購02,0.45,0.40
1150820,063110,台達電中信64購01,0.79,0.84
1150820,063111,聯鈞中信62購01,,1.93
1150820,063112,臻鼎中信64購02,,2.57
1150820,063114,T50正2凱基61購03,,4.15
1150820,063115,元石油凱基5A購02,,0.21
1150820,063117,SGBR2X凱基5A購04,,0.23
1150820,063120,三芳凱基5A購01,,0.98
1150820,063121,中砂凱基5B購01,,4.20
1150820,063122,中纖凱基5A購01,1.97,2.16
1150820,063124,允強凱基5B購01,0.59,0.62
1150820,063126,台橡凱基5B購01,2.74,2.19
1150820,063127,台達電凱基61購01,,2.05
1150820,063128,智邦凱基5A購07,2.37,3.01
1150820,063129,毅嘉凱基5A購01,,1.35
1150820,063130,友達凱基5A購04,,5.18
1150820,063131,京元電凱基5A購02,,0.37
1150820,063132,華航凱基5A購01,,2.65
1150820,063133,奇鋐凱基5A購08,,4.00
1150820,063134,聯詠凱基5C購01,5.10,5.79
1150820,063135,新日興凱基61購01,,0.61
1150820,063138,智易凱基5B購01,,0.93
1150820,063139,貿聯凱基5A購04,,0.65
1150820,063140,臻鼎凱基61購03,,7.50
1150820,063141,啟碁凱基5A購04,,2.25
1150820,063142,邁科凱基5A購01,3.22,4.62
1150820,063144,鴻勁凱基5A購01,,5.96
1150820,063145,鴻勁凱基5A購02,,4.90
1150820,063147,致新凱基5A購01,,1.65
1150820,063149,中砂兆豐5C購01,,2.42
1150820,063150,漢唐兆豐64購01,,2.74
1150820,063151,京元電兆豐64購01,0.87,0.94
1150820,063153,大立光兆豐64購01,10.30,7.92
1150820,063154,世芯兆豐5C購01,1.94,2.17
1150820,063155,貿聯兆豐64購01,1.56,1.74
1150820,063156,旭隼兆豐64購01,,3.17
1150820,063157,世紀鋼兆豐64購01,1.07,1.28
1150820,063159,聚陽永豐5B購01,0.43,0.79
1150820,063160,華泰永豐61購01,,1.78
1150820,063161,漢唐永豐5C購01,3.92,4.71
1150820,063162,美律永豐5B購01,1.01,1.11
1150820,063164,華航永豐5C購01,1.34,1.72
1150820,063165,長榮航永豐5C購01,3.58,3.90
1150820,063167,聯鈞永豐5C購01,,6.39
1150820,063169,辛耘永豐5C購01,3.97,4.29
1150820,063170,乙盛永豐5C購02,,0.78
1150820,063171,聯茂永豐5A購02,7.90,4.71
1150820,063172,聯茂永豐5B購02,,8.81
1150820,063174,世芯元富5C購01,0.81,1.02
1150820,063175,聯茂永豐61購02,12.30,9.50
1150820,063179,鴻勁永豐5B購01,,2.42
1150820,063180,鴻勁永豐5C購01,,4.36
1150820,063181,鴻勁永豐61購01,,3.52
1150820,063182,華東永豐5C購01,0.42,0.47
1150820,063183,華東永豐61購01,0.46,0.54
1150820,063186,中砂群益5A購04,,3.08
1150820,063188,鴻海群益62購04,,27.29
1150820,063190,強茂群益5B購01,1.21,1.21
1150820,063191,信邦群益5A購01,,1.31
1150820,063193,新日興群益5C購01,,0.44
1150820,063194,明泰群益5C購01,,0.35
1150820,063196,聯鈞群益5B購01,,6.75
1150820,063197,聯鈞群益5C購01,,9.19
1150820,063198,智易群益5A購01,,0.44
1150820,063199,智易群益5A購02,,2.68
1150820,063200,貿聯群益5A購03,0.51,0.76
1150820,063201,TPK群益5C購01,3.19,3.19
1150820,063204,聯茂群益5C購02,,4.88
1150820,063206,啟碁群益5C購01,0.68,0.90
1150820,063208,新代群益5A購01,4.15,4.12
1150820,063210,鴻勁群益5A購02,,4.84
1150820,063211,T50正2統一64購01,,1.21
1150820,063212,中砂統一68購01,1.19,1.24
1150820,063213,聯鈞統一68購01,2.49,2.18
1150820,063217,聯鈞統一74購01,,1.41
1150820,063218,智易統一64購01,0.34,0.41
1150820,063219,貿聯統一74購01,0.98,0.97
1150820,063220,TPK統一64購01,0.76,0.70
1150820,063221,TPK統一74購01,0.83,0.79
1150820,063222,國精化統一64購02,0.70,0.80
1150820,063223,臻鼎統一74購01,1.61,1.69
1150820,063224,聯茂統一64購05,4.26,3.27
1150820,063225,聯茂統一74購02,2.72,2.17
1150820,063226,矽格統一64購02,0.77,0.84
1150820,063227,啟碁統一67購01,0.71,0.78
1150820,063228,邁科統一68購01,,1.02
1150820,063229,邁科統一68購02,1.05,1.14
1150820,063230,鴻勁統一64購01,,2.96
1150820,063231,鴻勁統一74購01,,3.63
1150820,063232,華東統一64購02,0.33,0.35
1150820,063233,T50正2元大5C購02,,3.93
1150820,063234,S&P正2元大5B購01,,3.28
1150820,063235,元金2X元大5C購03,,0.54
1150820,063236,SGBR2X元大5A購06,,0.23
1150820,063238,南亞元大64購02,,3.38
1150820,063239,台聚元大5A購04,,0.02
1150820,063242,中砂元大5A購05,,3.35
1150820,063243,長興元大5A購02,,1.49
1150820,063244,台達電元大5A購05,1.00,1.17
1150820,063245,台達電元大61購02,1.18,1.32
1150820,063246,台達電元大64購03,0.96,1.09
1150820,063248,鴻海元大64購11,3.24,3.73
1150820,063251,智邦元大5B購04,1.72,2.12
1150820,063252,智邦元大61購03,1.75,2.21
1150820,063254,金像電元大61購03,0.84,0.80
1150820,063255,金像電元大64購02,,0.77
1150820,063257,奇鋐元大61購15,,3.25
1150820,063258,奇鋐元大64購03,1.83,1.68
1150820,063260,新日興元大5A購04,,0.28
1150820,063261,聯鈞元大5A購04,,8.51
1150820,063264,辛耘元大5A購03,2.09,2.24
1150820,063265,智易元大5A購01,,0.24
1150820,063267,世芯元大61購10,2.52,2.57
1150820,063268,世芯元大64購03,,2.43
1150820,063269,TPK元大5A購01,,3.24
1150820,063272,臻鼎元大61購06,3.15,2.92
1150820,063273,亞翔元大5A購04,,4.72
1150820,063276,鴻勁元大5A購01,,2.43
1150820,063278,鴻勁元大5A購02,,2.86
1150820,063279,至上元大61購06,2.70,2.64
1150820,063280,大立光統一5C購01,2.53,1.77
1150820,063283,世芯統一58購02,,0.06
1150820,063284,世芯統一5C購01,,0.46
1150820,063286,台泥國票5B購01,0.41,0.41
1150820,063287,台達電國票5C購02,1.11,1.26
1150820,063288,台達電國票5C購03,0.66,0.80
1150820,063289,立隆電國票5B購01,,3.68
1150820,063290,禾伸堂國票5B購01,,20.77
1150820,063291,華擎國票5B購01,,0.69
1150820,063292,貿聯國票5B購02,0.79,0.90
1150820,063293,大銀國票5C購02,1.66,1.75
1150820,063294,乙盛國票5C購01,,0.29
1150820,063295,矽格國票61購03,1.10,1.30
1150820,063296,啟碁國票5B購02,0.71,0.94
1150820,063297,達發國票5A購01,1.50,2.13
1150820,063298,惠特國票61購01,,0.55
1150820,063299,康霈國票5B購01,,0.48
1150820,063300,兆聯國票5B購01,,1.01
1150820,063301,鴻勁國票5A購02,,3.73
1150820,063302,鴻勁國票5B購01,2.34,2.52
1150820,063303,亞聚凱基5A購03,,0.05
1150820,063304,中砂凱基5A購03,,3.51
1150820,063305,長興凱基61購01,0.73,0.67
1150820,063306,光寶科凱基61購01,,5.42
1150820,063307,台達電凱基5A購06,0.31,1.07
1150820,063308,鴻海凱基5A購08,1.27,2.65
1150820,063310,智邦凱基61購03,1.32,1.73
1150820,063311,順德凱基5A購02,2.74,2.63
1150820,063312,金像電凱基64購01,,0.71
1150820,063313,仲琦凱基5A購03,,0.03
1150820,063314,奇鋐凱基5A購09,1.49,1.66
1150820,063315,禾伸堂凱基5C購01,,24.70
1150820,063316,明泰凱基5C購01,,0.20
1150820,063318,世芯凱基5A購05,3.25,3.25
1150820,063319,大銀凱基5B購01,1.72,2.17
1150820,063321,臻鼎凱基5A購04,,7.20
1150820,063322,眾達凱基5A購03,0.08,0.07
1150820,063323,亞翔凱基64購01,2.41,2.51
1150820,063324,聯茂凱基5C購02,,5.62
1150820,063325,力成凱基61購03,2.34,2.54
1150820,063326,矽格凱基5B購02,,1.42
1150820,063327,同欣電凱基61購01,2.16,2.23
1150820,063328,啟碁凱基5B購02,,1.63
1150820,063329,AES凱基64購01,0.57,0.77
1150820,063330,康霈凱基5C購01,0.46,0.48
1150820,063331,兆聯凱基5A購04,,1.08
1150820,063332,台達電兆豐5C購01,0.72,0.84
1150820,063335,啟碁兆豐5C購01,0.73,0.81
1150820,063336,元油反富邦64購01,0.36,0.43
1150820,063337,順德富邦5A購01,,1.32
1150820,063338,緯穎富邦61購02,,3.90
1150820,063339,康霈富邦62購01,0.55,0.56
1150820,063340,台灣50中信64購02,1.50,1.47
1150820,063341,T50正2中信64購05,1.28,1.43
1150820,063342,T50反1中信64購03,0.24,0.25
1150820,063343,臺指2X中信64購01,,1.38
1150820,063344,台達電中信62購01,0.40,0.46
1150820,063345,金像電中信64購01,0.46,0.45
1150820,063346,矽格中信5C購01,0.61,0.71
1150820,063347,啟碁中信62購01,0.75,0.87
1150820,063349,新纖永豐5B購01,3.00,2.88
1150820,063350,光寶科永豐5C購01,4.80,4.23
1150820,063351,台達電永豐5B購03,0.58,0.68
1150820,063352,精英永豐5A購01,0.06,0.09
1150820,063353,順德永豐5C購01,2.28,2.06
1150820,063354,所羅門永豐5B購01,1.49,1.50
1150820,063355,金像電永豐5A購01,0.30,0.37
1150820,063356,技嘉永豐61購01,4.00,4.36
1150820,063357,凌陽永豐5A購01,0.70,0.70
1150820,063358,毅嘉永豐61購01,0.57,0.71
1150820,063359,友達永豐5C購02,,4.18
1150820,063360,立隆電永豐5C購01,,4.18
1150820,063361,大立光永豐5A購02,,16.20
1150820,063362,奇鋐永豐64購02,1.82,1.85
1150820,063363,禾伸堂永豐64購01,,12.78
1150820,063364,德律永豐5C購01,,2.29
1150820,063365,明泰永豐5B購01,,0.21
1150820,063366,嘉澤永豐5C購02,0.20,0.44
1150820,063367,世芯永豐61購04,,3.96
1150820,063368,大銀永豐5B購02,2.17,2.10
1150820,063369,大銀永豐61購01,1.43,1.65
1150820,063370,國精化永豐5C購02,1.27,1.52
1150820,063371,眾達永豐5B購03,0.38,0.40
1150820,063372,乙盛永豐61購01,,0.30
1150820,063373,矽格永豐61購01,0.59,0.71
1150820,063374,同欣電永豐5C購02,1.98,2.02
1150820,063375,啟碁永豐5C購03,1.17,1.36
1150820,063376,緯穎永豐5C購03,,7.78
1150820,063377,康霈永豐5B購01,0.26,0.26
1150820,063378,康霈永豐61購01,0.44,0.44
1150820,063379,康霈永豐64購01,0.65,0.64
1150820,063380,鴻勁永豐62購01,1.75,1.93
1150820,063381,大成鋼國泰5B購01,,2.52
1150820,063382,光寶科國泰5B購01,7.90,7.66
1150820,063383,台達電國泰64購01,1.81,2.01
1150820,063384,聯發科國泰67購01,,19.80
1150820,063386,德律國泰5B購01,,1.37
1150820,063387,jpp國泰5C購01,1.58,1.45
1150820,063388,同欣電國泰61購01,1.52,1.41
1150820,063389,啟碁國泰61購01,1.85,2.15
1150820,063390,AES國泰5B購01,,1.33
1150820,063391,兆聯國泰5B購01,,1.39
1150820,063392,台灣50元大63購04,,3.73
1150820,063394,臺指反元大64購01,0.11,0.12
1150820,063395,中砂元大5A購06,3.46,3.61
1150820,063396,中砂元大5A購07,,1.02
1150820,063397,長興元大5A購03,0.55,0.70
1150820,063398,台達電元大5A購06,,0.45
1150820,063399,台達電元大5A購07,0.48,0.57
1150820,063400,台達電元大5A購08,,0.65
1150820,063401,台達電元大5A購09,,0.47
1150820,063402,台達電元大5A購10,,0.74
1150820,063403,台達電元大5A購11,0.20,0.35
1150820,063404,台達電元大5A購12,0.79,0.82
1150820,063405,台達電元大61購03,0.90,0.97
1150820,063406,台達電元大64購04,0.95,1.04
1150820,063407,智邦元大64購03,0.90,1.04
1150820,063408,金像電元大5A購07,,0.35
1150820,063410,金像電元大5A購09,,0.36
1150820,063412,威盛元大5A購01,,1.70
1150820,063413,超豐元大5A購01,,2.12
1150820,063414,超豐元大5A購02,0.41,0.60
1150820,063415,京元電元大64購01,0.36,0.48
1150820,063416,奇鋐元大61購16,,1.64
1150820,063418,文曄元大5A購01,,0.46
1150820,063419,新日興元大61購04,,0.71
1150820,063422,聯鈞元大64購03,,4.40
1150820,063424,世芯元大61購11,3.37,3.62
1150820,063425,世芯元大64購04,2.40,2.61
1150820,063427,臻鼎元大64購02,3.35,3.59
1150820,063428,眾達元大5A購01,,0.09
1150820,063429,眾達元大61購01,0.41,0.43
1150820,063430,乙盛元大5A購01,,0.18
1150820,063431,乙盛元大5B購02,,0.12
1150820,063433,亞翔元大5A購06,,5.03
1150820,063435,啟碁元大5B購03,1.34,1.55
1150820,063436,啟碁元大61購07,1.28,1.42
1150820,063437,啟碁元大64購03,,0.92
1150820,063438,保瑞元大5A購03,1.39,1.13
1150820,063439,兆聯元大61購01,,1.18
1150820,063440,鴻勁元大5A購03,,2.92
1150820,063441,鴻勁元大5A購04,2.02,2.24
1150820,063442,鴻勁元大5A購05,2.55,2.42
1150820,063443,鴻勁元大5C購01,,3.52
1150820,063444,鴻勁元大5C購02,2.60,2.93
1150820,063445,世紀鋼元大5A購01,,0.20
1150820,063446,台達電統一66購01,0.52,0.54
1150820,063447,國巨統一74購01,,2.78
1150820,063448,台積電統一68購05,,0.99
1150820,063449,順德統一64購02,1.42,1.44
1150820,063450,順德統一64購03,0.88,0.84
1150820,063451,金像電統一74購01,0.45,0.43
1150820,063452,漢唐統一74購01,0.54,0.59
1150820,063453,仲琦統一63購02,,0.12
1150820,063454,仲琦統一64購03,,0.14
1150820,063457,聯發科統一74購01,4.13,4.53
1150820,063459,禾伸堂統一74購01,,3.89
1150820,063460,明泰統一64購01,0.13,0.16
1150820,063461,聯鈞統一74購02,1.68,1.50
1150820,063463,辛耘統一74購01,0.68,0.69
1150820,063464,貿聯統一66購01,0.50,0.49
1150820,063465,眾達統一63購01,0.23,0.22
1150820,063466,眾達統一66購01,0.42,0.32
1150820,063467,眾達統一68購01,0.32,0.30
1150820,063468,帆宣統一74購01,1.28,1.30
1150820,063469,聯茂統一64購06,3.44,2.50
1150820,063470,矽格統一74購01,,0.98
1150820,063471,啟碁統一74購01,0.71,0.77
1150820,063472,邁科統一63購01,,1.44
1150820,063473,邁科統一64購01,,1.01
1150820,063474,康霈統一64購03,,0.56
1150820,063475,康霈統一74購02,0.86,0.87
1150820,063476,康霈統一74購03,0.75,0.74
1150820,063477,兆聯統一64購01,,0.67
1150820,063478,鴻勁統一63購01,2.03,2.48
1150820,063479,鴻勁統一65購01,2.03,2.21
1150820,063480,華城國泰5B購01,0.86,0.80
1150820,063481,美時國泰5B購01,0.55,0.55
1150820,063482,華擎國泰5B購01,,1.39
1150820,063484,辛耘國泰5B購01,2.20,2.48
1150820,063485,宏致國泰5B購01,,8.92
1150820,063486,中磊國泰5B購01,0.22,0.44
1150820,063487,聯茂國泰5B購02,,5.87
1150820,063488,昇陽半國泰5B購01,,1.75
1150820,063489,富鼎國泰5B購01,,3.27
1150820,063490,臺指反中信64購01,,0.23
1150820,063491,國巨中信64購01,,2.75
1150820,063492,金像電中信64購02,0.30,0.30
1150820,063493,臻鼎中信64購03,,1.72
1150820,063494,華城永豐5B購02,,0.42
1150820,063495,華城永豐5C購01,0.60,0.57
1150820,063496,金像電永豐5C購02,,0.29
1150820,063497,友達永豐5B購02,,2.41
1150820,063498,增你強永豐5B購01,,1.14
1150820,063500,聯鈞永豐61購02,,3.56
1150820,063501,嘉澤永豐5B購01,,0.17
1150820,063502,辛耘永豐5A購03,0.46,0.58
1150820,063503,台積電統一5C購01,,2.01
1150820,063504,貿聯永豐5C購03,,0.49
1150820,063505,大銀永豐61購02,0.77,0.89
1150820,063506,雙鍵永豐5B購02,1.84,2.81
1150820,063507,眾達永豐64購01,0.37,0.35
1150820,063508,華懋永豐5B購01,0.64,0.45
1150820,063509,華懋永豐5C購01,0.59,0.49
1150820,063510,亞翔永豐61購01,1.66,1.67
1150820,063511,帆宣永豐5B購01,2.70,3.07
1150820,063512,聯茂永豐64購02,,3.88
1150820,063513,聯茂永豐67購01,,3.97
1150820,063514,迅得永豐5C購01,,0.30
1150820,063515,兆聯永豐5B購02,,0.40
1150820,063516,昇陽半永豐5C購02,1.07,1.34
1150820,063517,台虹永豐61購01,4.92,3.53
1150820,063518,儒鴻兆豐64購01,1.03,1.29
1150820,063519,長興兆豐5C購01,,0.52
1150820,063520,台積電兆豐5C購01,,1.85
1150820,063521,佳能兆豐5A購01,0.26,0.32
1150820,063522,華城富邦5C購02,0.75,0.68
1150820,063523,華城富邦61購01,0.47,0.42
1150820,063524,中砂富邦5C購01,,2.30
1150820,063525,中砂富邦61購01,1.61,1.66
1150820,063526,金像電富邦64購01,0.51,0.49
1150820,063527,偉詮電富邦5C購01,0.52,0.62
1150820,063528,偉詮電富邦61購01,0.33,0.44
1150820,063530,華懋富邦5C購01,0.63,0.41
1150820,063531,矽格富邦62購02,0.75,0.86
1150820,063532,台虹富邦61購01,3.14,1.89
1150820,063533,聯茂國票5B購03,6.10,4.27
1150820,063534,滬深2X凱基61購02,0.92,1.06
1150820,063537,元油反凱基5B購01,,1.02
1150820,063538,台泥凱基5A購01,0.10,0.12
1150820,063539,華城凱基5A購04,,0.23
1150820,063541,台積電凱基63購07,,3.26
1150820,063542,順德凱基5A購03,,3.25
1150820,063543,金像電凱基5A購07,,0.20
1150820,063544,友達凱基5A購05,1.17,1.45
1150820,063545,超豐凱基5A購01,,1.03
1150820,063546,京元電凱基64購01,,0.59
1150820,063547,立隆電凱基5B購02,4.02,4.89
1150820,063548,奇鋐凱基64購01,2.80,2.73
1150820,063549,德律凱基61購01,,1.59
1150820,063550,文曄凱基5A購02,0.32,0.60
1150820,063551,新日興凱基5A購04,,0.17
1150820,063553,嘉澤凱基5A購06,,0.08
1150820,063554,貿聯凱基5B購04,0.73,0.83
1150820,063555,國精化凱基61購01,,1.90
1150820,063556,臻鼎凱基64購01,,3.69
1150820,063557,帆宣凱基5A購01,,4.89
1150820,063559,聯茂凱基5A購04,8.60,5.38
1150820,063560,矽格凱基5A購02,1.67,2.12
1150820,063561,啟碁凱基64購01,0.80,0.90
1150820,063562,保瑞凱基5A購03,1.16,0.93
1150820,063563,AES凱基61購01,0.55,0.64
1150820,063564,台虹凱基5C購03,,5.62
1150820,063565,勤誠凱基5B購03,1.27,2.09
1150820,063566,中砂統一74購01,,0.96
1150820,063567,中砂統一74購02,1.07,1.08
1150820,063569,世芯永豐5A購01,0.69,0.84
1150820,063570,長興統一63購01,,0.38
1150820,063571,長興統一74購01,,0.58
1150820,063572,智邦統一64購02,0.93,1.12
1150820,063573,順德統一63購01,1.51,1.39
1150820,063574,順德統一74購01,1.08,1.01
1150820,063575,金像電統一67購02,,0.33
1150820,063576,友達統一64購01,1.22,1.29
1150820,063577,鉅祥統一63購01,,0.90
1150820,063578,奇鋐統一63購03,0.72,0.70
1150820,063579,奇鋐統一64購01,1.42,1.37
1150820,063580,增你強統一74購01,,0.80
1150820,063581,嘉澤統一63購03,0.12,0.21
1150820,063582,嘉澤統一64購04,0.14,0.20
1150820,063583,辛耘統一64購01,0.56,0.57
1150820,063584,辛耘統一67購01,0.70,0.75
1150820,063585,辛耘統一67購02,0.67,0.72
1150820,063586,辛耘統一74購02,,0.89
1150820,063587,TPK統一63購01,1.17,1.06
1150820,063588,TPK統一74購02,1.02,0.95
1150820,063589,大銀統一63購01,1.17,1.09
1150820,063590,大銀統一64購03,0.73,0.86
1150820,063591,雙鍵統一74購02,1.23,1.49
1150820,063592,臻鼎統一64購04,,1.86
1150820,063593,臻鼎統一74購02,1.77,1.86
1150820,063594,眾達統一64購01,0.23,0.21
1150820,063595,中磊統一64購01,0.47,0.71
1150820,063596,中磊統一64購02,0.38,0.58
1150820,063597,聯茂統一74購03,,1.79
1150820,063598,聯茂統一74購04,1.91,1.54
1150820,063599,矽格統一74購02,0.65,0.68
1150820,063600,邁科統一64購02,1.40,1.34
1150820,063601,兆聯統一74購01,0.43,0.46
1150820,063602,台虹統一64購01,2.54,1.91
1150820,063603,T50正2台新5B購01,,5.59
1150820,063604,台積電台新5A購01,,3.25
1150820,063605,元石油元大5A購03,,0.62
1150820,063606,元石油元大5C購01,,0.85
1150820,063607,SGBR2X元大5B購03,,1.69
1150820,063608,台聚元大5A購05,,0.10
1150820,063609,中砂元大5C購02,,2.46
1150820,063610,台積電元大5A購16,,1.39
1150820,063611,台積電元大5B購04,,1.06
1150820,063613,台積電群益5C購02,10.30,10.30
1150820,063614,台積電元大61購25,,1.24
1150820,063615,智邦元大5A購09,1.20,1.75
1150820,063616,智邦元大5A購10,1.15,1.64
1150820,063617,智邦元大61購04,1.07,1.31
1150820,063618,金像電元大5A購10,,0.27
1150820,063619,金像電元大5B購03,,0.42
1150820,063620,金像電元大61購05,,0.35
1150820,063621,菱生元大5C購03,1.62,2.04
1150820,063623,立隆電元大5A購01,,1.95
1150820,063624,立隆電元大5A購02,,6.64
1150820,063625,強茂元大5A購02,0.86,0.93
1150820,063626,強茂元大5A購03,1.80,1.80
1150820,063627,強茂元大5A購04,1.70,1.76
1150820,063629,新日興元大5A購05,,0.11
1150820,063630,聯鈞元大61購05,,6.98
1150820,063631,世芯元大5A購04,2.30,2.75
1150820,063632,世芯元大5B購06,3.39,3.73
1150820,063633,世芯元大61購12,3.75,3.44
1150820,063636,達興元大5A購04,,0.21
1150820,063637,聯茂元大5A購03,,3.70
1150820,063638,聯茂元大5A購04,,5.20
1150820,063639,聯茂元大5A購05,,4.15
1150820,063640,聯茂元大5A購06,,5.25
1150820,063641,聯茂元大5A購07,,3.82
1150820,063642,聯茂元大61購02,3.20,2.27
1150820,063643,聯茂元大63購03,,2.00
1150820,063644,力成元大61購03,,2.50
1150820,063645,矽格元大5A購06,1.20,1.51
1150820,063646,矽格元大5A購07,,1.66
1150820,063647,矽格元大5A購08,0.90,0.64
1150820,063648,啟碁元大5B購04,,1.32
1150820,063649,啟碁元大61購08,1.19,1.40
1150820,063650,啟碁元大63購04,,0.86
1150820,063651,兆聯元大5A購02,,0.76
1150820,063652,兆聯元大5C購01,,0.56
1150820,063653,長興永豐61購01,,0.45
1150820,063654,台積電永豐5C購17,,1.72
1150820,063655,台積電永豐5C購18,,1.68
1150820,063656,智邦永豐5B購03,,1.02
1150820,063657,敬鵬永豐5B購01,0.09,0.12
1150820,063658,金像電永豐5B購02,0.44,0.42
1150820,063660,毅嘉永豐64購01,,0.96
1150820,063661,聯發科永豐66購01,,16.17
1150820,063662,奇鋐永豐5B購08,,1.61
1150820,063663,德律永豐5C購02,,0.66
1150820,063664,昇貿永豐5C購01,,0.59
1150820,063665,聯鈞永豐61購03,3.44,2.90
1150820,063667,牧德永豐61購01,,0.39
1150820,063668,辛耘永豐5C購02,0.76,0.81
1150820,063669,貿聯永豐5C購04,0.86,0.95
1150820,063670,南寶永豐5C購01,0.66,0.68
1150820,063671,眾達永豐5B購04,,0.12
1150820,063672,中磊永豐5C購01,,0.76
1150820,063674,矽格永豐5C購01,1.04,1.31
1150820,063675,長華永豐5B購01,0.93,0.99
1150820,063676,華城兆豐5C購01,0.51,0.44
1150820,063678,鉅祥兆豐5C購01,,1.33
1150820,063679,德律兆豐5C購02,0.34,0.47
1150820,063680,健鼎兆豐5C購01,1.48,1.17
1150820,063681,京鼎兆豐5C購01,0.59,0.71
1150820,063682,貿聯兆豐64購02,1.11,1.17
1150820,063683,三芳國票5A購01,0.38,0.52
1150820,063684,長興國票5A購03,,0.19
1150820,063685,辛耘國票5A購03,0.27,0.38
1150820,063686,辛耘國票5B購01,0.68,0.80
1150820,063689,南寶國票5A購01,,0.17
1150820,063692,辛耘國泰61購01,1.47,1.52
1150820,063693,辛耘國泰61購02,0.99,1.06
1150820,063694,貿聯國泰5B購01,0.86,0.97
1150820,063695,貿聯國泰5B購02,,0.88
1150820,063696,TPK國泰5B購01,,2.18
1150820,063698,騰輝電國泰5B購01,,4.54
1150820,063699,智邦中信64購01,,1.08
1150820,063701,亞翔中信64購01,,0.73
1150820,063702,元石油凱基5A購03,,0.86
1150820,063703,FBNQ2X凱基5A購01,2.64,2.93
1150820,063704,元日2X凱基61購01,,0.43
1150820,063707,東鋼凱基5B購01,1.38,1.54
1150820,063711,中橡凱基5B購01,,0.31
1150820,063712,長榮統一5C購01,0.27,0.17
1150820,063714,光寶科凱基5A購07,,7.00
1150820,063715,鴻海凱基5A購09,3.69,4.20
1150820,063718,智邦凱基5A購08,,0.96
1150820,063719,毅嘉凱基5B購01,0.15,0.25
1150820,063720,建準凱基5A購02,,0.84
1150820,063724,禾伸堂凱基5A購02,,38.90
1150820,063725,德律凱基5A購03,0.14,0.27
1150820,063726,晶技凱基5B購01,,4.38
1150820,063727,緯創凱基61購03,4.09,4.68
1150820,063728,辛耘凱基5B購02,,0.61
1150820,063729,辛耘凱基5C購03,,1.01
1150820,063730,世芯凱基64購01,,3.34
1150820,063731,雙鍵凱基5B購02,2.48,3.66
1150820,063732,jpp凱基5A購03,,0.24
1150820,063733,亞翔凱基61購01,2.20,2.67
1150820,063734,精成科凱基5A購02,,0.08
1150820,063735,虎航凱基5A購01,1.66,1.61
1150820,063736,兆聯凱基5C購01,,0.91
1150820,063737,新代凱基5A購02,4.48,4.59
1150820,063739,台聚元大61購01,0.52,0.54
1150820,063740,華城元大63購01,1.19,1.07
1150820,063741,長興元大63購02,1.30,1.33
1150820,063742,台積電元大61購26,,1.46
1150820,063743,敬鵬元大5A購04,0.02,0.03
1150820,063745,超豐元大5A購03,1.27,1.96
1150820,063746,京元電元大5A購05,0.67,0.84
1150820,063747,京元電元大5B購01,,0.52
1150820,063749,強茂元大5A購06,0.95,0.95
1150820,063750,禾伸堂元大5A購05,,14.40
1150820,063751,晶技元大5A購02,,2.66
1150820,063752,聯鈞元大5A購08,,4.00
1150820,063753,聯鈞元大5A購09,,3.16
1150820,063755,牧德元大61購01,,0.29
1150820,063756,辛耘元大5A購04,,2.19
1150820,063757,辛耘元大5A購05,1.40,1.57
1150820,063758,辛耘元大5A購06,1.51,1.70
1150820,063760,元日2X元富5C購01,,0.10
1150820,063761,辛耘元大5A購07,1.13,1.33
1150820,063764,辛耘元大5A購10,,0.50
1150820,063765,辛耘元大5B購03,0.38,0.49
1150820,063766,辛耘元大5C購04,,0.71
1150820,063767,定穎控元大61購08,,0.10
1150820,063768,大銀元大61購01,2.26,2.58
1150820,063769,國精化元大5A購04,,1.85
1150820,063771,雙鍵元大5A購02,1.60,2.31
1150820,063772,臻鼎元大5A購03,,5.10
1150820,063776,臻鼎元大5A購07,2.05,2.50
1150820,063777,眾達元大5A購02,,1.75
1150820,063778,亞翔元大5A購07,,1.62
1150820,063779,亞翔元大5B購03,2.08,2.49
1150820,063780,亞翔元大63購01,,1.44
1150820,063781,啟碁元大61購09,,0.81
1150820,063782,迅得元大5A購02,0.01,0.10
1150820,063783,兆聯元大5C購02,,1.71
1150820,063785,昇陽半元大5A購06,,1.96
1150820,063786,昇陽半元大61購02,1.50,1.78
1150820,063787,中砂統一64購03,1.14,1.18
1150820,063788,東聯統一64購01,,0.47
1150820,063789,長興統一74購02,0.49,0.51
1150820,063790,楠梓電統一74購01,0.82,0.87
1150820,063791,智邦統一74購01,0.88,1.00
1150820,063793,金像電統一63購02,0.36,0.36
1150820,063794,金像電統一64購02,0.27,0.26
1150820,063795,友達統一63購01,1.28,1.37
1150820,063796,立隆電統一64購01,1.28,1.47
1150820,063797,立隆電統一74購01,1.43,1.58
1150820,063798,鉅祥統一63購02,0.70,0.81
1150820,063799,禾伸堂統一64購03,,6.72
1150820,063800,增你強統一74購02,,1.00
1150820,063802,牧德統一63購02,0.21,0.21
1150820,063803,牧德統一64購01,,0.23
1150820,063804,牧德統一74購01,,0.32
1150820,063805,辛耘統一74購03,,0.50
1150820,063806,辛耘統一74購04,,0.64
1150820,063807,世芯統一64購02,,1.10
1150820,063808,世芯統一64購03,1.07,1.13
1150820,063809,世芯統一74購01,1.78,1.85
1150820,063810,貿聯統一64購03,0.70,0.71
1150820,063811,貿聯統一68購01,,0.57
1150820,063812,TPK統一64購02,0.82,0.75
1150820,063813,定穎控統一63購03,,0.14
1150820,063814,定穎控統一64購02,,0.11
1150820,063815,定穎控統一74購01,,0.26
1150820,063816,大銀統一74購01,,1.08
1150820,063817,雙鍵統一74購03,0.77,0.94
1150820,063819,眾達統一74購01,,0.39
1150820,063820,中磊統一64購03,0.45,0.67
1150820,063821,中磊統一64購04,,0.60
1150820,063822,中磊統一64購05,0.30,0.36
1150820,063823,亞翔統一63購01,0.75,0.85
1150820,063824,帆宣統一64購01,1.53,1.62
1150820,063825,群電統一64購01,,0.48
1150820,063826,邁科統一74購01,1.23,1.35
1150820,063827,台虹統一74購02,1.42,1.15
1150820,063828,台虹統一74購03,1.95,1.57
1150820,063829,台灣50富邦74購01,,2.70
1150820,063830,上銀富邦5C購01,,2.17
1150820,063831,台積電富邦5C購08,1.19,1.34
1150820,063833,友達富邦5A購01,,1.75
1150820,063834,台新金富邦5C購01,3.53,3.73
1150820,063835,奇鋐富邦61購01,1.12,1.11
1150820,063836,緯創富邦64購01,,3.98
1150820,063837,緯創富邦64購02,,2.60
1150820,063839,辛耘富邦5A購01,0.77,0.92
1150820,063842,世芯富邦5C購05,,2.01
1150820,063843,貿聯富邦64購01,,0.81
1150820,063844,日月光富邦62購01,2.15,2.15
1150820,063845,定穎控富邦61購01,,0.10
1150820,063846,亞翔富邦62購01,,1.24
1150820,063848,臺股指富邦74購01,,2.25
1150820,063849,滬深2X群益63購01,,0.94
1150820,063850,華城群益5B購02,,0.46
1150820,063851,華新群益5A購01,0.93,1.14
1150820,063852,長興群益5A購01,,0.15
1150820,063853,台積電群益5A購09,,4.46
1150820,063854,台積電群益5A購10,2.81,3.70
1150820,063855,智邦群益5A購06,0.45,1.02
1150820,063856,智邦群益5C購01,1.19,1.54
1150820,063857,順德群益5A購03,,1.53
1150820,063858,宏碁群益5A購01,,1.32
1150820,063859,金像電群益5B購01,,0.42
1150820,063861,漢唐群益5A購07,,3.75
1150820,063862,京元電群益5A購02,,0.52
1150820,063863,鉅祥群益5A購01,,0.91
1150820,063865,奇鋐群益5A購08,0.86,0.91
1150820,063866,禾伸堂群益5A購01,37.40,41.82
1150820,063867,德律群益5A購03,,0.24
1150820,063868,牧德群益5A購01,,0.07
1150820,063869,辛耘群益5A購04,0.49,0.61
1150820,063870,辛耘群益5A購05,,0.61
1150820,063871,辛耘群益5B購03,0.97,1.15
1150820,063872,辛耘群益5C購02,1.27,1.44
1150820,063873,貿聯群益5A購04,,0.48
1150820,063874,神達群益5B購01,0.61,0.70
1150820,063875,日月光群益62購01,,3.86
1150820,063877,jpp群益5A購02,,0.45
1150820,063878,瀚宇博群益5A購01,,0.12
1150820,063879,亞翔群益5A購03,,1.50
1150820,063880,帆宣群益63購01,,2.37
1150820,063882,矽格群益62購01,0.76,0.86
1150820,063883,啟碁群益5C購02,0.93,1.30
1150820,063884,保瑞群益5A購02,0.76,0.72
1150820,063885,洋基群益5A購01,1.33,1.59
1150820,063886,AES群益5A購02,,0.48
1150820,063887,兆聯群益5A購01,,0.14
1150820,063888,台虹群益5B購03,,4.73
1150820,063889,勤誠群益5A購03,0.67,1.28
1150820,063890,台塑永豐5C購01,,1.22
1150820,063891,南亞永豐5C購02,,5.35
1150820,063892,台化永豐5C購02,,1.51
1150820,063894,美時永豐61購03,0.58,0.53
1150820,063897,智邦永豐5B購04,,1.21
1150820,063898,京元電永豐5C購01,0.45,0.57
1150820,063900,立隆電永豐5B購03,,1.81
1150820,063901,禾伸堂永豐5A購01,,11.28
1150820,063902,禾伸堂永豐5C購01,,11.02
1150820,063903,晶技永豐61購01,2.04,1.92
1150820,063904,日月光永豐61購01,,2.45
1150820,063905,大銀永豐61購03,,0.89
1150820,063906,臻鼎永豐5C購02,3.56,4.11
1150820,063907,啟碁永豐5B購02,,0.42
1150820,063908,AES永豐5B購01,0.71,0.89
1150820,063909,采鈺永豐5A購02,0.85,1.06
1150820,063910,邁科永豐5C購01,,2.61
1150820,063911,雲豹永豐5A購01,0.09,0.13
1150820,063912,雲豹永豐5C購01,0.16,0.20
1150820,063913,天虹永豐5C購01,0.36,0.46
1150820,063914,智邦兆豐5C購01,,1.44
1150820,063915,金像電兆豐64購01,1.04,0.89
1150820,063916,友達兆豐5C購01,2.08,2.08
1150820,063917,奇鋐兆豐5C購01,1.43,1.41
1150820,063918,定穎控兆豐5C購01,,0.06
1150820,063919,定穎控兆豐64購01,,0.15
1150820,063921,儒鴻國票5A購01,0.54,0.95
1150820,063922,瑞昱國票5A購02,1.66,2.74
1150820,063924,禾伸堂國票5B購02,13.80,13.80
1150820,063925,禾伸堂國票5B購03,,9.68
1150820,063926,騰輝電國票5A購02,4.24,3.21
1150820,063927,惠特國票5B購01,0.14,0.16
1150820,063928,AES國票5A購02,,1.15
1150820,063929,天虹國票5A購01,,0.19
1150820,063930,新代國票5A購02,2.90,2.90
1150820,063931,達運光國票5A購01,,0.05
1150820,063932,美時中信5C購01,,0.17
1150820,063933,國巨中信64購02,,1.76
1150820,063934,京元電中信62購01,0.22,0.27
1150820,063935,聯發科中信64購01,13.70,13.78
1150820,063938,力成中信62購01,,0.86
1150820,063939,華城凱基5B購01,,0.50
1150820,063940,長興凱基5A購02,,0.14
1150820,063941,鴻海凱基67購01,3.63,4.42
1150820,063943,台積電凱基67購12,,4.39
1150820,063944,宏碁凱基5A購01,0.60,0.66
1150820,063945,金像電凱基5B購03,0.24,0.32
1150820,063947,毅嘉凱基5A購02,,0.06
1150820,063948,聯發科凱基5A購11,,27.80
1150820,063952,聯鈞凱基61購01,,2.29
1150820,063953,牧德凱基61購01,,0.24
1150820,063955,大銀凱基5A購03,,0.66
1150820,063956,眾達凱基5B購01,,0.17
1150820,063957,瀚宇博凱基5A購02,,0.08
1150820,063958,亞翔凱基5B購04,,2.43
1150820,063960,洋基凱基5A購02,1.78,2.16
1150820,063961,AES凱基5B購03,0.59,0.76
1150820,063962,天虹凱基5A購03,,0.12
1150820,063964,兆聯凱基5C購02,1.15,1.47
1150820,063966,長興元大5A購04,,0.48
1150820,063967,長興元大5A購05,,0.34
1150820,063968,長興元大5C購01,0.23,0.26
1150820,063969,台積電元大5A購17,,0.83
1150820,063970,友達元大5A購10,2.18,2.33
1150820,063971,友達元大61購09,1.57,1.73
1150820,063972,鉅祥元大5A購01,0.88,0.90
1150820,063973,禾伸堂元大5A購06,10.10,8.28
1150820,063974,禾伸堂元大5A購07,,13.22
1150820,063976,禾伸堂元大5A購09,,11.74
1150820,063977,禾伸堂元大5A購10,,9.28
1150820,063978,德律元大5B購04,,1.44
1150820,063980,晶技元大5A購03,,1.72
1150820,063981,聯鈞元大5A購10,,5.47
1150820,063982,聯鈞元大5A購11,,5.21
1150820,063985,聯鈞元大5A購15,2.76,2.39
1150820,063986,聯鈞元大5A購16,2.38,2.11
1150820,063987,聯鈞元大5A購17,,1.56
1150820,063988,聯鈞元大5C購01,6.00,4.33
1150820,063989,達邁元大5A購01,0.03,0.03
1150820,063990,定穎控元大61購09,0.14,0.09
1150820,063991,臻鼎元大5A購08,,2.66
1150820,063992,臻鼎元大5A購09,,2.56
1150820,063994,啟碁元大61購10,,0.50
1150820,063995,天虹元大5A購02,,0.43
1150820,063997,天虹元大5A購04,,0.84
1150820,063998,天虹元大5A購05,,0.09
1150820,063999,台泥統一64購01,,0.46
1150820,064000,長興統一64購01,0.32,0.29
1150820,064001,長興統一64購02,0.28,0.31
1150820,064003,楠梓電統一64購01,1.05,1.15
1150820,064004,國巨統一64購01,2.05,2.73
1150820,064005,智邦統一64購03,,0.90
1150820,064006,智邦統一74購02,0.76,0.88
1150820,064007,技嘉統一64購01,1.17,1.27
1150820,064008,技嘉統一64購02,,1.14
1150820,064009,立隆電統一64購02,1.05,1.23
1150820,064010,立隆電統一74購02,,1.00
1150820,064011,禾伸堂統一64購04,,4.62
1150820,064012,禾伸堂統一67購01,4.47,3.94
1150820,064013,禾伸堂統一74購02,3.38,2.80
1150820,064015,德律統一63購03,0.39,0.47
1150820,064016,德律統一64購02,,0.44
1150820,064017,晶技統一64購01,1.61,1.35
1150820,064018,聯鈞統一67購02,2.00,1.56
1150820,064019,聯鈞統一74購03,,1.74
1150820,064020,台勝科統一63購01,,2.40
1150820,064021,台勝科統一66購02,3.00,2.50
1150820,064022,台勝科統一74購01,1.56,1.50
1150820,064023,牧德統一64購02,0.21,0.23
1150820,064024,牧德統一64購03,,0.23
1150820,064025,牧德統一74購02,,0.39
1150820,064026,定穎控統一64購03,,0.15
1150820,064027,大銀統一63購02,0.70,0.79
1150820,064028,大銀統一66購01,0.64,0.69
1150820,064029,大銀統一74購02,0.75,0.81
1150820,064030,南寶統一63購01,,0.35
1150820,064031,南寶統一64購02,0.44,0.43
1150820,064032,眾達統一64購02,0.31,0.31
1150820,064033,眾達統一74購02,0.39,0.36
1150820,064034,中磊統一64購06,,0.55
1150820,064035,帆宣統一74購02,1.25,1.33
1150820,064036,台表科統一64購01,0.92,0.82
1150820,064037,啟碁統一66購02,,0.55
1150820,064038,啟碁統一66購03,,0.44
1150820,064039,啟碁統一74購02,0.65,0.72
1150820,064041,洋基統一64購02,0.59,0.64
1150820,064042,新代統一62購01,1.35,1.33
1150820,064043,新代統一66購01,,1.21
1150820,064044,矽創統一64購01,,1.44
1150820,064045,元石油群益5A購01,,0.23
1150820,064047,長興群益5B購01,,0.56
1150820,064048,光寶科群益5A購04,,6.30
1150820,064049,鴻海群益5A購10,1.97,3.20
1150820,064050,台積電群益62購02,2.95,2.92
1150820,064051,智邦群益5A購07,,2.43
1150820,064052,聯發科群益5A購07,,36.10
1150820,064053,強茂群益5A購01,,1.74
1150820,064054,德律群益5A購04,,0.41
1150820,064056,緯創群益5A購05,,3.78
1150820,064057,聯鈞群益5A購02,,4.16
1150820,064058,聯鈞群益5A購03,,4.59
1150820,064060,台勝科群益5A購02,,3.31
1150820,064061,世芯群益5A購03,,1.44
1150820,064062,臻鼎群益5A購03,3.93,3.93
1150820,064064,眾達群益61購01,0.40,0.32
1150820,064065,亞翔群益5A購04,,2.01
1150820,064066,精成科群益63購01,,0.38
1150820,064069,臺股指群益69購01,13.20,14.11
1150820,064070,華新富邦5C購02,0.75,0.80
1150820,064071,長興富邦64購01,,0.35
1150820,064072,光寶科富邦74購02,2.41,2.39
1150820,064076,智邦富邦5C購03,0.70,0.88
1150820,064077,智邦富邦61購01,0.71,0.92
1150820,064078,菱生富邦61購01,,0.50
1150820,064079,技嘉富邦5A購01,1.73,2.49
1150820,064080,毅嘉富邦61購02,,0.20
1150820,064081,漢唐富邦5C購03,1.65,1.95
1150820,064082,京元電富邦5C購03,0.26,0.37
1150820,064083,長榮富邦61購01,3.22,2.59
1150820,064084,永豐金富邦5C購01,,1.68
1150820,064085,奇鋐富邦61購02,1.26,1.21
1150820,064086,德律富邦62購01,0.68,0.77
1150820,064087,日電貿富邦5A購01,,2.10
1150820,064088,台勝科富邦61購01,,2.93
1150820,064089,嘉澤富邦61購01,,0.15
1150820,064090,世芯富邦5C購06,1.12,1.11
1150820,064091,定穎控富邦61購02,,0.10
1150820,064093,大銀富邦61購01,0.60,0.70
1150820,064098,同欣電富邦5C購03,0.79,0.79
1150820,064099,啟碁富邦5C購02,0.62,0.69
1150820,064100,啟碁富邦61購01,0.54,0.63
1150820,064101,啟碁富邦61購02,0.57,0.65
1150820,064102,富鼎富邦61購01,,2.68
1150820,064103,和桐國泰5B購01,4.16,3.71
1150820,064104,長興國泰5B購01,,0.59
1150820,064105,友達國泰5B購01,,2.38
1150820,064107,世芯國泰62購01,2.49,2.86
1150820,064109,天虹國泰5B購01,,0.74
1150820,064110,華泰國泰5B購01,0.20,0.26
1150820,064111,毅嘉國泰5B購01,,0.56
1150820,064112,友達國泰5B購02,,3.75
1150820,064114,大立光國泰5B購03,,5.90
1150820,064115,新唐國泰5C購01,1.67,2.00
1150820,064116,AES國泰5B購02,,1.54
1150820,064117,T50正2永豐5B購02,,3.07
1150820,064118,上銀永豐5C購01,,2.14
1150820,064119,國巨永豐5A購02,3.52,4.11
1150820,064120,台積電永豐74購01,,2.68
1150820,064121,友達永豐61購02,,2.54
1150820,064122,友達永豐64購01,2.48,2.58
1150820,064124,盟立永豐5C購01,,9.42
1150820,064126,大立光永豐5C購02,,8.95
1150820,064127,大立光永豐64購01,,7.44
1150820,064128,奇鋐永豐64購03,1.77,1.80
1150820,064129,玉晶光永豐5A購01,,1.35
1150820,064130,國精化永豐5A購01,0.58,0.79
1150820,064131,臻鼎永豐5A購02,,4.20
1150820,064132,康舒永豐61購01,0.51,0.51
1150820,064133,啟碁永豐61購01,,1.49
1150820,064134,采鈺永豐5C購01,,1.18
1150820,064135,聯鈞兆豐5C購01,,2.65
1150820,064136,牧德兆豐5C購01,,0.27
1150820,064137,日月光兆豐5C購01,,2.05
1150820,064138,統一富邦61購01,0.74,0.61
1150820,064139,日月光富邦5A購02,,1.92
1150820,064140,日月光富邦64購01,,1.94
1150820,064141,日月光富邦6A購01,,1.92
1150820,064142,台塑統一64購02,0.95,0.95
1150820,064143,南亞統一64購01,2.60,2.60
1150820,064144,南亞統一74購01,2.77,2.43
1150820,064145,台化統一64購01,0.66,0.67
1150820,064146,台化統一74購01,0.78,0.82
1150820,064147,國巨統一64購02,2.16,2.43
1150820,064148,國巨統一74購02,1.88,2.07
1150820,064149,技嘉統一74購01,1.16,1.27
1150820,064150,友達統一74購01,0.90,0.91
1150820,064152,華新科統一63購01,,3.96
1150820,064153,大立光統一64購01,3.01,2.41
1150820,064154,大立光統一74購01,3.00,2.41
1150820,064155,德律統一74購01,,0.65
1150820,064156,晶技統一64購02,0.82,0.74
1150820,064157,晶技統一74購01,0.91,0.86
1150820,064158,晶技統一74購02,1.16,1.09
1150820,064159,玉晶光統一64購01,0.85,0.76
1150820,064160,玉晶光統一64購02,0.83,0.67
1150820,064161,玉晶光統一74購01,,0.69
1150820,064162,聯鈞統一64購01,1.66,1.42
1150820,064163,台勝科統一64購01,1.82,1.78
1150820,064164,TPK統一74購03,0.72,0.67
1150820,064165,日月光統一62購04,1.35,1.57
1150820,064166,日月光統一64購02,,1.25
1150820,064167,啟碁統一64購01,,0.55
1150820,064168,台塑化統一64購01,1.20,1.12
1150820,064169,昇陽半統一67購01,,1.05
1150820,064170,上銀國票5B購01,1.66,1.80
1150820,064171,金像電國票5B購02,0.20,0.22
1150820,064172,友達國票5A購02,1.21,1.35
1150820,064177,晶技國票5B購02,1.37,1.39
1150820,064179,新日興國票5A購02,,0.63
1150820,064182,玉晶光國票5A購02,2.59,2.65
1150820,064183,台勝科國票5B購02,,3.62
1150820,064184,大銀國票5B購01,0.82,1.11
1150820,064185,大銀國票5B購02,0.65,0.81
1150820,064186,祥碩國票5A購01,,1.34
1150820,064187,采鈺國票5A購02,0.43,0.64
1150820,064188,采鈺國票5B購01,,0.84
1150820,064189,天虹國票5B購01,,0.29
1150820,064191,T50正2台新64購01,,3.18
1150820,064192,鴻海台新5A購01,,4.88
1150820,064194,鴻海台新64購01,4.31,5.06
1150820,064196,國巨台新5A購02,,10.40
1150820,064197,英業達台新5A購01,6.55,7.53
1150820,064199,揚博台新5A購01,2.03,2.03
1150820,064200,德律台新5A購01,0.44,0.69
1150820,064201,德律台新5A購02,,0.58
1150820,064202,建漢台新5A購01,,0.10
1150820,064204,玉晶光台新5A購01,,2.75
1150820,064205,臻鼎台新64購01,7.20,7.85
1150820,064206,力成台新64購01,5.80,4.86
1150820,064207,啟碁台新5A購01,,1.12
1150820,064208,兆聯台新5A購01,,1.23
1150820,064209,新代台新5A購01,,6.63
1150820,06420U,緯創群益5A售01,,0.11
1150820,064210,台化群益5C購01,1.10,1.23
1150820,064211,上銀群益5C購01,2.19,2.37
1150820,064212,台積電群益5A購11,0.75,1.17
1150820,064213,金像電群益5A購04,0.24,0.22
1150820,064214,金像電群益5A購05,,0.12
1150820,064215,友達群益5A購03,1.87,2.00
1150820,064216,友達群益5A購04,1.51,1.73
1150820,064218,大立光群益5A購02,,10.80
1150820,064219,大立光群益5C購01,15.20,9.59
1150820,06421U,力成群益5A售01,,0.01
1150820,064220,晶技群益5B購02,2.48,2.31
1150820,064221,晶技群益5C購01,2.41,2.27
1150820,064223,日月光群益5C購01,2.64,3.19
1150820,064224,眾達群益5C購01,0.49,0.45
1150820,064225,亞翔群益5A購05,,1.79
1150820,064227,采鈺群益5C購01,0.70,0.82
1150820,064228,天虹群益5A購02,,0.15
1150820,064230,新代群益5A購02,,2.76
1150820,064233,臺股指群益5C購04,,2.81
1150820,064234,台灣50元大5A購08,,2.29
1150820,064235,台灣50元大5B購04,,3.71
1150820,064236,T50正2元大5B購07,,2.27
1150820,064237,華城元大63購02,1.04,0.92
1150820,064238,美時元大5A購03,0.38,0.38
1150820,064239,美時元大61購04,0.33,0.31
1150820,064240,金像電元大5A購11,,0.14
1150820,064241,金像電元大5A購12,0.36,0.32
1150820,064242,金像電元大5A購13,,0.11
1150820,064243,金像電元大5A購14,,0.26
1150820,064244,金像電元大5B購05,,0.14
1150820,064245,金像電元大61購06,0.25,0.49
1150820,064246,威盛元大61購01,,2.32
1150820,064247,大立光元大5A購03,,9.96
1150820,064249,大立光元大61購14,,7.87
1150820,064250,奇鋐元大5C購07,1.76,1.84
1150820,064251,晶技元大5A購04,,1.11
1150820,064252,晶技元大5A購05,,1.13
1150820,064253,晶技元大5A購06,,1.64
1150820,064254,晶技元大5A購07,1.71,1.67
1150820,064255,玉晶光元大5A購01,1.15,1.14
1150820,064256,玉晶光元大5A購02,,1.75
1150820,064257,玉晶光元大5A購03,,2.17
1150820,064258,聯鈞元大5A購18,,3.52
1150820,064259,台勝科元大5A購02,,4.13
1150820,064262,台勝科元大5A購05,,4.95
1150820,064263,定穎控元大61購10,,0.18
1150820,064264,大銀元大5A購04,,2.03
1150820,064265,大銀元大5A購05,,0.83
1150820,064266,大銀元大5A購06,,2.21
1150820,064267,大銀元大5B購01,,0.69
1150820,064268,大銀元大5C購01,0.67,0.61
1150820,064269,大銀元大63購01,,0.73
1150820,064270,臻鼎元大5A購11,4.99,4.99
1150820,064271,臻鼎元大5A購12,,3.00
1150820,064273,啟碁元大5A購04,,1.34
1150820,064274,達發元大5A購01,0.85,1.08
1150820,064275,臺股指元大64購14,,4.22
1150820,064277,A50正2凱基5C購01,1.09,1.36
1150820,064279,SGBR2X凱基5B購03,1.15,0.94
1150820,064280,SGBR2X凱基5B購04,1.12,1.01
1150820,064281,上銀凱基5A購02,2.53,2.16
1150820,064282,鴻海凱基5B購04,1.37,2.16
1150820,064284,台積電凱基67購13,,2.23
1150820,064285,智邦凱基64購01,,2.05
1150820,064286,金像電凱基5B購04,0.21,0.26
1150820,064287,聯發科凱基5A購12,18.70,18.70
1150820,064288,立隆電凱基5A購01,0.93,1.38
1150820,064289,鉅祥凱基5A購02,,0.58
1150820,064290,華新科凱基5A購01,,7.88
1150820,064291,揚博凱基5A購01,,3.79
1150820,064292,大立光凱基5A購05,25.10,14.77
1150820,064293,奇鋐凱基5A購11,,1.12
1150820,064294,德律凱基5B購02,0.55,0.79
1150820,064295,晶技凱基5A購02,1.75,1.66
1150820,064297,聯鈞凱基5A購07,6.15,4.99
1150820,064298,台勝科凱基5A購02,33.00,30.11
1150820,064299,世芯凱基5A購07,1.22,1.75
1150820,064300,定穎控凱基61購07,,0.16
1150820,064303,眾達凱基5A購04,0.25,0.25
1150820,064305,精成科凱基63購01,,0.34
1150820,064306,台表科凱基5A購01,1.71,1.37
1150820,064307,啟碁凱基5A購05,,0.87
1150820,064308,新代凱基5A購03,,5.61
1150820,064309,美時兆豐5C購01,,0.29
1150820,064310,友達兆豐5C購02,1.73,1.92
1150820,064312,金像電富邦61購01,0.24,0.23
1150820,064313,大立光富邦61購01,,3.97
1150820,064314,大聯大富邦5C購01,0.56,1.09
1150820,064315,台灣50凱基5A購10,,2.60
1150820,064316,台灣50凱基5B購06,2.35,2.27
1150820,064317,南亞凱基61購03,,3.61
1150820,064318,士電凱基5A購02,0.30,0.35
1150820,064319,華城凱基5A購05,,0.09
1150820,064320,中砂凱基5C購01,,3.15
1150820,064321,亞德客凱基5A購02,1.09,1.49
1150820,064322,美時凱基61購02,,0.56
1150820,064323,鴻海凱基5A購10,,3.93
1150820,064324,台積電凱基65購06,,1.71
1150820,064325,智邦凱基5B購03,0.97,1.54
1150820,064326,金像電凱基5A購08,,0.12
1150820,064327,威盛凱基61購01,2.04,2.36
1150820,064328,友達凱基5A購06,1.67,1.90
1150820,064329,京元電凱基5B購01,,0.55
1150820,064330,聯發科凱基5A購13,,19.60
1150820,064331,盟立凱基5A購02,,17.95
1150820,064333,健鼎凱基5B購01,2.55,1.95
1150820,064334,玉晶光凱基5A購01,2.25,1.60
1150820,064335,融程電凱基5A購01,,1.48
1150820,064336,華擎凱基5B購01,0.73,0.87
1150820,064337,大聯大凱基5A購03,,1.10
1150820,064339,jpp凱基5B購01,,1.00
1150820,064340,亞翔凱基63購01,1.96,2.34
1150820,064341,台虹凱基5B購01,,4.91
1150820,064342,上銀永豐5C購02,1.65,1.48
1150820,064343,台積電永豐64購03,,1.46
1150820,064344,金像電永豐5B購03,,0.46
1150820,064345,盟立永豐5B購01,,9.35
1150820,064346,華新科永豐5C購01,,3.17
1150820,064347,大立光永豐66購01,,5.42
1150820,064348,日月光永豐61購02,1.38,1.63
1150820,064349,精銳永豐5B購02,,0.03
1150820,064350,材料永豐5C購01,,1.12
1150820,064351,祥碩永豐61購01,,1.57
1150820,064352,台達化國票5B購01,,0.04
1150820,064353,直得國票5B購02,0.68,0.84
1150820,064354,智邦國票5B購01,,0.84
1150820,064355,凱美國票5A購01,,2.68
1150820,064356,研華國票5A購02,,9.84
1150820,064357,毅嘉國票5A購04,,0.23
1150820,064358,友達國票5A購03,,2.30
1150820,064359,友達國票5B購01,1.95,2.13
1150820,064360,京元電國票5A購01,,0.44
1150820,064361,立隆電國票5B購02,,1.49
1150820,064362,立隆電國票5B購03,1.11,1.44
1150820,064364,日電貿國票5B購01,,2.38
1150820,064365,玉晶光國票5B購01,,2.95
1150820,064366,達邁國票5B購01,,0.14
1150820,064367,世芯國票5A購03,1.54,1.76
1150820,064368,貿聯國票5B購03,0.38,0.42
1150820,064369,TPK國票5B購02,0.33,0.30
1150820,064370,TPK國票5B購03,0.36,0.33
1150820,064371,TPK國票5B購04,0.36,0.33
1150820,064372,日月光國票5B購02,,2.55
1150820,064375,台塑化國票5A購02,,2.81
1150820,064376,志超國票5B購01,,0.27
1150820,064377,台灣50台新5A購01,,6.40
1150820,064378,台灣50台新5A購02,2.64,3.96
1150820,064379,台化台新5A購01,,1.66
1150820,064380,東元台新64購01,2.64,2.52
1150820,064381,華城台新5A購01,,0.56
1150820,064382,華城台新5A購02,0.64,0.61
1150820,064383,華城台新5A購03,,0.27
1150820,064384,華城台新5B購01,0.62,0.59
1150820,064385,華城台新61購01,,0.86
1150820,064386,信錦台新5A購01,,0.10
1150820,064387,信錦台新5A購02,,0.10
1150820,064388,上銀台新64購01,,4.39
1150820,064389,國巨台新5A購03,,9.50
1150820,064390,華泰台新5B購01,1.12,1.33
1150820,064391,華泰台新5C購01,,0.37
1150820,064393,智邦台新5A購01,1.34,1.94
1150820,064394,毅嘉台新5A購01,,0.40
1150820,064395,毅嘉台新5A購02,,0.18
1150820,064396,毅嘉台新5A購03,,0.12
1150820,064397,鉅祥台新5A購01,1.28,1.61
1150820,064398,鉅祥台新5A購02,,1.32
1150820,064401,智伸科台新5A購01,1.58,1.74
1150820,064402,鈞興台新5A購01,,2.53
1150820,064403,國精化台新5A購01,0.85,0.85
1150820,064406,臻鼎台新5A購01,6.95,6.95
1150820,064407,旭隼台新5A購01,,3.75
1150820,064408,兆聯台新5B購01,,1.87
1150820,064409,兆聯台新5B購02,,1.69
1150820,064410,新代台新5A購02,,4.59
1150820,064411,勤誠台新5A購01,,1.70
1150820,064412,勤誠台新5A購02,,1.65
1150820,064413,勤誠台新5A購03,0.27,0.57
1150820,064415,jpp國泰5B購01,0.99,0.97
1150820,064416,新代國泰5B購02,,2.19
1150820,064418,台塑統一74購01,0.92,0.91
1150820,064419,上銀統一64購02,0.89,1.01
1150820,064420,上銀統一64購03,1.14,1.13
1150820,064421,金像電統一66購01,0.38,0.34
1150820,064422,毅嘉統一74購01,,0.39
1150820,064423,友達統一64購02,0.82,0.84
1150820,064424,立隆電統一64購03,0.77,0.92
1150820,064425,立隆電統一66購01,0.73,0.86
1150820,064426,大立光統一64購02,,3.18
1150820,064427,大立光統一66購01,2.63,1.91
1150820,064428,玉晶光統一66購01,0.78,0.65
1150820,064429,日月光統一64購03,0.97,1.10
1150820,064430,日月光統一74購01,1.11,1.19
1150820,064431,日月光統一74購02,0.99,1.08
1150820,064432,材料統一64購01,,0.68
1150820,064433,新唐統一64購02,0.58,0.67
1150820,064434,臻鼎統一66購01,,1.76
1150820,064435,精成科統一67購01,,0.33
1150820,064436,GIS統一66購01,0.48,0.41
1150820,064437,台塑化統一74購01,1.44,1.34
1150820,064438,新代統一64購02,0.88,0.85
1150820,064439,元石油群益5A購02,,0.38
1150820,064440,中砂群益5A購05,,2.45
1150820,064441,上銀群益5B購02,,2.10
1150820,064442,上銀群益61購01,2.14,2.06
1150820,064443,智邦群益5A購08,,1.05
1150820,064444,金像電群益5A購06,,0.14
1150820,064445,金像電群益5A購07,,0.24
1150820,064446,毅嘉群益5C購01,,0.20
1150820,064447,立隆電群益5B購02,,1.58
1150820,064448,立隆電群益5C購02,1.31,1.53
1150820,064449,大立光群益5A購03,,15.40
1150820,064450,奇鋐群益5A購09,1.14,1.31
1150820,064451,世芯群益5A購04,,1.74
1150820,064453,台表科群益5A購03,1.20,1.06
1150820,064455,台達化元大5A購01,,0.03
1150820,064456,直得元大5A購02,,0.93
1150820,064457,上銀元大5A購01,,1.80
1150820,064458,上銀元大61購06,1.47,1.32
1150820,064459,金像電元大5A購15,,0.37
1150820,064460,金像電元大5A購16,,0.26
1150820,064461,金像電元大5B購06,,0.27
1150820,064462,金像電元大61購07,,0.78
1150820,064463,毅嘉元大5A購02,,0.09
1150820,064464,毅嘉元大5A購03,,0.06
1150820,064467,友達元大5A購11,1.24,1.43
1150820,064468,友達元大61購10,,1.11
1150820,064469,興勤元大5A購01,,1.14
1150820,064470,美律元大5A購01,0.50,0.55
1150820,064471,立隆電元大5A購03,1.96,2.48
1150820,064472,立隆電元大5A購04,2.14,2.65
1150820,064473,立隆電元大5A購05,,1.88
1150820,064474,立隆電元大5A購06,2.41,2.93
1150820,064475,TPK元大5A購02,0.62,0.55
1150820,064476,TPK元大5A購03,0.64,0.62
1150820,064477,TPK元大5A購04,,0.51
1150820,064478,TPK元大5A購05,0.37,0.33
1150820,064479,材料元大5A購01,,1.06
1150820,064481,臻鼎元大61購07,,5.21
1150820,064483,台表科元大5A購02,,0.87
1150820,064484,GIS元大5A購01,,0.68
1150820,064485,惠特元大5A購04,,0.06
1150820,064486,惠特元大61購01,,0.28
1150820,064487,邁科元大5A購02,0.82,1.46
1150820,064488,新代元大5A購02,1.52,1.63
1150820,064489,台虹元大61購03,5.20,5.20
1150820,064490,台虹元大63購01,2.94,2.10
1150820,064491,T50正2國票5A購04,1.62,1.98
1150820,064492,臺指反國票5A購02,,0.11
1150820,064493,華邦電國票5B購01,4.51,4.44
1150820,064494,技嘉國票5A購01,2.09,2.37
1150820,064495,技嘉國票5B購01,1.64,2.06
1150820,064496,威盛國票5B購01,,1.42
1150820,064497,南亞科國票5B購01,8.70,7.49
1150820,064498,京元電國票5A購02,,0.34
1150820,064499,聯發科國票5A購03,9.90,13.95
1150820,064500,台新金國票5A購01,6.25,6.72
1150820,064501,德律國票5B購01,0.37,0.51
1150820,064502,群創國票5A購01,3.93,4.87
1150820,064503,嘉澤國票5B購01,,0.11
1150820,064505,精銳國票5B購01,,0.05
1150820,064506,眾達國票5A購04,,0.06
1150820,064507,祥碩國票5A購02,,0.51
1150820,064508,帆宣國票5B購01,2.41,2.70
1150820,064509,矽格國票5B購03,,0.67
1150820,064510,同欣電國票5B購01,0.48,0.56
1150820,064511,台表科國票5B購01,1.06,0.90
1150820,064512,GIS國票5A購01,0.21,0.16
1150820,064513,大研醫國票5B購01,0.15,0.16
1150820,064514,臺股指國票5A購06,0.80,1.05
1150820,064515,揚博國泰5B購01,2.13,2.13
1150820,064516,神達國泰5B購01,1.23,1.48
1150820,064518,台表科國泰5B購02,,1.87
1150820,064520,GIS國泰5B購01,0.71,0.67
1150820,064522,台塑化國泰5B購01,2.84,2.68
1150820,064524,華邦電統一74購01,1.26,1.26
1150820,064525,華城永豐61購01,0.69,0.63
1150820,064526,聯電永豐61購01,3.68,4.15
1150820,064527,金寶永豐5A購01,,2.03
1150820,064528,金寶永豐5C購01,,2.00
1150820,064529,台亞永豐5B購01,,0.77
1150820,064530,華邦電永豐61購01,2.77,2.94
1150820,064531,華邦電永豐64購01,,2.62
1150820,064532,華邦電永豐6A購01,2.89,2.79
1150820,064533,南亞科永豐61購01,4.53,4.11
1150820,064534,南亞科永豐64購01,,3.71
1150820,064535,南亞科永豐67購01,4.01,3.69
1150820,064536,強茂永豐5B購02,1.51,1.59
1150820,064537,揚博永豐5C購01,,1.84
1150820,064538,群創永豐5A購01,,3.28
1150820,064539,群創永豐5C購01,,4.28
1150820,064540,牧德永豐5A購03,,0.02
1150820,064541,新唐永豐5C購02,0.39,0.55
1150820,064542,十銓永豐5C購01,0.92,0.93
1150820,064543,十銓永豐64購01,1.14,1.17
1150820,064544,眾達永豐5C購03,,0.20
1150820,064545,祥碩永豐5B購02,,0.58
1150820,064547,力積電永豐61購01,1.11,1.33
1150820,064549,新代永豐5C購02,1.52,1.49
1150820,064551,鴻海台新5A購02,4.77,8.95
1150820,064552,國巨台新5A購04,8.95,11.66
1150820,064553,台積電台新5A購02,,3.38
1150820,064554,台積電台新5A購03,,2.55
1150820,064555,台積電台新5A購04,,4.96
1150820,064557,台積電台新5A購06,,3.92
1150820,064558,台積電台新5A購07,,18.03
1150820,064559,技嘉台新5A購01,3.38,3.28
1150820,064560,技嘉台新5A購02,1.64,2.29
1150820,064561,威盛台新5A購01,,3.29
1150820,064562,友達台新5A購01,3.10,3.10
1150820,064563,友達台新5A購02,1.63,1.86
1150820,064564,美律台新5A購01,,0.26
1150820,064566,大立光台新5A購05,,12.20
1150820,064567,貿聯台新5A購01,0.77,0.82
1150820,064568,貿聯台新5A購02,0.40,0.48
1150820,064569,貿聯台新5A購03,,0.99
1150820,064570,貿聯台新5A購04,1.68,2.03
1150820,064571,貿聯台新5B購01,0.80,0.88
1150820,064572,貿聯台新61購01,1.46,1.50
1150820,064573,貿聯台新61購02,,1.08
1150820,064574,貿聯台新64購01,,1.24
1150820,064575,日月光台新5A購01,,7.56
1150820,064577,美費半凱基5B購01,3.77,4.29
1150820,064578,上銀凱基5A購03,,2.19
1150820,064580,台積電凱基61購07,,2.63
1150820,064581,華邦電凱基5A購01,7.00,7.23
1150820,064582,華邦電凱基5A購02,7.45,7.59
1150820,064583,研華凱基5A購02,14.50,13.38
1150820,064584,南亞科凱基5A購01,,10.76
1150820,064585,南亞科凱基5A購02,,10.40
1150820,064587,美律凱基5A購01,0.06,0.08
1150820,064588,聯發科凱基61購05,10.30,12.72
1150820,064591,群創凱基5A購02,,6.60
1150820,064592,群創凱基5A購03,,6.25
1150820,064593,世芯凱基5A購08,0.52,0.55
1150820,064594,正文凱基5C購01,,0.55
1150820,064595,十銓凱基5A購01,1.17,1.30
1150820,064596,十銓凱基5A購02,1.69,1.86
1150820,064597,台表科凱基5A購02,1.00,0.89
1150820,064599,GIS凱基5A購02,0.17,0.15
1150820,064600,力積電凱基5A購03,1.21,1.60
1150820,064601,力積電凱基5A購04,1.57,1.90
1150820,064602,大研醫凱基5A購01,0.17,0.21
1150820,064603,臺股指凱基65購02,3.30,3.51
1150820,064604,上銀兆豐64購01,2.76,2.82
1150820,064605,臻鼎兆豐64購01,,5.38
1150820,064606,矽格兆豐5C購01,1.20,1.35
1150820,064607,康舒兆豐64購01,1.15,1.35
1150820,064608,鴻海凱基5C購01,,1.93
1150820,064609,AES兆豐5C購01,,0.92
1150820,064611,台化元大5A購02,1.01,1.18
1150820,064612,台化元大5A購03,1.68,1.85
1150820,064613,華邦電元大5A購01,,4.61
1150820,064614,華邦電元大5A購02,,3.92
1150820,064615,智邦元大61購05,1.08,1.38
1150820,064616,威盛元大5A購02,,0.97
1150820,064617,南亞科元大5A購01,,5.42
1150820,064618,南亞科元大5A購02,,5.12
1150820,064619,南亞科元大5A購03,6.30,5.54
1150820,064620,友達元大61購11,,1.55
1150820,064621,普安元大5A購03,,0.44
1150820,064622,普安元大5A購04,,0.15
1150820,064623,大立光元大5A購04,,4.14
1150820,064624,大立光元大5B購02,5.35,3.59
1150820,064625,耀登元大5A購01,,0.05
1150820,064626,群創元大5A購01,,3.75
1150820,064629,群創元大61購03,2.80,3.42
1150820,064630,群創元大63購06,2.36,2.93
1150820,064631,牧德元大61購02,0.16,0.17
1150820,064632,定穎控元大5B購05,,0.21
1150820,064633,正文元大61購01,,1.07
1150820,064635,臻鼎元大61購08,,5.14
1150820,064636,十銓元大5A購01,0.94,1.02
1150820,064639,彩晶元大5A購01,3.02,3.09
1150820,064641,彩晶元大5A購02,3.14,3.31
1150820,064642,台表科元大5A購03,1.50,1.34
1150820,064645,GIS元大5A購02,0.96,0.87
1150820,064646,GIS元大5A購03,,0.34
1150820,064647,GIS元大5A購04,,0.18
1150820,064648,力積電元大5A購04,1.23,1.52
1150820,064649,力積電元大5A購05,,1.49
1150820,064650,力積電元大5A購06,,1.97
1150820,064651,力積電元大61購01,1.24,1.40
1150820,064652,香港2X群益5A購01,,0.15
1150820,064653,華邦電群益5A購03,,3.92
1150820,064654,南亞科群益5A購01,9.50,8.53
1150820,064655,南亞科群益5A購02,,7.84
1150820,064656,南亞科群益5A購03,,11.45
1150820,064657,群創群益5A購02,,6.32
1150820,064658,群創群益5A購04,,13.10
1150820,064659,世芯群益5A購05,,0.76
1150820,064660,十銓群益5A購01,1.59,1.64
1150820,064661,眾達群益5A購04,,0.09
1150820,064662,力積電群益5C購01,,1.79
1150820,064665,華城國泰5B購02,0.46,0.42
1150820,064666,龍德船國泰5B購01,1.35,1.42
1150820,064667,三集瑞國泰5B購01,,0.35
1150820,064668,中砂兆豐5C購02,,1.62
1150820,064669,國巨兆豐5C購02,,3.46
1150820,064670,智邦兆豐5C購02,0.86,1.00
1150820,064671,精成科兆豐5C購01,,0.20
1150820,064672,和大永豐5A購01,0.14,0.28
1150820,064675,漢唐永豐5B購02,0.69,0.85
1150820,064677,可成永豐5B購01,0.61,0.56
1150820,064678,臻鼎永豐61購02,,2.46
1150820,064679,十銓永豐5C購02,1.37,1.37
1150820,064680,眾達永豐65購01,0.27,0.26
1150820,064681,亞翔永豐5B購03,,0.47
1150820,064682,矽力永豐5B購02,1.90,2.04
1150820,064683,力積電永豐5B購01,,1.13
1150820,064684,力積電永豐5C購04,1.19,1.33
1150820,064685,大研醫永豐5B購01,0.34,0.34
1150820,064686,松川永豐5B購01,2.00,1.85
1150820,064687,勤誠永豐5C購04,0.82,0.86
1150820,064688,富鼎永豐61購01,1.86,1.71
1150820,064689,台玻統一64購04,0.29,0.25
1150820,064690,台玻統一64購05,0.23,0.23
1150820,064691,群創統一64購01,1.52,1.73
1150820,064692,台積電台新5A購08,,4.64
1150820,064693,台積電台新5A購09,,1.89
1150820,064694,明泰台新5A購01,,0.04
1150820,064696,玉晶光台新61購01,,5.00
1150820,064697,達興台新5A購01,,0.28
1150820,064699,昇陽半台新5A購01,,6.03
1150820,064700,富鼎台新5A購01,4.28,4.28
1150820,064701,富鼎台新5B購01,3.52,4.79
1150820,064702,SP黃豆元大5C購01,0.38,0.31
1150820,064703,華城元大5A購03,0.68,0.63
1150820,064704,中砂元大5A購08,,2.46
1150820,064705,台玻元大5A購05,0.37,0.38
1150820,064706,台玻元大5A購06,0.32,0.26
1150820,064707,台玻元大5C購04,0.20,0.19
1150820,064708,金寶元大5A購03,1.59,1.89
1150820,064709,台亞元大5A購01,0.64,0.77
1150820,064710,華邦電元大5A購03,,4.61
1150820,064711,華邦電元大5A購04,,4.75
1150820,064712,智邦元大61購06,,1.06
1150820,064714,華碩元大5A購02,7.25,6.57
1150820,064715,金像電元大5A購17,,0.18
1150820,064716,技嘉元大5C購01,,2.58
1150820,064717,南亞科元大5A購04,,4.59
1150820,064718,南亞科元大5A購05,6.00,5.74
1150820,064719,友達元大5A購12,,2.12
1150820,064720,友達元大5A購13,2.13,2.28
1150820,064721,鉅祥元大5A購02,0.33,0.47
1150820,064725,群創元大5A購05,4.14,4.67
1150820,064726,世芯元大61購13,,3.25
1150820,064727,大聯大元大61購01,,0.85
1150820,064728,定穎控元大5B購06,,0.04
1150820,064729,國精化元大5A購05,0.72,0.72
1150820,064730,和碩元大5A購01,1.85,1.84
1150820,064731,亞翔元大5B購04,0.68,0.89
1150820,064732,騰輝電元大5A購02,2.22,1.84
1150820,064733,AES元大5A購04,,0.61
1150820,064734,勤誠元大61購02,,1.12
1150820,064735,明基材元大5A購01,,0.46
1150820,064736,T50正2凱基5A購07,2.05,2.42
1150820,064738,元石油凱基5A購04,,1.25
1150820,064739,SGBR2X凱基5A購06,,1.42
1150820,064740,中高息凱基5C購01,,0.40
1150820,064741,台玻凱基5A購01,0.32,0.24
1150820,064742,台玻凱基5B購02,0.35,0.28
1150820,064743,台玻凱基5C購03,0.32,0.32
1150820,064744,台積電凱基5A購12,2.94,3.30
1150820,064745,技嘉凱基5B購01,1.79,2.36
1150820,064746,友達凱基61購03,2.26,2.28
1150820,064747,京元電凱基5A購03,,0.71
1150820,064748,強茂凱基5B購04,1.14,1.14
1150820,064749,大立光凱基5B購03,,8.10
1150820,064750,德律凱基61購02,0.61,0.78
1150820,064751,嘉澤凱基5B購02,0.10,0.18
1150820,064752,臻鼎凱基61購04,4.39,4.07
1150820,064754,彩晶凱基5A購01,3.52,3.95
1150820,064755,邁科凱基5A購03,,2.75
1150820,064756,台灣50富邦67購02,2.62,2.34
1150820,064757,T50正2富邦5A購07,,2.09
1150820,064758,T50正2富邦64購02,,3.60
1150820,064760,國巨富邦64購02,,2.81
1150820,064761,台積電富邦74購01,1.40,1.44
1150820,064762,台積電富邦74購02,1.47,1.48
1150820,064763,華邦電富邦5A購01,2.71,2.89
1150820,064764,華邦電富邦64購01,,2.27
1150820,064765,南亞科富邦5C購01,5.20,4.59
1150820,064766,南亞科富邦61購01,,4.86
1150820,064768,聯發科富邦74購01,,4.14
1150820,064770,聯發科富邦74購02,,5.28
1150820,064772,德律富邦62購02,,0.40
1150820,064773,玉晶光富邦5C購01,,1.46
1150820,064774,群創富邦64購01,3.10,3.69
1150820,064775,貿聯富邦64購02,0.49,0.55
1150820,064776,緯穎富邦64購01,,3.59
1150820,064777,力積電富邦61購01,1.05,1.17
1150820,064778,臺股指富邦74購02,,2.71
1150820,064779,華城兆豐5C購02,,0.30
1150820,064781,勤誠兆豐5C購01,,0.86
1150820,064782,華城富邦61購02,,0.38
1150820,064783,中砂富邦61購02,,1.15
1150820,064786,智邦富邦61購02,0.65,0.77
1150820,064787,智邦富邦61購03,0.49,0.65
1150820,064788,宏碁富邦5C購01,,0.98
1150820,064789,燿華富邦5C購01,,0.14
1150820,06478U,台灣50富邦5A售01,0.06,0.05
1150820,064791,京元電富邦5C購04,0.30,0.33
1150820,064793,晟銘電富邦5C購02,0.10,0.14
1150820,064794,奇鋐富邦61購03,0.88,0.87
1150820,064796,嘉澤富邦61購02,,0.16
1150820,064797,大聯大富邦61購01,,1.01
1150820,064799,臻鼎富邦61購03,,2.30
1150820,064801,亞翔富邦62購02,0.53,0.66
1150820,064802,精成科富邦61購01,,0.22
1150820,064803,同欣電富邦61購01,0.38,0.44
1150820,064804,矽力富邦5C購02,1.58,1.57
1150820,064805,矽力富邦61購01,1.59,1.65
1150820,064806,保瑞富邦5C購01,0.56,0.49
1150820,064807,富世達富邦61購01,0.51,0.51
1150820,064808,邁科富邦5B購01,0.68,0.68
1150820,064809,T50正2凱基63購03,,2.25
1150820,064810,A50正2凱基5A購01,,0.52
1150820,064811,華城凱基5A購06,0.36,0.32
1150820,064812,中砂凱基5A購05,,2.65
1150820,064813,台積電凱基5A購13,,1.92
1150820,064814,台亞凱基5A購02,,0.43
1150820,064815,華邦電凱基5A購04,,19.85
1150820,064816,順德凱基5A購04,,0.95
1150820,064820,盟立凱基5A購03,,10.39
1150820,064822,世芯凱基5B購04,,0.95
1150820,064823,定穎控凱基64購01,,0.30
1150820,064824,國精化凱基5A購04,0.42,0.54
1150820,064825,新唐凱基5A購03,0.14,0.23
1150820,064826,新唐凱基5C購04,0.22,0.32
1150820,064827,眾達凱基5A購05,,0.12
1150820,064829,亞翔凱基5B購05,0.64,0.93
1150820,064830,帆宣凱基5B購01,1.31,1.51
1150820,064831,矽力凱基5A購03,1.12,1.43
1150820,064832,力積電凱基5A購05,2.25,2.21
1150820,064833,富世達凱基5A購02,,0.32
1150820,064834,富世達凱基5B購01,,0.35
1150820,064835,勤誠凱基5A購02,,0.65
1150820,064836,富鼎凱基5A購02,2.28,2.25
1150820,064837,華城元大61購05,0.62,0.61
1150820,064838,台玻元大5A購07,0.20,0.23
1150820,064839,台玻元大5C購05,0.66,0.65
1150820,064840,順德元大5A購03,,1.22
1150820,064841,燿華元大5A購03,,0.06
1150820,064842,燿華元大5A購04,,0.19
1150820,064843,燿華元大5B購02,0.05,0.09
1150820,064844,金像電元大5A購18,,0.06
1150820,064845,金像電元大5A購19,,1.45
1150820,064846,金像電元大5A購20,,0.29
1150820,064847,金像電元大5A購21,,0.20
1150820,064849,可成元大5A購02,,0.81
1150820,064850,可成元大5A購03,0.66,0.61
1150820,064851,強茂元大5A購07,,0.73
1150820,064852,大立光元大5A購05,9.65,7.28
1150820,064853,大立光元大5B購03,6.65,4.55
1150820,064855,德律元大5A購06,,0.50
1150820,064856,玉晶光元大61購01,1.01,0.93
1150820,064857,京鼎元大5A購01,0.34,0.57
1150820,064858,新唐元大5A購03,0.37,0.60
1150820,064859,新唐元大5A購04,,0.42
1150820,064860,新唐元大5B購03,0.33,0.36
1150820,064861,新唐元大5C購02,,0.58
1150820,064862,新唐元大61購02,,0.37
1150820,064863,新唐元大63購03,,0.39
1150820,064864,華懋元大5A購01,0.29,0.29
1150820,064865,亞翔元大5B購05,,0.91
1150820,064866,力成元大5A購06,2.72,2.41
1150820,064867,保瑞元大61購01,1.49,1.24
1150820,064868,力積電元大61購02,,1.61
1150820,064869,富世達元大5B購01,,0.65
1150820,064870,富世達元大61購01,,0.57
1150820,064871,新代元大5A購03,,1.15
1150820,064872,新代元大5A購04,,0.80
1150820,064874,富鼎元大5C購02,1.32,1.47
1150820,064875,上証2X群益5A購02,0.20,0.41
1150820,064876,元黃金群益5A購03,0.05,0.04
1150820,064877,滬深2X群益5A購02,,0.09
1150820,064878,國企2X群益5A購02,,0.23
1150820,064880,元債2X群益5A購01,,0.14
1150820,064881,美債2X群益5A購01,,0.10
1150820,064883,中502X群益5A購01,,0.16
1150820,064884,華城群益5A購03,0.19,0.20
1150820,064885,台玻群益5A購02,,0.18
1150820,064886,台玻群益5A購03,0.23,0.18
1150820,064888,順德群益5A購04,1.36,1.22
1150820,064889,燿華群益5A購01,,0.04
1150820,064890,盟立群益5A購02,5.55,6.05
1150820,064891,強茂群益5B購02,0.89,0.88
1150820,064892,智原群益5B購02,0.34,0.34
1150820,064893,嘉澤群益5A購05,,0.24
1150820,064894,新唐群益5A購02,0.14,0.24
1150820,064895,臻鼎群益5A購05,,3.73
1150820,064896,jpp群益5A購03,0.18,0.19
1150820,064897,菱生兆豐5C購01,,0.91
1150820,064898,技嘉兆豐5C購01,1.47,1.67
1150820,064899,偉詮電兆豐5C購01,0.72,0.85
1150820,064901,世芯兆豐5C購02,0.70,0.72
1150820,064902,勝一群益5C購01,,0.75
1150820,064903,台積電群益5A購13,,3.64
1150820,064904,台積電群益64購01,,3.36
1150820,064905,華邦電群益5A購05,7.90,5.89
1150820,064906,智邦群益5A購09,0.22,0.54
1150820,064907,南亞科群益5A購04,,8.38
1150820,064909,新日興群益5A購02,0.11,0.12
1150820,064910,世芯群益5A購06,,0.43
1150820,064912,臻鼎群益5A購07,2.21,2.26
1150820,064913,十銓群益5A購02,0.61,0.69
1150820,064914,力積電群益5A購01,1.96,2.02
1150820,064915,力積電群益5A購02,1.26,1.53
1150820,064916,富世達群益5A購02,,0.28
1150820,064917,光寶科富邦74購03,,2.25
1150820,064918,聯電富邦74購01,,2.42
1150820,064920,強茂富邦5B購02,0.59,0.66
1150820,064922,正文富邦62購01,0.35,0.40
1150820,064923,佳必琪富邦61購01,2.92,3.08
1150820,064924,昇陽半富邦5B購01,0.65,0.90
1150820,064925,南茂富邦5A購02,0.45,0.77
1150820,064926,SP黃豆凱基66購01,0.74,0.62
1150820,064927,川湖凱基5C購01,,22.90
1150820,064928,台積電凱基5B購13,,2.33
1150820,064929,敬鵬凱基5A購04,,0.38
1150820,064930,威盛凱基5A購01,,0.64
1150820,064931,南亞科凱基5A購04,,6.10
1150820,064932,聯發科凱基5C購07,,8.48
1150820,064933,可成凱基5A購01,,0.38
1150820,064936,世芯凱基5A購09,,0.26
1150820,064938,眾達凱基5A購06,,0.03
1150820,064939,jpp凱基5A購04,,0.11
1150820,064940,達發凱基5A購02,,0.59
1150820,064941,緯穎凱基5A購04,5.00,5.19
1150820,064942,昇陽半凱基5C購01,,2.74
1150820,064943,台灣50元大5A購09,,3.76
1150820,064944,台積電元大5B購05,1.31,1.58
1150820,064945,台積電元大61購27,,1.24
1150820,064946,敬鵬元大5A購05,0.30,0.30
1150820,064947,技嘉元大5A購01,2.13,2.79
1150820,064948,威盛元大5A購03,0.75,1.17
1150820,064949,聯發科元大5A購11,4.80,5.47
1150820,064951,鉅祥元大5A購03,0.46,0.65
1150820,064952,強茂元大5A購08,1.41,1.56
1150820,064953,強茂元大5A購09,,0.68
1150820,064955,裕民元大5A購01,1.81,1.48
1150820,064956,定穎控元大5B購07,,0.02
1150820,064957,國精化元大5A購06,,1.88
1150820,064958,國精化元大5A購07,,0.56
1150820,064959,眾達元大5A購04,,0.18
1150820,064960,眾達元大63購01,0.33,0.30
1150820,064962,亞翔元大61購03,1.38,1.69
1150820,064963,精成科元大5A購01,,0.28
1150820,064964,精成科元大5A購02,,0.06
1150820,064965,帆宣元大5A購01,,2.46
1150820,064966,帆宣元大5A購02,,2.96
1150820,064967,帆宣元大61購01,,2.58
1150820,064968,矽力元大5B購03,1.33,1.53
1150820,064969,矽力元大61購04,,1.23
1150820,064970,富世達元大5A購02,,0.51
1150820,064971,富世達元大5A購03,0.70,0.69
1150820,064972,富世達元大5A購04,1.00,0.75
1150820,064973,富世達元大5A購05,,0.26
1150820,064974,富世達元大5B購02,,0.36
1150820,064975,富世達元大5C購01,,0.50
1150820,064976,東元兆豐64購01,2.00,1.60
1150820,064977,奇鋐兆豐5C購02,0.66,0.70
1150820,064979,南茂兆豐5C購01,,0.92
1150820,064980,長興群益5A購02,,0.26
1150820,064981,上銀群益5C購02,1.21,1.29
1150820,064983,聯電群益5A購04,3.00,3.00
1150820,064985,仁寶群益5A購01,1.00,0.94
1150820,064986,台積電群益64購02,0.91,0.98
1150820,064987,長榮元富61購01,1.16,0.76
1150820,064988,順德群益5A購05,0.61,0.56
1150820,064989,威盛群益5A購01,0.23,0.40
1150820,064990,聯發科群益5A購12,,8.40
1150820,064992,聯發科群益5C購01,5.90,7.46
1150820,064993,奇鋐群益5A購10,1.29,1.35
1150820,064994,德律群益5A購05,,0.66
1150820,064995,世芯群益5A購07,0.41,0.58
1150820,064996,貿聯群益5B購01,,0.43
1150820,064997,祥碩群益5B購01,0.80,0.87
1150820,064998,啟碁群益5A購03,,0.82
1150820,064999,緯穎群益5A購04,,4.55
1150820,065000,龍德船群益5A購04,0.40,0.43
1150820,065001,昇陽半群益5A購03,,0.89
1150820,065002,上銀富邦5A購01,0.88,0.89
1150820,065003,聯電富邦5A購03,,2.89
1150820,065004,廣宇富邦61購01,0.42,0.46
1150820,065005,順德富邦5B購01,0.48,0.43
1150820,065006,友達富邦5C購01,1.38,1.44
1150820,065007,世芯富邦61購01,0.42,0.47
1150820,065008,jpp富邦5B購01,0.15,0.15
1150820,065009,華懋富邦62購01,0.46,0.33
1150820,065010,矽格富邦5B購02,0.36,0.47
1150820,065011,啟碁富邦61購03,,0.58
1150820,065012,兆聯富邦64購01,0.77,0.86
1150820,065013,臺股指富邦64購12,,5.12
1150820,065014,臺股指富邦74購03,,3.94
1150820,065016,長興凱基5A購03,0.12,0.19
1150820,065017,金寶凱基5A購02,,1.43
1150820,065018,台積電凱基5C購10,,3.74
1150820,065019,華邦電凱基5A購05,,4.39
1150820,065020,技嘉凱基64購02,1.72,1.94
1150820,065021,偉詮電凱基5A購04,0.10,0.16
1150820,065022,京元電凱基5A購04,,0.26
1150820,065023,聯發科凱基5C購08,,5.35
1150820,065024,盟立凱基5A購04,,7.22
1150820,065025,鉅祥凱基5A購03,,0.38
1150820,065026,裕民凱基5A購01,1.32,1.07
1150820,065027,大立光凱基5B購04,,6.05
1150820,065028,京鼎凱基5A購01,0.18,0.33
1150820,065030,國精化凱基5A購05,0.69,0.97
1150820,065031,十銓凱基5A購03,0.26,0.35
1150820,065032,亞翔凱基5B購06,,0.76
1150820,065033,啟碁凱基5B購03,0.62,0.73
1150820,065034,啟碁凱基5C購03,,0.77
1150820,065035,矽力凱基5B購05,,3.22
1150820,065036,力積電凱基5C購01,0.90,0.98
1150820,065037,台積電元大5A購18,0.35,0.54
1150820,065038,台亞元大5A購02,,0.22
1150820,065039,聯發科元大5A購12,2.72,3.58
1150820,065040,矽力元大5A購02,1.08,1.29
1150820,065041,矽力元大5B購04,,0.56
1150820,065042,騰輝電元大5A購03,1.12,0.87
1150820,065044,長興國票5A購04,,0.33
1150820,065045,台亞國票5B購01,0.11,0.15
1150820,065046,台亞國票5B購02,,0.16
1150820,065048,燿華國票5A購02,,0.04
1150820,065049,盟立國票5A購02,,3.89
1150820,065050,矽力國票5B購02,1.02,1.11
1150820,065051,矽力國票5B購03,0.97,1.14
1150820,065052,騰輝電國票5A購03,1.59,1.30
1150820,065053,騰輝電國票5B購01,1.51,1.18
1150820,065054,邁科國票5A購02,0.51,0.73
1150820,065055,泰金寶國票5A購01,1.01,1.10
1150820,065056,華邦電中信5A購02,2.83,2.85
1150820,065057,南亞科中信5A購01,5.35,4.55
1150820,065058,力積電中信5A購05,0.55,0.74
1150820,065059,台積電永豐74購02,1.51,1.58
1150820,065060,台積電永豐74購03,1.72,1.80
1150820,065061,華邦電永豐65購01,,3.21
1150820,065062,智邦永豐5C購03,0.66,1.00
1150820,065063,南亞科永豐5C購01,4.96,4.71
1150820,065064,聯發科永豐5B購06,,6.90
1150820,065067,奇鋐永豐5A購03,0.80,0.80
1150820,065068,奇鋐永豐64購04,0.89,0.90
1150820,065069,智原永豐5C購01,,0.61
1150820,065070,世芯永豐5A購06,0.18,0.30
1150820,065071,世芯永豐64購03,0.59,1.40
1150820,065072,臻鼎永豐5B購03,1.29,1.70
1150820,065073,祥碩永豐5C購02,1.01,1.03
1150820,065074,達發永豐5C購01,,0.55
1150820,065077,昇陽半永豐61購01,,0.94
1150820,065078,京元電兆豐64購02,,0.65
1150820,065079,聯發科兆豐64購02,6.00,6.70
1150820,065080,旭隼兆豐64購02,3.30,3.00
1150820,065081,台玻群益5A購04,0.44,0.39
1150820,065082,金寶群益5A購02,,1.17
1150820,065083,群創群益5A購05,,6.48
1150820,065086,臺股指群益5A購25,,2.26
1150820,065087,燿華富邦61購01,,0.11
1150820,065089,聯發科富邦64購01,2.41,2.90
1150820,065090,聯發科富邦74購03,2.97,3.17
1150820,065091,盟立富邦61購01,,2.73
1150820,065092,台灣50國票5A購04,,2.23
1150820,065093,台灣50國票5A購05,,1.48
1150820,065094,T50反1國票5A購03,,0.12
1150820,065095,台玻國票5B購01,0.29,0.29
1150820,065096,上銀國票5B購02,1.06,1.21
1150820,065097,智邦國票5B購02,,0.60
1150820,065098,威盛國票5B購02,,0.68
1150820,065099,奇鋐國票5B購02,0.82,0.87
1150820,065100,宏致國票5A購01,3.04,2.11
1150820,065101,貿聯國票5B購04,0.18,0.21
1150820,065102,天鈺國票5A購01,,0.39
1150820,065103,十銓國票5A購02,0.86,0.90
1150820,065104,十銓國票5B購01,0.78,0.83
1150820,065105,兆聯國票5B購02,,0.58
1150820,065106,昇陽半國票5B購02,,1.30
1150820,065107,台積電元大5A購19,0.71,0.94
1150820,065109,聯發科元大5A購14,,4.83
1150820,065110,聯發科元大5A購15,4.45,5.15
1150820,065111,聯發科元大5A購16,3.96,4.58
1150820,065114,聯發科元大5C購04,,3.48
1150820,065115,台玻凱基5A購02,0.18,0.14
1150820,065116,上銀凱基5C購03,1.72,1.39
1150820,065119,仁寶凱基5A購01,1.51,1.76
1150820,065120,華泰凱基61購02,0.38,0.44
1150820,065121,燿華凱基5C購01,,0.21
1150820,065122,威盛凱基5A購02,,0.62
1150820,065123,漢唐凱基5A購06,,1.49
1150820,065124,聯發科凱基5A購15,,11.70
1150820,065125,可成凱基5B購01,,0.38
1150820,065126,奇鋐凱基5A購12,0.40,0.51
1150820,065127,德律凱基5A購04,,0.18
1150820,065128,世芯凱基5A購10,,0.56
1150820,065129,貿聯凱基5A購05,0.07,0.12
1150820,065130,臻鼎凱基5A購08,,1.33
1150820,065131,祥碩凱基5B購05,0.78,0.85
1150820,065134,啟碁凱基63購01,,1.17
1150820,065135,緯穎凱基5A購05,,2.77
1150820,065136,AES凱基5C購01,0.45,0.50
1150820,065137,昇陽半凱基64購01,1.70,1.97
1150820,065140,智邦國泰5B購01,,1.38
1150820,065141,智邦國泰5B購02,0.81,1.11
1150820,065142,南亞科國泰5B購01,,9.21
1150820,065143,南亞科國泰5B購02,12.00,10.43
1150820,065145,聯發科國泰65購01,,13.07
1150820,065146,奇鋐國泰5B購02,1.93,1.96
1150820,065147,宏致國泰5B購02,,6.42
1150820,065148,世芯國泰5B購03,,1.60
1150820,065149,世芯國泰5B購04,1.30,1.50
1150820,065150,定穎控國泰5B購02,,0.29
1150820,065151,台郡國泰5B購01,,1.14
1150820,065152,緯穎國泰5B購02,,5.50
1150820,065153,鴻海永豐5A購06,0.52,0.52
1150820,065154,台積電永豐5C購19,0.36,0.43
1150820,065155,威盛永豐5C購01,,0.55
1150820,065156,南亞科永豐66購01,4.45,4.14
1150820,065157,偉詮電永豐5C購03,,0.22
1150820,065159,聯發科永豐5B購07,2.97,3.75
1150820,065160,盟立永豐5B購02,,2.71
1150820,065161,奇鋐永豐5C購07,0.38,0.40
1150820,065162,奇鋐永豐5C購08,0.66,0.68
1150820,065163,智原永豐5B購01,,0.28
1150820,065164,健鼎永豐5B購01,,0.31
1150820,065165,世芯永豐5A購07,0.27,0.48
1150820,065166,世芯永豐5B購05,,0.47
1150820,065167,世芯永豐5C購06,0.46,0.50
1150820,065168,貿聯永豐5B購03,,0.31
1150820,065169,臻鼎永豐5C購03,1.59,1.81
1150820,065170,緯穎永豐5B購03,,2.70
1150820,065171,昇陽半永豐5B購02,0.40,0.55
1150820,065172,聯電兆豐5C購01,,2.66
1150820,065174,台積電兆豐5C購02,,1.00
1150820,065175,建準兆豐5C購01,,0.79
1150820,065176,南亞群益5A購04,,12.50
1150820,065177,台玻群益5A購05,0.76,0.74
1150820,065178,聯發科群益5A購15,18.20,19.35
1150820,065180,奇鋐群益5A購11,0.45,0.50
1150820,065181,智原群益5B購03,,0.46
1150820,065182,世芯群益5A購08,0.28,0.48
1150820,065183,臻鼎群益5A購08,1.92,2.19
1150820,065184,祥碩群益5C購01,0.84,0.83
1150820,065185,盛群群益5A購01,,0.58
1150820,065186,達發群益5A購01,,0.45
1150820,065187,緯穎群益5A購05,3.13,3.35
1150820,065188,微星富邦5C購01,1.77,2.19
1150820,065189,智原富邦5C購01,0.53,0.58
1150820,065190,貿聯富邦63購02,0.30,0.38
1150820,065191,臻鼎富邦61購04,1.39,1.54
1150820,065194,力積電富邦63購01,,1.87
1150820,065196,元黃金凱基5C購06,0.80,0.76
1150820,065197,台積電凱基61購08,0.83,0.93
1150820,065198,台積電凱基74購02,,1.73
1150820,065200,聯發科凱基5A購16,,3.48
1150820,065201,聯發科凱基63購02,2.55,2.92
1150820,065202,奇鋐凱基5B購04,,0.40
1150820,065203,世芯凱基5A購11,,0.15
1150820,065204,臻鼎凱基5B購01,1.23,1.37
1150820,065205,緯穎凱基5C購06,,2.74
1150820,065206,昇陽半凱基5A購02,,0.53
1150820,065208,聯發科元大5A購19,,2.38
1150820,065210,聯發科元大61購22,1.64,2.14
1150820,065211,臻鼎元大5A購14,1.89,2.42
1150820,065212,臻鼎元大5A購15,1.71,1.94
1150820,065213,臻鼎元大5A購16,1.04,1.33
1150820,065214,昇陽半元大5A購07,0.98,1.35
1150820,065215,臺股指元大5A購33,,1.61
1150820,065216,元油反國票5A購02,0.75,0.98
1150820,065218,台達化國票5B購02,,0.08
1150820,065219,順德國票5C購01,1.03,0.96
1150820,065220,微星國票5B購01,2.33,3.10
1150820,065221,威盛國票5B購03,,0.67
1150820,065223,偉詮電國票5B購02,0.27,0.29
1150820,065224,京元電國票5A購03,0.51,0.62
1150820,065225,京元電國票5B購01,,0.53
1150820,065226,可成國票5A購01,0.34,0.34
1150820,065227,鉅祥國票5A購01,0.16,0.20
1150820,065228,晟銘電國票5A購02,,0.05
1150820,065229,臻鼎國票5A購02,,1.79
1150820,065230,臻鼎國票5A購03,,1.41
1150820,065231,臻鼎國票5B購01,1.22,1.37
1150820,065232,立積國票5A購01,,0.05
1150820,065233,亞翔國票5A購02,0.55,0.81
1150820,065234,達發國票5A購02,0.29,0.45
1150820,065235,世紀鋼國票5A購02,0.43,0.62
1150820,065236,台灣50台新5A購07,,4.99
1150820,065237,台灣50台新5A購08,,5.89
1150820,065238,華夏台新5A購01,,0.42
1150820,065239,金寶台新5A購01,,2.37
1150820,065240,鴻海台新5A購03,1.29,2.10
1150820,065241,鴻海台新5A購04,,1.39
1150820,065242,台積電台新5A購10,,0.98
1150820,065243,台積電台新5A購11,,0.45
1150820,065244,台積電台新5A購12,1.79,1.97
1150820,065245,台積電台新5A購13,,1.30
1150820,065246,台積電台新5A購14,,1.28
1150820,065247,威盛台新5A購02,,1.12
1150820,065250,南亞科台新5A購03,37.70,33.23
1150820,065251,南亞科台新5A購04,,8.38
1150820,065252,南亞科台新5A購05,24.40,21.27
1150820,065253,聯發科台新5A購01,,7.78
1150820,065254,聯發科台新5A購02,4.30,5.38
1150820,065255,聯發科台新5A購03,4.25,5.98
1150820,065256,聯發科台新5A購04,,7.55
1150820,065257,可成台新5A購01,0.41,0.42
1150820,065258,可成台新5A購02,,2.94
1150820,065259,鉅祥台新5A購03,,0.91
1150820,065260,鉅祥台新5A購04,,0.61
1150820,065261,奇鋐台新5A購01,0.90,0.92
1150820,065264,奇鋐台新5A購02,0.52,0.51
1150820,065265,奇鋐台新5A購03,,1.10
1150820,065266,奇鋐台新5A購04,0.66,0.73
1150820,065269,奇鋐台新5A購05,,0.39
1150820,065271,貿聯台新5A購05,0.14,0.23
1150820,065272,臻鼎台新5A購02,,4.39
1150820,065273,南茂台新5A購01,,1.78
1150820,065274,臺股指台新5A購02,,2.80
1150820,065275,台股增永豐5A購01,0.57,0.67
1150820,065276,台強棒永豐5A購01,,0.86
1150820,065277,亞德客永豐5C購01,0.50,0.61
1150820,065278,鴻海永豐61購03,0.92,1.32
1150820,065279,鴻海永豐64購03,,1.61
1150820,065280,鴻海永豐66購03,,2.36
1150820,065281,台積電永豐5C購20,0.29,0.37
1150820,065282,華邦電永豐68購01,2.53,2.66
1150820,065283,南亞科永豐66購02,3.53,3.24
1150820,065285,緯穎永豐5A購05,,1.58
1150820,065286,緯穎永豐61購02,2.14,2.06
1150820,065287,力積電永豐64購01,0.83,0.91
1150820,065288,華城凱基5C購01,,0.26
1150820,065289,亞德客凱基5A購03,,0.63
1150820,065291,台玻凱基5A購03,,0.32
1150820,065292,川湖凱基5A購04,,10.69
1150820,065294,台積電凱基5C購11,0.37,0.48
1150820,065296,微星凱基5A購01,,4.33
1150820,065297,南亞科凱基5A購05,5.55,5.13
1150820,065300,京元電凱基5B購02,,0.22
1150820,065301,聯發科凱基63購03,3.25,3.93
1150820,065302,鉅祥凱基5A購04,,0.46
1150820,065305,健鼎凱基5A購03,,0.34
1150820,065306,緯穎凱基5B購06,,1.26
1150820,065307,T50反1群益5A購04,0.22,0.25
1150820,065308,元黃金群益5A購04,,0.09
1150820,065311,台積電群益5A購17,,0.82
1150820,065313,台積電群益5B購09,,0.76
1150820,065314,台積電群益5B購10,0.41,0.52
1150820,065315,台積電群益64購03,,1.45
1150820,065316,台積電群益64購04,,1.40
1150820,065317,毅嘉群益5A購03,,0.25
1150820,065318,聯發科群益5B購06,,8.66
1150820,065319,智原群益5A購01,,0.34
1150820,065320,健鼎群益5B購01,,0.64
1150820,065321,世芯群益5A購09,,0.34
1150820,065322,緯穎群益5C購01,,1.77
1150820,065324,臺股指群益5A購26,,1.63
1150820,065325,台達化國泰5B購01,,0.21
1150820,065326,楠梓電國泰5B購01,,3.25
1150820,065327,華邦電國泰61購01,4.00,3.73
1150820,065328,華邦電國泰61購02,,3.43
1150820,065329,瑞昱國泰5C購01,,3.40
1150820,065335,盟立國泰61購01,,8.05
1150820,065337,智原國泰5B購02,0.49,0.51
1150820,065341,康普國泰5B購01,,0.90
1150820,065342,達發國泰5B購01,,1.85
1150820,065343,南亞兆豐64購01,,8.60
1150820,065344,光寶科兆豐64購01,,4.56
1150820,065345,英業達兆豐64購01,,4.20
1150820,065346,南亞科兆豐64購01,,6.97
1150820,065347,智原兆豐5C購01,0.37,0.38
1150820,065348,群創兆豐5C購01,,4.25
1150820,065349,AES兆豐5C購02,0.42,0.42
1150820,065350,香港2X國票5A購03,0.91,0.94
1150820,065352,勝一國票5B購02,,0.35
1150820,065353,川湖國票61購01,,11.24
1150820,065354,台橡國票5B購02,1.29,1.27
1150820,065355,楠梓電國票5B購01,1.19,1.42
1150820,065356,鴻海國票5B購01,,1.49
1150820,065357,台積電國票5A購10,,0.51
1150820,065358,台積電國票5A購11,0.26,0.34
1150820,065359,華邦電國票5B購03,,3.14
1150820,065360,英業達國票5B購01,2.56,2.97
1150820,065361,凱美國票5B購01,,4.68
1150820,065362,南亞科國票5B購03,,4.22
1150820,065363,聯發科國票5A購04,,8.03
1150820,065364,聯發科國票5A購05,,5.68
1150820,065365,鉅祥國票5A購02,0.38,0.44
1150820,065366,智原國票5B購02,,0.35
1150820,065367,耀登國票5A購01,,0.04
1150820,065369,群創國票5A購03,,5.55
1150820,065370,嘉澤國票61購02,,0.22
1150820,065371,日月光國票5B購03,0.95,1.34
1150820,065372,jpp國票5B購01,,0.60
1150820,065373,帆宣國票5B購02,1.34,1.53
1150820,065374,力成國票5B購01,1.33,1.50
1150820,065375,達發國票5B購01,,0.81
1150820,065376,緯穎國票5B購03,1.66,1.68
1150820,065377,緯穎國票5B購04,1.14,1.08
1150820,065378,緯穎國票5B購05,2.26,2.23
1150820,065379,龍德船國票5A購01,,0.37
1150820,065380,力積電國票5A購01,,1.51
1150820,065381,力積電國票5A購02,,2.38
1150820,065382,潤泰新國票5B購01,1.50,1.23
1150820,065384,和大台新5A購01,0.51,0.67
1150820,065385,大成鋼台新5A購01,3.07,2.53
1150820,065386,上銀台新5A購01,2.85,2.47
1150820,065387,上銀台新5A購02,,1.85
1150820,065388,鴻海台新5A購05,2.57,3.60
1150820,065389,鴻海台新5A購06,1.93,2.86
1150820,065390,研華台新5A購02,,9.43
1150820,065391,研華台新5A購03,,9.35
1150820,065392,南亞科台新5A購07,10.30,9.24
1150820,065396,日月光台新5A購03,2.54,2.63
1150820,065398,今國光台新5A購01,0.76,0.86
1150820,065399,力成台新5A購01,,3.04
1150820,065400,昇陽半台新5A購02,1.61,1.01
1150820,065401,臺股指台新5A購04,,2.71
1150820,065402,台灣50富邦64購05,0.78,0.88
1150820,065403,T50正2富邦63購02,,1.36
1150820,065405,中砂富邦5C購02,,1.93
1150820,065406,仁寶富邦61購01,,1.35
1150820,065407,台積電富邦75購01,0.91,0.95
1150820,065408,智邦富邦61購04,0.47,0.64
1150820,065410,偉詮電富邦5C購02,,0.23
1150820,065411,美律富邦5C購01,0.31,0.33
1150820,065413,大立光富邦5C購04,,4.61
1150820,065414,智原富邦61購01,0.40,0.47
1150820,065415,新日興富邦5C購01,,0.20
1150820,065416,世芯富邦5C購07,0.48,0.48
1150820,065417,世芯富邦61購02,0.41,0.46
1150820,065418,保瑞富邦5C購02,0.80,0.77
1150820,065419,緯穎富邦63購02,1.21,1.23
1150820,065421,臺股指富邦64購13,1.04,1.21
1150820,065422,T50正2元大5A購09,,1.22
1150820,065423,台股增元大5A購01,0.80,0.83
1150820,065424,台強棒元大5A購01,1.30,1.47
1150820,065426,台積電元大5A購20,0.18,0.23
1150820,065427,台積電元大5C購09,0.42,0.47
1150820,065428,聯發科元大5A購20,4.33,5.33
1150820,065429,聯發科元大5A購21,,4.20
1150820,065430,聯發科元大5A購22,3.25,4.19
1150820,065432,聯發科元大5A購24,2.10,2.72
1150820,065433,聯發科元大5C購05,3.16,3.83
1150820,065434,聯發科元大63購09,3.57,4.24
1150820,065435,智原元大5A購02,,0.47
1150820,065436,智原元大5A購03,0.24,0.28
1150820,065437,世芯元大5C購04,0.58,0.62
1150820,065438,貿聯元大5A購04,,0.36
1150820,065439,貿聯元大5A購05,,0.26
1150820,065440,貿聯元大5A購06,,0.11
1150820,065441,緯穎元大5A購06,2.84,3.02
1150820,065442,緯穎元大5A購07,4.87,5.01
1150820,065443,緯穎元大5A購08,3.55,3.66
1150820,065444,緯穎元大5A購09,2.21,2.26
1150820,065445,緯穎元大5A購10,,4.82
1150820,065446,緯穎元大61購08,,2.23
1150820,065449,昇陽半元大5A購10,1.22,1.66
1150820,065450,勤誠元大63購02,0.65,0.81
1150820,065451,台灣50中信65購01,0.71,0.76
1150820,065452,T50正2中信63購02,0.63,0.66
1150820,065453,T50反1中信65購01,,0.64
1150820,065454,臺指2X中信63購06,0.63,0.67
1150820,065455,台股增中信63購01,0.47,0.50
1150820,065456,台積電中信65購01,0.51,0.56
1150820,065457,智邦中信62購02,0.45,0.55
1150820,065458,南亞科中信5B購01,3.27,2.91
1150820,065459,聯發科中信63購03,1.80,2.17
1150820,065460,群創中信5B購01,,4.32
1150820,065461,貿聯中信5B購01,0.11,0.12
1150820,065462,亞翔中信63購01,0.56,0.65
1150820,065463,AES中信62購01,0.36,0.42
1150820,065464,至上中信62購01,0.58,0.63
1150820,065465,華城永豐61購02,0.37,0.29
1150820,065466,台積電永豐5C購21,,0.93
1150820,065467,聯發科永豐61購02,2.42,3.13
1150820,065468,盟立永豐61購02,2.02,2.17
1150820,065469,TPK永豐5B購01,0.63,0.66
1150820,065470,TPK永豐61購01,0.79,0.72
1150820,065471,TPK永豐64購01,1.12,1.03
1150820,065472,勝一凱基5C購01,0.41,0.50
1150820,065473,鴻海凱基5C購08,0.69,1.07
1150820,065474,台積電凱基5B購14,,0.35
1150820,065475,台積電凱基5B購15,,0.32
1150820,065476,台積電凱基5B購16,,0.66
1150820,065477,華邦電凱基5C購01,3.41,3.33
1150820,065478,智邦凱基5B購04,,0.32
1150820,065480,聯發科凱基5B購03,1.61,2.38
1150820,065481,聯發科凱基5B購04,1.90,2.51
1150820,065482,聯發科凱基5C購09,1.78,2.44
1150820,065483,聯發科凱基5C購10,,3.39
1150820,065484,智原凱基5B購04,0.26,0.35
1150820,065485,玉晶光凱基61購01,,1.10
1150820,065486,群創凱基5C購01,4.01,4.78
1150820,065487,嘉澤凱基61購02,,0.18
1150820,065488,世芯凱基5C購06,,0.54
1150820,065489,貿聯凱基5B購05,0.11,0.17
1150820,065490,日月光凱基5B購02,,0.81
1150820,065491,jpp凱基5B購02,,0.14
1150820,065493,達發凱基5B購01,0.49,0.58
1150820,065494,力積電凱基5B購02,,0.84
1150820,065496,川湖元大5B購09,,11.00
1150820,065497,金寶元大5B購02,1.02,1.26
1150820,065498,華通元大5B購07,1.48,1.46
1150820,065499,台積電元大5B購06,0.26,0.37
1150820,065500,台積電元大5B購07,,0.59
1150820,065501,台積電元大5B購08,,0.64
1150820,065502,台積電元大61購28,,0.60
1150820,065503,華邦電元大5B購01,,2.41
1150820,065504,華邦電元大5B購02,,2.49
1150820,065505,技嘉元大5B購02,2.49,3.51
1150820,065507,南亞科元大5B購02,,5.84
1150820,065508,南亞科元大5B購03,,4.63
1150820,065509,聯發科元大5B購02,3.61,4.72
1150820,065510,聯發科元大5B購03,3.44,4.48
1150820,065511,聯發科元大5B購04,3.28,5.03
1150820,065512,聯發科元大5B購05,2.55,3.26
1150820,065513,聯發科元大5B購06,2.61,3.42
1150820,065514,聯發科元大61購23,,2.49
1150820,065515,盟立元大5B購01,,4.89
1150820,065516,盟立元大5B購02,,2.75
1150820,065517,大立光元大5B購04,,6.55
1150820,065519,晟銘電元大5B購01,,0.13
1150820,065520,德律元大61購03,0.88,1.09
1150820,065522,智原元大5B購02,1.14,1.18
1150820,065524,智原元大64購01,0.88,0.89
1150820,065525,緯創元大5B購03,,2.33
1150820,065526,亞翔元大5B購07,1.64,2.14
1150820,065528,力成元大5B購01,,1.92
1150820,065529,力積電元大5B購04,,2.48
1150820,065530,AES元大61購02,0.50,0.61
1150820,065531,昇陽半元大5B購01,1.05,1.40
1150820,065532,勤誠元大64購01,,1.01
1150820,065533,台灣50兆豐65購01,,1.42
1150820,065534,智邦兆豐61購01,,0.61
1150820,065535,力積電兆豐61購01,,1.25
1150820,065536,勤誠兆豐61購01,,0.68
1150820,065537,台玻國票5C購01,0.29,0.25
1150820,065538,光寶科國票5C購02,2.72,2.54
1150820,06553U,台積電中信5A售05,0.01,0.01
1150820,065540,聯電國票5C購01,2.77,3.32
1150820,065541,金寶國票5C購01,0.71,0.87
1150820,065542,中環國票5B購01,0.52,0.58
1150820,065543,國巨國票5B購01,,6.80
1150820,065544,國巨國票5B購02,,5.05
1150820,065546,智邦國票61購02,,0.53
1150820,065547,技嘉國票5B購02,1.61,2.07
1150820,065548,漢唐國票5C購02,0.82,1.06
1150820,065549,南亞科國票61購01,6.50,5.78
1150820,065550,聯發科國票5C購01,,4.77
1150820,065551,聯發科國票5C購02,2.75,3.42
1150820,065552,聯發科國票5C購03,2.25,2.82
1150820,065553,盟立國票5B購01,,1.82
1150820,065554,可成國票5B購01,0.37,0.34
1150820,065555,可成國票5C購01,,0.37
1150820,065556,華新科國票61購01,3.77,3.83
1150820,065557,揚博國票5B購02,1.53,1.53
1150820,065558,大立光國票5C購01,,6.65
1150820,065559,晟銘電國票5B購01,0.09,0.12
1150820,065560,聯詠國票5B購02,3.31,3.15
1150820,065561,聯詠國票5B購03,3.11,3.32
1150820,065562,聯詠國票5C購01,2.36,2.60
1150820,065563,健鼎國票5C購01,0.80,0.66
1150820,065564,緯創國票5C購02,1.66,2.00
1150820,065565,宏致國票5B購01,1.82,2.05
1150820,065566,鈞興國票5B購01,0.40,0.56
1150820,065569,三集瑞國票5C購01,0.19,0.24
1150820,065570,台灣50台新5B購01,,3.18
1150820,065571,台灣50台新5B購02,,2.20
1150820,065572,T50正2台新5B購03,,1.91
1150820,065573,T50正2台新5C購02,,1.65
1150820,065574,T50正2台新62購01,,3.00
1150820,065575,長興台新5B購01,0.61,0.70
1150820,065576,長興台新5C購01,,0.83
1150820,065578,美時台新65購01,0.92,0.85
1150820,065579,川湖台新5B購01,,32.11
1150820,065580,川湖台新5B購02,,41.76
1150820,065581,鴻海台新5B購01,36.80,46.97
1150820,065583,國巨台新5B購02,,11.28
1150820,065584,台積電台新5B購01,0.97,1.28
1150820,065585,台積電台新5B購02,,0.76
1150820,065586,台積電台新5B購03,,0.51
1150820,065587,台積電台新5B購04,,0.36
1150820,065588,台積電台新5B購05,0.22,0.30
1150820,065589,智邦台新5B購01,0.38,0.45
1150820,065591,南亞科台新62購01,,5.50
1150820,065592,京元電台新5B購01,,1.12
1150820,065594,聯發科台新5B購02,6.35,8.74
1150820,065595,聯發科台新5B購03,7.00,11.24
1150820,065596,聯發科台新5B購04,1.95,3.14
1150820,065597,盟立台新5B購01,,6.24
1150820,065598,大立光台新65購01,13.60,10.45
1150820,065599,惠特台新5B購01,,0.31
1150820,065600,力積電台新5B購01,2.30,2.04
1150820,065601,力積電台新5B購02,9.35,10.89
1150820,065602,昇陽半台新5B購01,,1.73
1150820,065603,昇陽半台新5B購02,1.24,1.70
1150820,065604,FB科技富邦63購02,0.69,0.74
1150820,065605,台股增富邦61購01,0.50,0.54
1150820,065606,台強棒富邦61購01,0.66,0.75
1150820,065608,華通富邦61購04,0.32,0.29
1150820,065609,台積電富邦5B購03,0.45,0.55
1150820,065610,華邦電富邦5C購01,2.78,2.27
1150820,065611,所羅門富邦62購01,1.69,1.65
1150820,065612,TPK富邦5C購01,0.37,0.36
1150820,065613,日月光富邦5B購03,0.78,1.24
1150820,065614,迅得富邦63購01,,0.31
1150820,065615,矽創富邦62購01,1.03,1.21
1150820,065616,勤誠富邦5B購02,,0.50
1150820,065617,臺股指富邦61購12,1.74,1.89
1150820,065618,華城群益5B購03,0.43,0.43
1150820,065619,台玻群益5B購01,0.76,0.74
1150820,065620,川湖群益5B購06,,36.27
1150820,065621,鴻海群益5B購07,1.04,1.45
1150820,065623,智邦群益5B購05,0.74,1.41
1150820,065624,南亞科群益5B購02,,5.62
1150820,065625,京元電群益5C購01,,2.04
1150820,065626,聯發科群益62購01,4.70,6.03
1150820,065627,聯發科群益65購01,4.44,5.94
1150820,065628,盟立群益5B購01,,3.34
1150820,065629,嘉晶群益5B購01,4.10,4.53
1150820,065630,力積電群益5B購01,0.80,0.97
1150820,065631,AES群益5B購01,,0.25
1150820,065632,AES群益5B購02,0.09,0.15
1150820,065633,臺股指群益65購05,,2.13
1150820,065634,金寶國泰5C購01,1.44,1.75
1150820,065635,英業達國泰5C購01,5.40,5.40
1150820,065636,南亞科國泰63購01,6.85,6.13
1150820,065639,TPK國泰5C購01,1.60,1.43
1150820,065640,勤誠國泰5C購01,0.43,0.68
1150820,065641,亞德客國泰5C購01,0.91,1.21
1150820,065642,台橡國泰5C購01,3.17,2.68
1150820,065643,耀登國泰61購01,0.18,0.21
1150820,065644,達邁國泰5C購01,,0.19
1150820,065645,康普國泰5C購01,0.99,1.15
1150820,065646,緯穎國泰5C購01,,2.66
1150820,065647,緯穎國泰5C購02,,1.69
1150820,065649,台玻中信63購01,0.33,0.28
1150820,065650,台積電中信65購02,0.55,0.58
1150820,065651,華邦電中信5B購01,2.45,2.47
1150820,065653,大立光中信5B購01,,2.81
1150820,065654,世芯中信63購02,0.51,0.55
1150820,065655,jpp中信63購01,,0.28
1150820,065656,佳必琪中信63購01,2.57,2.64
1150820,065657,力成中信63購01,1.37,1.56
1150820,065658,力積電中信5B購02,0.74,0.83
1150820,065659,臺股指中信63購06,0.50,0.55
1150820,065660,台股增凱基5C購01,1.22,1.33
1150820,065661,台強棒凱基5C購01,1.40,1.40
1150820,065662,華城凱基5B購02,,0.24
1150820,065663,川湖凱基5B購06,,16.10
1150820,065665,國巨凱基5B購02,,5.48
1150820,065666,台積電凱基5B購17,,0.59
1150820,065667,台積電凱基61購09,0.91,1.01
1150820,065668,華邦電凱基5B購01,,4.60
1150820,065669,智邦凱基5C購02,0.37,0.65
1150820,065670,技嘉凱基5B購02,1.41,1.95
1150820,065671,南亞科凱基5B購01,6.00,5.34
1150820,065673,盟立凱基5B購01,3.18,3.28
1150820,065674,可成凱基5B購02,,0.33
1150820,065675,大立光凱基5B購05,10.50,8.54
1150820,065677,亞光凱基5B購01,,0.50
1150820,065678,德律凱基61購03,,0.36
1150820,065679,群創凱基5B購01,,6.10
1150820,065680,貿聯凱基61購02,0.34,0.36
1150820,065681,達興凱基5B購01,,0.06
1150820,065682,佳必琪凱基63購01,2.55,2.71
1150820,065685,緯穎凱基5B購07,2.02,2.22
1150820,065686,緯穎凱基61購03,,1.78
1150820,065687,力積電凱基61購01,,1.22
1150820,065688,AES凱基61購02,0.24,0.41
1150820,065689,昇陽半凱基5B購03,,0.78
1150820,06568U,道瓊指國票5A售01,,0.05
1150820,065690,台虹凱基5B購02,,2.49
1150820,065691,勤誠凱基64購01,,0.50
1150820,065692,臺股指凱基65購04,2.12,2.26
1150820,065693,台灣50永豐63購01,,2.34
1150820,065694,南亞永豐63購01,4.66,4.66
1150820,065695,金寶永豐63購01,1.22,1.35
1150820,065696,國巨永豐63購01,3.19,3.77
1150820,065697,台積電永豐75購01,,1.35
1150820,065698,台積電永豐75購02,,1.69
1150820,065699,京元電永豐63購01,0.88,1.03
1150820,065700,盟立永豐5C購02,,1.99
1150820,065701,晟銘電永豐65購01,0.21,0.24
1150820,065702,嘉晶永豐61購01,,1.48
1150820,065703,世芯永豐61購05,,1.23
1150820,065704,世芯永豐67購01,0.97,1.48
1150820,065705,貿聯永豐63購01,0.37,0.38
1150820,065706,和碩永豐5C購01,,1.56
1150820,065707,力成永豐63購01,,2.97
1150820,065708,緯穎永豐5B購04,,2.19
1150820,065709,AES永豐65購01,0.50,0.58
1150820,065710,FB台50元大65購01,2.04,2.13
1150820,065711,T50反1元大5B購06,,0.35
1150820,065713,亞德客元大5B購01,,0.35
1150820,065714,長興元大5B購04,,0.68
1150820,065715,台玻元大5B購03,0.52,0.49
1150820,065716,上銀元大5B購05,2.15,1.86
1150820,065717,聯電元大5B購06,,5.75
1150820,065718,聯電元大61購14,4.76,5.22
1150820,065719,金寶元大5B購03,1.26,1.51
1150820,065720,台積電元大5B購10,0.55,0.72
1150820,065721,台積電元大61購29,0.55,0.63
1150820,065724,南亞科元大61購02,4.04,3.78
1150820,065725,京元電元大61購04,,0.96
1150820,065726,盟立元大5B購03,,2.23
1150820,065727,盟立元大5B購04,,2.42
1150820,065728,盟立元大5B購05,,1.86
1150820,065729,盟立元大65購04,,1.86
1150820,065730,國泰金元大5B購01,,4.89
1150820,065731,德律元大61購04,,1.21
1150820,065732,德律元大64購01,,1.34
1150820,065734,宏致元大5B購01,1.74,2.19
1150820,065735,世芯元大64購05,,1.17
1150820,065736,貿聯元大5B購02,0.42,0.53
1150820,065737,貿聯元大5B購03,,0.68
1150820,065738,貿聯元大5B購04,,0.45
1150820,065739,貿聯元大5C購03,,0.56
1150820,065740,貿聯元大61購03,,0.45
1150820,065741,日月光元大5B購03,1.86,2.49
1150820,065743,力積電元大5B購05,,2.20
1150820,065744,昇陽半元大5B購02,,2.06
1150820,065745,昇陽半元大64購02,2.22,2.50
1150820,065746,長興兆豐61購01,,0.41
1150820,065747,川湖兆豐61購01,,16.60
1150820,065748,嘉澤兆豐61購01,0.24,0.54
1150820,065749,jpp兆豐61購01,1.00,0.91
1150820,065750,台灣50富邦75購01,1.13,1.26
1150820,065752,上銀富邦61購01,0.95,1.00
1150820,065753,金寶富邦5B購01,0.39,0.51
1150820,065754,南亞科富邦62購01,3.40,3.06
1150820,065755,南亞科富邦62購02,3.49,3.17
1150820,065756,國泰金富邦63購01,,2.13
1150820,065757,AES富邦61購01,0.34,0.43
1150820,065758,AES富邦62購01,0.32,0.32
1150820,065759,台虹富邦5B購02,3.03,2.22
1150820,065760,福懋科富邦63購01,0.50,0.61
1150820,065761,台積電群益62購03,1.36,1.50
1150820,065762,台積電群益62購04,1.06,1.15
1150820,065763,台積電群益62購05,1.26,1.40
1150820,065764,台積電群益62購06,,1.08
1150820,065766,技嘉群益5C購01,2.80,2.88
1150820,065767,南亞科群益5B購03,,8.22
1150820,065768,盟立群益5B購02,2.16,2.39
1150820,065769,晟銘電群益5C購01,0.06,0.09
1150820,065770,嘉晶群益61購01,0.85,0.91
1150820,065771,嘉晶群益61購02,0.82,0.90
1150820,065772,智原群益5B購04,,0.69
1150820,065773,彩晶群益5B購01,,4.01
1150820,065774,緯穎群益61購01,1.16,1.15
1150820,065775,昇陽半群益5C購01,1.09,1.19
1150820,065776,T50反1國票5B購01,0.32,0.37
1150820,065777,直得國票5C購01,0.44,0.60
1150820,065779,超豐國票5B購01,,1.74
1150820,065781,盟立國票5C購01,2.44,2.48
1150820,065783,嘉晶國票5B購01,1.38,1.47
1150820,065784,德律國票5C購01,,0.39
1150820,065785,群創國票5C購01,,5.72
1150820,065786,達邁國票5C購01,,0.11
1150820,065787,大聯大國票5C購01,,1.02
1150820,065788,台郡國票5C購01,,0.62
1150820,065789,康舒國票5C購01,0.37,0.48
1150820,065790,昇陽半國票5C購01,,0.80
1150820,065791,富鼎國票61購01,2.66,2.92
1150820,065792,台灣50台新5B購04,,1.58
1150820,065793,T50正2台新5B購04,,5.13
1150820,065794,元債2X台新5B購01,0.22,0.26
1150820,065796,上銀台新5B購01,1.73,2.11
1150820,065797,台積電台新62購01,2.59,2.78
1150820,065798,台積電台新62購02,3.54,3.72
1150820,065799,台積電台新62購03,3.05,3.23
1150820,065802,華邦電台新5B購03,,5.01
1150820,065803,南亞科台新5C購01,,4.83
1150820,065804,南亞科台新65購01,,6.81
1150820,065805,盟立台新5B購03,,2.94
1150820,065807,貿聯台新5B購02,0.33,0.38
1150820,065808,貿聯台新62購01,0.78,0.84
1150820,065809,佳必琪台新5B購01,,4.89
1150820,065810,佳必琪台新5B購02,3.04,3.26
1150820,065811,力成台新65購01,4.99,5.15
1150820,065812,矽格台新5B購01,1.48,1.71
1150820,065813,啟碁台新5B購01,1.27,1.56
1150820,065814,迅得台新5B購01,,0.51
1150820,065815,緯穎台新5B購01,2.89,2.83
1150820,065816,緯穎台新5C購01,4.95,5.07
1150820,065817,緯穎台新62購01,,3.13
1150820,065818,緯穎台新65購01,3.15,3.03
1150820,065819,惠特台新62購01,0.59,0.64
1150820,065820,力積電台新5B購04,2.74,3.70
1150820,065821,世紀鋼台新65購01,1.03,1.45
1150820,065822,臺股指台新5B購02,,1.55
1150820,065823,T50反1中信6B購01,0.74,0.75
1150820,065824,東元中信5B購01,0.68,0.54
1150820,065826,華通中信5B購01,,0.24
1150820,065827,台積電中信65購03,,0.51
1150820,065828,南亞科中信5B購03,,3.40
1150820,065829,南亞科中信62購01,3.30,2.74
1150820,065830,友達中信61購01,2.22,2.19
1150820,065831,嘉晶中信5B購01,0.57,0.65
1150820,065833,緯穎中信65購01,,1.73
1150820,065835,T50正2永豐65購01,1.78,1.89
1150820,065836,台股增永豐61購01,,1.17
1150820,065837,台股增永豐65購01,,1.12
1150820,065838,華通永豐61購01,0.67,0.65
1150820,065839,華通永豐63購01,0.91,0.85
1150820,065840,台積電永豐61購12,0.98,0.99
1150820,065841,台積電永豐65購02,,1.35
1150820,065842,台積電永豐65購03,,1.21
1150820,065843,華邦電永豐6C購01,2.62,2.57
1150820,065844,燿華永豐61購01,,0.16
1150820,065846,佳能永豐5C購01,,0.67
1150820,065847,南亞科永豐5B購02,,3.83
1150820,065849,南亞科永豐69購01,,5.80
1150820,065850,南亞科永豐6B購01,6.15,5.96
1150820,065851,群創永豐5B購02,,6.65
1150820,065852,眾達永豐63購02,,0.20
1150820,065853,華邦電兆豐65購01,4.12,3.98
1150820,065854,華邦電兆豐65購02,,3.62
1150820,065855,南亞科兆豐65購01,5.60,5.03
1150820,065856,緯穎兆豐65購01,2.87,2.79
1150820,065857,士電富邦61購01,0.62,0.62
1150820,065858,亞德客富邦61購01,0.40,0.51
1150820,065859,台玻富邦5B購01,,0.21
1150820,065860,華碩富邦5B購01,4.31,4.13
1150820,065861,皇昌富邦62購01,0.32,0.34
1150820,065862,玉山金富邦5B購01,,1.64
1150820,065863,元大金富邦5B購01,1.51,2.10
1150820,065864,中信金富邦5B購02,,2.00
1150820,065865,嘉晶富邦5B購02,0.69,0.76
1150820,065866,眾達富邦63購01,0.30,0.26
1150820,065867,力成富邦5B購02,,0.80
1150820,065868,昇陽半富邦5B購02,0.25,0.48
1150820,065869,亞德客凱基5C購01,0.51,0.72
1150820,065870,長興凱基5B購02,,0.40
1150820,065871,上銀凱基5B購01,0.78,0.81
1150820,065872,宇隆凱基5B購01,,0.04
1150820,065874,華通凱基61購04,,0.26
1150820,065875,鴻海凱基5B購06,0.71,1.17
1150820,065877,台積電凱基5B購18,1.37,1.52
1150820,065878,台積電凱基5B購19,,1.07
1150820,065879,佳能凱基5B購02,,0.15
1150820,065880,微星凱基5C購01,2.66,3.79
1150820,065881,南亞科凱基5B購02,5.60,4.98
1150820,065882,南亞科凱基5B購03,,6.50
1150820,065883,京元電凱基5B購04,,0.10
1150820,065884,強茂凱基5B購05,,2.47
1150820,065885,國泰金凱基5B購01,,4.33
1150820,065886,嘉晶凱基61購01,0.79,0.82
1150820,065887,零壹凱基5B購01,0.36,0.38
1150820,065889,智原凱基5B購05,,0.51
1150820,065890,貿聯凱基61購03,0.25,0.32
1150820,065891,眾達凱基61購01,0.20,0.17
1150820,065893,康舒凱基5C購01,,0.72
1150820,065894,緯穎凱基5B購08,,1.97
1150820,065896,直得國泰5C購01,1.32,1.63
1150820,065897,台玻國泰5C購01,0.99,0.92
1150820,065898,華通國泰5C購01,0.84,0.71
1150820,065899,技嘉國泰5C購01,,3.86
1150820,065900,晟銘電國泰5C購01,0.31,0.38
1150820,065901,力成國泰5C購01,4.88,4.76
1150820,065902,新纖國票61購01,1.83,1.86
1150820,065903,中砂國票5C購01,,1.93
1150820,065904,直得國票61購01,0.36,0.46
1150820,065905,宇隆國票5C購01,,0.19
1150820,065906,廣宇國票5B購01,,0.30
1150820,065907,燿華國票5B購01,,0.13
1150820,065908,大同國票5B購01,0.22,0.18
1150820,065909,凱美國票5C購01,,2.61
1150820,065910,富邦金國票5B購01,5.90,5.90
1150820,065911,華晶科國票5C購01,0.34,0.40
1150820,065912,世芯國票5B購02,0.38,0.48
1150820,065913,世芯國票5B購03,,0.32
1150820,065915,和椿國票5B購01,0.18,0.23
1150820,065916,群電國票61購01,,0.51
1150820,065917,矽創國票5C購01,1.24,1.48
1150820,065918,台股增元大5C購01,,0.95
1150820,065919,華城元大61購06,0.72,0.73
1150820,065920,華城元大64購01,0.74,0.75
1150820,065921,亞德客元大5B購02,,0.57
1150820,065922,長興元大5B購05,,0.49
1150820,065923,上銀元大5B購06,,1.75
1150820,065926,川湖元大5B購12,,11.91
1150820,065927,華通元大61購08,,0.33
1150820,065928,台積電元大5B購11,0.59,0.70
1150820,065929,台積電元大5B購12,0.95,1.03
1150820,065930,台積電元大5B購13,0.89,1.02
1150820,065931,台積電元大61購30,0.67,0.83
1150820,065932,台積電元大64購08,,0.86
1150820,065933,華邦電元大5B購03,,4.08
1150820,065934,漢唐元大64購02,2.61,3.02
1150820,065935,南亞科元大5B購05,,6.46
1150820,065936,南亞科元大5B購06,8.75,8.75
1150820,065937,京元電元大61購05,,0.46
1150820,065938,大立光元大5B購06,,8.42
1150820,065939,大立光元大5B購07,,6.01
1150820,065940,晟銘電元大5B購02,0.14,0.18
1150820,065941,緯創元大61購08,,2.20
1150820,065942,昇貿元大5B購02,,0.47
1150820,065943,玉晶光元大5B購01,,0.88
1150820,065944,群創元大64購03,5.15,5.15
1150820,065945,宏致元大5B購02,,2.08
1150820,065947,世芯元大61購14,,0.87
1150820,065948,世芯元大64購06,,1.16
1150820,065950,佳必琪元大5B購03,3.86,4.37
1150820,065951,保瑞元大5B購02,0.44,0.37
1150820,065952,緯穎元大64購01,,3.87
1150820,065953,矽創元大5B購01,,3.38
1150820,065955,昇陽半元大61購03,,1.12
1150820,065956,昇陽半元大64購03,,1.45
1150820,065957,臺股指元大5B購19,1.73,1.81
1150820,065958,台灣50台新5B購06,,2.97
1150820,065959,東陽台新5B購01,,1.71
1150820,065960,亞德客台新5B購01,1.31,1.80
1150820,065961,亞德客台新5B購02,0.89,1.13
1150820,065962,亞德客台新5B購03,0.41,0.65
1150820,065963,台玻台新5B購01,0.48,0.45
1150820,065964,台玻台新5C購01,0.67,0.62
1150820,065965,台玻台新62購01,0.65,0.58
1150820,065966,大成鋼台新5B購01,,3.29
1150820,065967,大成鋼台新5C購01,3.79,3.21
1150820,065968,大成鋼台新62購01,,2.36
1150820,065969,上銀台新5B購02,2.14,2.36
1150820,065970,金寶台新5B購01,0.81,0.81
1150820,065971,華通台新5B購01,,0.96
1150820,065972,所羅門台新5B購01,,2.94
1150820,065973,所羅門台新5B購02,3.29,2.98
1150820,065974,燿華台新5B購01,,0.23
1150820,065975,燿華台新5B購02,,0.12
1150820,065976,佳能台新5B購01,,0.50
1150820,065977,佳能台新5B購02,0.43,0.53
1150820,065978,漢唐台新5B購01,1.91,2.27
1150820,065979,漢唐台新5B購02,,2.32
1150820,065980,漢唐台新62購01,2.58,3.05
1150820,065981,富邦金台新5B購01,,6.95
1150820,065982,嘉晶台新5B購01,1.99,1.89
1150820,065983,嘉晶台新5B購02,1.42,1.36
1150820,065984,智原台新5B購01,1.36,1.63
1150820,065985,智原台新5B購02,,1.39
1150820,065986,健鼎台新5B購01,1.39,1.07
1150820,065987,新日興台新5B購01,,0.81
1150820,065990,宏致台新5B購01,2.98,3.31
1150820,065991,宏致台新5B購02,,2.44
1150820,065992,宏致台新5B購03,1.24,1.60
1150820,065993,鈞興台新5B購01,,0.84
1150820,065994,精銳台新5B購01,,0.14
1150820,065995,南寶台新5B購01,,1.07
1150820,065996,和碩台新5B購01,,3.38
1150820,065997,和碩台新5B購02,,2.46
1150820,06599U,台灣50凱基5A售01,,0.12
1150820,066001,帆宣台新5B購02,,3.12
1150820,066002,達發台新5B購01,,2.12
1150820,066003,達發台新5B購02,,1.66
1150820,066004,洋基台新5B購01,2.10,2.43
1150820,066005,洋基台新5B購02,1.40,1.81
1150820,066006,惠特台新5C購01,0.33,0.40
1150820,066007,昇陽半台新5B購03,,1.91
1150820,066008,昇陽半台新5B購04,,1.28
1150820,066009,福懋科台新5B購01,,1.15
1150820,066010,福懋科台新5B購02,,0.85
1150820,066011,勤誠台新5B購01,0.20,0.52
1150820,066012,台灣50群益5B購05,2.69,2.88
1150820,066013,台灣50群益5B購06,2.73,3.05
1150820,066014,台灣50群益5B購07,2.75,3.04
1150820,066015,台灣50群益65購01,3.05,3.29
1150820,066017,SGBR2X群益5B購05,,0.32
1150820,066018,台股增群益5B購01,0.68,0.87
1150820,066019,華城群益63購02,,0.32
1150820,066020,亞德客群益61購01,0.38,0.48
1150820,066021,川湖群益63購02,,6.03
1150820,066022,國巨群益5B購05,9.75,9.75
1150820,066024,智邦群益5B購06,,1.61
1150820,066026,技嘉群益5B購01,1.50,1.86
1150820,066030,可成群益5B購01,0.56,0.65
1150820,066031,凱基金群益5B購01,,4.20
1150820,066033,嘉晶群益63購01,0.99,1.03
1150820,066034,德律群益5B購06,,0.96
1150820,066035,群創群益5B購01,,15.92
1150820,066037,緯穎群益65購01,,1.40
1150820,066038,力積電群益5B購02,2.61,2.56
1150820,066039,昇陽半群益61購01,0.79,1.05
1150820,066040,勤誠群益5B購01,0.22,0.39
1150820,066041,台積電兆豐61購01,,0.89
1150820,066042,燿華兆豐65購01,,0.51
1150820,066043,聯發科兆豐65購01,2.63,3.10
1150820,066044,聯發科兆豐65購02,2.70,3.33
1150820,066045,大立光兆豐65購01,5.55,4.10
1150820,066046,貿聯兆豐65購01,0.80,0.81
1150820,066047,日月光兆豐61購01,0.95,1.10
1150820,066048,祥碩兆豐65購01,1.53,1.55
1150820,066049,啟碁兆豐61購01,0.62,0.79
1150820,066050,台股增富邦5B購01,0.49,0.57
1150820,066051,台股增富邦65購01,,0.83
1150820,066052,國巨富邦65購01,1.77,1.97
1150820,066054,聯發科富邦65購01,2.43,2.80
1150820,066055,聯發科富邦6B購01,,1.87
1150820,066056,聯發科富邦75購01,2.40,2.54
1150820,066057,晶豪科富邦61購01,,1.27
1150820,066058,晶豪科富邦62購01,1.27,1.38
1150820,066059,群創富邦63購01,,3.28
1150820,066060,佳必琪富邦63購01,1.40,1.53
1150820,066061,臺股指富邦5B購13,,1.71
1150820,066062,臺股指富邦5C購18,,1.78
1150820,066063,臺股指富邦5C購19,1.87,2.04
1150820,066064,臺股指富邦61購13,1.88,2.12
1150820,066065,臺股指富邦63購09,,1.79
1150820,066067,中502X國票5C購01,,0.45
1150820,066068,華新國票5B購01,1.20,1.36
1150820,066069,宇隆國票5C購02,,0.14
1150820,066070,智邦國票61購03,,0.42
1150820,066071,研華國票5B購01,,5.92
1150820,066072,聯發科國票5B購03,1.39,1.95
1150820,066073,聯發科國票61購01,1.82,2.38
1150820,066074,德律國票5C購02,,0.31
1150820,066075,貿聯國票61購03,,0.28
1150820,066076,盛群國票5C購01,0.38,0.50
1150820,066077,和椿國票5B購02,0.19,0.24
1150820,066078,惠特國票5C購01,,0.18
1150820,066079,南茂國票5C購01,1.10,1.29
1150820,066080,FB科技凱基5C購01,1.52,1.63
1150820,066081,FB台50凱基5C購01,,1.47
1150820,066082,永續半凱基5C購01,,2.19
1150820,066083,台股增凱基5B購01,0.74,0.81
1150820,066084,新纖凱基5B購01,2.25,2.30
1150820,066085,士電凱基61購01,0.52,0.52
1150820,066086,華城凱基64購01,,0.50
1150820,066087,中砂凱基5B購02,,1.61
1150820,066088,川湖凱基5B購07,17.10,13.09
1150820,066089,國巨凱基5B購04,,7.60
1150820,066090,廣宇凱基61購02,,0.23
1150820,066092,台積電凱基63購09,0.74,0.87
1150820,066093,台亞凱基5B購01,0.11,0.15
1150820,066094,華邦電凱基5C購03,3.85,3.66
1150820,066095,智邦凱基61購04,,0.47
1150820,066097,鴻海凱基5C購02,,2.53
1150820,066098,南亞科凱基5B購04,5.50,5.27
1150820,066100,聯發科凱基5B購06,1.99,3.01
1150820,066101,聯發科凱基5B購07,1.82,2.36
1150820,066102,聯發科凱基5C購11,,2.29
1150820,066103,聯發科凱基61購07,1.33,1.99
1150820,066104,聯發科凱基65購01,1.90,2.77
1150820,066105,晶豪科凱基5B購02,,2.49
1150820,066106,大立光凱基5B購06,,6.58
1150820,066107,嘉晶凱基63購01,0.79,0.84
1150820,066108,昇貿凱基5B購01,,0.54
1150820,066109,世芯凱基64購02,1.31,1.08
1150820,066110,貿聯凱基61購04,0.13,0.17
1150820,066111,佳必琪凱基5B購03,,2.04
1150820,066112,矽格凱基61購02,,0.89
1150820,066113,矽創凱基5B購01,1.45,1.67
1150820,066114,昇陽半凱基64購02,0.67,0.80
1150820,066115,國巨國泰5C購01,3.85,4.42
1150820,066116,技嘉國泰5C購02,,2.69
1150820,066118,台股增永豐5C購01,,0.86
1150820,066119,台股增永豐61購02,,1.44
1150820,066120,台股增永豐63購01,,1.35
1150820,066121,台強棒永豐63購01,1.50,1.61
1150820,066122,士電永豐5C購01,,0.87
1150820,066123,亞力永豐61購01,,0.29
1150820,066124,華城永豐63購01,0.58,0.58
1150820,066125,聯電永豐63購01,2.99,3.43
1150820,066126,國巨永豐5C購03,,3.63
1150820,066129,直得統一59購01,0.18,0.26
1150820,066130,直得統一61購01,0.32,0.37
1150820,066131,台積電永豐75購03,0.61,0.66
1150820,066132,台亞永豐61購01,0.21,0.21
1150820,066133,智邦永豐5C購04,0.30,0.45
1150820,066134,研華永豐5C購02,,4.54
1150820,066135,南亞科永豐5B購03,,5.04
1150820,066136,南亞科永豐5C購02,,3.77
1150820,066137,南亞科永豐61購02,,3.08
1150820,066140,超豐永豐61購01,1.22,1.22
1150820,066141,聯發科統一61購01,4.26,4.80
1150820,066142,京元電永豐5C購02,,0.41
1150820,066144,聯發科永豐61購03,2.27,2.69
1150820,066145,聯發科永豐63購02,2.44,3.04
1150820,066146,聯發科永豐64購03,3.63,4.25
1150820,066147,聯發科永豐66購02,1.52,1.75
1150820,066150,晶豪科永豐5C購03,1.05,1.16
1150820,066151,晶豪科永豐65購01,1.65,1.78
1150820,066153,晶豪科永豐65購02,1.18,1.17
1150820,066155,群創永豐61購01,4.25,5.69
1150820,066156,群創永豐64購01,,4.09
1150820,066157,群創永豐65購01,3.89,4.40
1150820,066158,日月光永豐63購01,1.41,1.70
1150820,066159,力成永豐5C購02,,2.34
1150820,066160,力積電永豐5C購05,0.96,1.05
1150820,066161,T50正2元大5B購08,1.12,1.27
1150820,066162,亞力元大5B購01,,0.16
1150820,066163,直得元大5B購01,0.24,0.33
1150820,066164,宇隆元大5B購01,,0.16
1150820,066165,台積電元大5B購14,,0.37
1150820,066166,台積電元大61購31,0.38,0.38
1150820,066167,台積電元大64購09,,0.68
1150820,066168,順德元大5B購01,0.61,0.47
1150820,066169,威盛元大64購01,1.48,1.78
1150820,066171,凌陽元大5B購01,,0.91
1150820,066172,偉詮電元大64購01,,0.62
1150820,066173,聯發科元大5B購08,2.02,2.68
1150820,066174,聯發科元大5B購09,2.47,3.13
1150820,066175,聯發科元大5B購10,2.06,2.67
1150820,066176,聯發科元大5B購11,1.62,2.85
1150820,066177,聯發科元大5B購12,1.99,2.67
1150820,066178,聯發科元大5B購13,1.16,1.52
1150820,066179,聯發科元大5B購14,1.15,1.46
1150820,066180,聯發科元大5B購15,1.09,1.42
1150820,066181,聯發科元大5B購16,1.10,1.48
1150820,066182,聯發科元大5B購17,1.10,1.46
1150820,066183,聯發科元大61購24,1.77,2.18
1150820,066184,聯發科元大61購25,2.10,2.37
1150820,066185,聯發科元大64購05,2.79,2.84
1150820,066186,聯發科元大64購06,,2.33
1150820,066187,中信金元大5B購01,,2.84
1150820,066188,晶豪科元大5B購01,1.72,1.87
1150820,066189,晶豪科元大5B購02,1.87,2.19
1150820,066190,晶豪科元大5B購03,1.54,1.69
1150820,066191,嘉晶元大5B購01,,0.49
1150820,066192,世芯元大5B購09,,0.34
1150820,066193,貿聯元大5B購05,0.45,0.54
1150820,066194,貿聯元大5B購06,0.38,0.77
1150820,066195,貿聯元大5B購07,0.14,0.16
1150820,066196,貿聯元大61購04,,0.26
1150820,066197,貿聯元大64購01,0.42,0.47
1150820,066198,精銳元大5B購01,,0.05
1150820,066199,眾達元大61購02,,0.43
1150820,066200,眾達元大64購01,,0.21
1150820,066201,力積電元大5B購06,1.41,1.75
1150820,066202,南茂元大64購01,,1.63
1150820,066203,臺股指元大5C購13,1.55,1.70
1150820,066204,臺股指元大5C購14,1.48,1.67
1150820,066205,T50反1台新5B購01,,0.56
1150820,066207,T50反1台新5B購03,,0.27
1150820,066208,T50反1台新65購01,0.58,0.62
1150820,066209,台積電台新5B購06,0.83,0.90
1150820,066210,台積電台新5C購01,,0.60
1150820,066211,台積電台新5C購02,2.61,3.15
1150820,066212,台積電台新5C購03,,1.98
1150820,066213,台積電台新5C購04,3.98,4.51
1150820,066215,台積電台新61購02,,1.06
1150820,066216,台積電台新61購03,1.01,1.12
1150820,066217,台積電台新62購04,,1.15
1150820,066218,台積電台新62購05,,0.79
1150820,066219,台積電台新62購06,,0.63
1150820,066220,台積電台新62購07,,2.75
1150820,066221,台積電台新63購01,,1.38
1150820,066222,台積電台新64購01,5.35,5.71
1150820,066224,台積電台新65購01,,2.05
1150820,066225,台積電台新65購02,1.99,2.08
1150820,066226,台積電台新65購03,1.02,1.09
1150820,066227,台積電台新65購04,,2.06
1150820,066228,台積電台新65購05,,3.30
1150820,066229,台積電台新65購06,1.36,1.42
1150820,066230,台積電台新65購07,,1.33
1150820,066231,台積電台新6B購01,1.63,1.68
1150820,066232,台積電台新6B購02,1.41,1.47
1150820,066233,台積電台新6B購03,1.28,1.33
1150820,066234,台積電台新6B購04,,1.53
1150820,066235,台積電台新75購01,1.54,1.58
1150820,066236,台積電台新75購02,2.12,2.22
1150820,066237,台積電台新75購03,,1.80
1150820,066238,威盛台新5B購01,0.35,0.56
1150820,066239,研華台新5B購02,,8.93
1150820,066240,南亞科台新5C購02,,4.08
1150820,066241,建準台新5B購01,0.80,1.00
1150820,066242,聯發科台新61購01,2.01,2.36
1150820,066243,聯發科台新61購02,2.30,2.95
1150820,066244,聯發科台新61購03,1.59,2.64
1150820,066248,德律台新5B購01,,0.49
1150820,066249,世芯台新5B購01,0.18,0.35
1150820,066250,世芯台新5C購01,0.42,0.51
1150820,066251,世芯台新65購01,0.95,1.09
1150820,066252,精銳台新5B購02,,0.13
1150820,066253,上品台新5B購01,,0.96
1150820,066254,上品台新5B購02,,0.85
1150820,066255,上品台新5B購03,,0.40
1150820,066256,精成科台新5B購01,,0.82
1150820,066257,精成科台新5B購03,,0.83
1150820,066258,帆宣台新5B購03,,3.68
1150820,066259,佳必琪台新5B購03,,2.10
1150820,066260,群電台新5B購01,,0.49
1150820,066262,樺漢台新5B購01,,4.02
1150820,066263,樺漢台新5B購03,,4.49
1150820,066264,達發台新5B購03,,1.59
1150820,066266,緯穎台新5B購02,3.38,3.29
1150820,066267,洋基台新5B購03,1.94,2.57
1150820,066268,華東台新5B購01,0.94,1.06
1150820,066269,華東台新5B購03,,0.78
1150820,066270,可寧衛台新5B購01,0.81,0.88
1150820,066271,可寧衛台新5B購03,0.57,0.59
1150820,066272,勝一群益65購01,0.42,0.47
1150820,066273,川湖群益63購03,,4.60
1150820,066274,聯電群益61購01,2.46,2.73
1150820,066275,鴻海群益5B購08,0.96,1.49
1150820,066277,華泰群益61購01,,0.38
1150820,066278,台積電群益5B購12,1.03,1.15
1150820,066279,台積電群益5B購13,,0.89
1150820,066280,台積電群益62購07,0.81,0.89
1150820,066281,華邦電群益5B購02,,3.53
1150820,066282,智邦群益5B購07,,0.78
1150820,066283,威盛群益5B購01,,0.75
1150820,066284,南亞科群益5B購06,,6.09
1150820,066285,京元電群益62購02,,0.52
1150820,066286,聯發科群益5B購08,2.53,3.37
1150820,066287,聯發科群益5B購09,3.27,4.41
1150820,066288,鉅祥群益61購01,0.60,0.72
1150820,066290,晶豪科群益5B購01,3.10,3.77
1150820,066291,晶豪科群益61購02,2.93,3.11
1150820,066292,嘉晶群益63購02,,0.80
1150820,066293,德律群益5B購07,,0.34
1150820,066294,貿聯群益5B購02,0.18,0.21
1150820,066295,上品群益5B購01,0.46,0.74
1150820,066297,佳必琪群益61購03,2.32,2.58
1150820,066298,矽格群益5B購02,1.20,1.45
1150820,066299,緯穎群益64購01,1.65,1.61
1150820,066300,宇隆國泰5C購01,,0.18
1150820,066301,智邦國泰5C購01,0.57,0.81
1150820,066302,京元電國泰5C購01,0.34,0.43
1150820,066303,定穎控國泰5C購01,0.13,0.18
1150820,066304,佳能兆豐61購01,,0.33
1150820,066305,鉅祥兆豐61購01,0.89,1.00
1150820,066306,矽格兆豐61購01,,0.91
1150820,066307,T50正2凱基61購04,,1.27
1150820,066308,香港2X凱基5B購01,0.69,0.75
1150820,066309,台股增凱基5B購02,0.98,1.00
1150820,066310,台股增凱基63購01,,1.06
1150820,066311,亞力凱基5B購01,0.11,0.15
1150820,066312,長興凱基5C購02,,0.51
1150820,066313,宇隆凱基5C購01,0.02,0.06
1150820,066314,聯電凱基5B購05,,2.98
1150820,066315,鴻海凱基5B購07,0.50,0.95
1150820,066316,鴻海凱基5B購08,0.32,0.59
1150820,066317,鴻海凱基5C購09,0.55,0.96
1150820,066318,廣宇凱基5B購01,,0.13
1150820,066319,順德凱基5B購01,0.71,0.72
1150820,066320,威盛凱基64購01,,0.87
1150820,066321,研華凱基5B購01,6.90,5.83
1150820,066322,凌陽凱基5B購01,0.40,0.56
1150820,066323,南亞科凱基61購01,4.15,3.97
1150820,066324,友達凱基5B購02,,3.51
1150820,066325,晶豪科凱基5B購03,1.29,1.51
1150820,066326,德律凱基5B購04,,0.08
1150820,066327,智原凱基5C購02,,0.55
1150820,066330,群創凱基61購01,,4.20
1150820,066331,貿聯凱基5B購06,0.16,0.22
1150820,066333,盛群凱基5B購01,0.36,0.55
1150820,066334,緯穎凱基64購01,,1.75
1150820,066335,力智凱基5B購01,,1.15
1150820,066336,南茂凱基64購01,1.00,1.09
1150820,066337,臺股指凱基63購12,1.14,1.18
1150820,066338,亞力群益5C購01,,0.27
1150820,066339,華城群益5B購04,,0.13
1150820,066340,中砂群益5B購02,,1.43
1150820,066341,川湖群益64購01,8.70,6.91
1150820,066343,台積電群益66購01,2.46,2.61
1150820,066344,智邦群益5B購08,,0.65
1150820,066345,鴻準群益5B購01,0.77,1.00
1150820,066346,燿華群益5B購02,,0.06
1150820,066347,南亞科群益5B購07,5.90,5.55
1150820,066348,京元電群益63購01,,0.32
1150820,066349,晶豪科群益5B購03,4.15,5.07
1150820,066351,德律群益5B購08,,0.28
1150820,066354,群創群益5B購03,3.99,5.23
1150820,066355,世芯群益5B購02,0.39,0.53
1150820,066356,昇陽半群益62購01,,1.27
1150820,066359,智邦台新5B購03,0.42,0.87
1150820,066360,鴻準台新5B購01,2.75,3.13
1150820,066361,南亞科台新62購02,6.25,5.60
1150820,066362,京元電台新5B購02,,0.26
1150820,066363,京元電台新5B購03,,0.38
1150820,066364,揚博台新5B購01,3.52,3.52
1150820,066365,陽明台新5B購01,3.25,1.87
1150820,066366,緯創台新5B購01,,4.31
1150820,066367,緯創台新5B購02,7.40,9.80
1150820,066368,緯創台新65購01,4.90,5.65
1150820,066369,日月光台新5B購01,1.40,1.78
1150820,066370,鈞興台新5B購03,,0.31
1150820,066371,jpp台新5B購01,0.70,0.70
1150820,066372,帆宣台新5B購04,,4.31
1150820,066373,帆宣台新5B購05,3.44,4.00
1150820,066374,矽格台新5B購02,,1.73
1150820,066375,惠特台新5B購02,,0.07
1150820,066376,寶成台新65購01,,1.22
1150820,066377,宏全台新5B購01,,2.03
1150820,066378,臺指2X元大63購02,0.96,1.03
1150820,066379,臺指反元大5B購03,,0.13
1150820,066380,元金2X元大5B購04,0.90,0.78
1150820,066381,元金2X元大5C購04,,0.49
1150820,066382,元金2X元大61購02,1.69,1.41
1150820,066383,台股增元大5B購01,0.94,0.99
1150820,066384,直得元大5B購02,,0.50
1150820,066385,直得元大5B購03,0.44,0.50
1150820,066386,直得元大5B購04,,0.22
1150820,066387,宇隆元大5B購02,,0.48
1150820,066388,宇隆元大5B購03,,0.62
1150820,066390,宇隆元大65購01,,0.43
1150820,066391,台積電元大5B購15,0.46,0.58
1150820,066392,台積電元大61購32,,0.47
1150820,066393,台積電元大64購10,,0.65
1150820,066394,研華元大64購01,4.55,4.33
1150820,066396,南亞科元大61購03,2.24,2.03
1150820,066398,揚博元大5B購02,,3.71
1150820,066399,晶豪科元大5B購04,1.71,1.93
1150820,066400,晶豪科元大5B購05,1.23,1.47
1150820,066401,嘉晶元大5B購02,,0.67
1150820,066402,嘉晶元大5B購03,,0.51
1150820,066403,嘉晶元大5B購04,,0.49
1150820,066404,德律元大5B購05,,0.12
1150820,066405,佳必琪元大5B購04,2.82,3.09
1150820,066406,佳必琪元大61購01,,1.91
1150820,066407,達發元大5B購01,,0.55
1150820,066408,惠特元大5B購03,0.30,0.35
1150820,066409,惠特元大5B購04,,0.16
1150820,06640U,景碩群益5A售02,,0.90
1150820,066410,惠特元大64購01,0.37,0.38
1150820,066411,惠特元大65購01,,0.24
1150820,066412,致新元大5B購01,0.96,1.05
1150820,066413,燿華國泰5C購01,0.23,0.27
1150820,066414,菱生國泰5C購01,1.07,1.40
1150820,066415,南亞科國泰5C購01,6.20,5.67
1150820,066416,德律國泰5C購01,,0.33
1150820,066417,嘉澤國泰5C購01,0.09,0.15
1150820,066420,鴻海統一61購01,,0.92
1150820,066421,今國光國泰61購01,,1.97
1150820,066422,臺指2X凱基61購01,1.23,1.31
1150820,066423,台積電統一61購01,,2.11
1150820,066424,臺指反凱基61購02,0.21,0.23
1150820,066425,美指2X凱基61購01,0.71,0.82
1150820,066428,SP黃豆凱基63購02,1.24,1.04
1150820,066430,台股增凱基65購01,1.13,1.17
1150820,066431,川湖凱基61購01,,7.59
1150820,066432,正新凱基5B購01,0.82,0.77
1150820,066433,聯電凱基61購03,1.42,2.34
1150820,066439,台積電凱基68購01,,1.04
1150820,06643U,南電群益5A售01,,0.02
1150820,066441,華邦電凱基5B購02,2.70,2.63
1150820,066442,鴻準凱基5B購01,0.42,0.57
1150820,066443,矽統凱基5B購01,,0.41
1150820,066444,南亞科凱基5B購05,3.53,3.01
1150820,066445,京元電凱基5B購05,,0.46
1150820,066446,兆赫凱基5B購01,,0.08
1150820,066448,晶豪科凱基5B購04,0.71,0.93
1150820,066449,大立光凱基5C購02,,4.61
1150820,066450,聯陽凱基5B購01,0.69,0.76
1150820,066451,德律凱基5B購05,,0.14
1150820,066452,群創凱基5B購02,,4.13
1150820,066453,世芯凱基63購01,0.47,0.71
1150820,066454,天鈺凱基5B購01,0.83,0.94
1150820,066455,中租凱基5B購01,0.56,0.60
1150820,066456,樺漢凱基5B購01,,2.27
1150820,066457,達發凱基5B購02,,0.24
1150820,066458,意騰凱基5B購01,,0.08
1150820,066459,長華凱基5B購01,0.77,0.96
1150820,066460,巨大凱基5B購01,3.60,2.84
1150820,066461,台玻兆豐61購01,0.47,0.39
1150820,066462,晶豪科兆豐65購01,,2.84
1150820,066463,智原兆豐61購01,0.51,0.57
1150820,066464,群創兆豐61購01,3.29,3.99
1150820,066465,美費半元大5B購02,1.20,1.38
1150820,066466,美費半元大5C購01,1.95,2.28
1150820,066467,美費半元大61購02,1.74,1.98
1150820,066468,中砂元大5B購01,2.13,2.42
1150820,066469,台玻元大64購01,0.73,0.69
1150820,066470,上銀元大5B購07,,1.64
1150820,066471,聯電元大5B購07,1.80,1.85
1150820,066472,聯電元大61購15,,3.27
1150820,066473,鴻海元大5B購02,0.49,0.71
1150820,066474,鴻海元大61購16,,0.69
1150820,066475,鴻海元大64購12,,0.59
1150820,066476,台積電元大5B購17,,0.32
1150820,066477,台積電元大61購33,,0.88
1150820,066478,台積電元大64購11,,0.54
1150820,066479,華邦電元大61購01,2.35,2.56
1150820,066480,鴻準元大5B購01,0.47,0.61
1150820,066482,德律元大5B購06,,0.26
1150820,066483,德律元大5B購07,,0.31
1150820,066486,德律元大5B購10,,0.55
1150820,066487,德律元大5B購11,,0.12
1150820,066488,德律元大61購05,,0.14
1150820,066489,德律元大64購02,,0.23
1150820,066490,群創元大5B購01,3.67,4.35
1150820,066491,世芯元大5B購10,,0.43
1150820,066492,世芯元大61購15,,1.01
1150820,066493,世芯元大61購16,,0.47
1150820,066494,世芯元大64購07,,0.92
1150820,066495,世芯元大64購08,,0.72
1150820,066496,國精化元大5B購01,,0.80
1150820,066497,帆宣元大5B購01,,1.83
1150820,066498,佳必琪元大5B購05,,2.19
1150820,066499,達發元大5B購02,,0.34
1150820,066500,AES元大61購03,,0.60
1150820,066501,兆聯元大5B購04,,0.59
1150820,066502,昇陽半元大5B購04,1.37,1.94
1150820,066503,華東元大5B購01,,0.34
1150820,066504,勤誠元大5B購01,,0.54
1150820,066505,勤誠元大61購03,,0.80
1150820,066507,南亞國票5C購01,4.88,5.03
1150820,066508,中砂國票5C購02,1.30,1.39
1150820,066509,華新國票5C購01,,1.59
1150820,066510,聯電國票5B購02,1.45,2.80
1150820,066511,鴻海國票5C購01,0.46,0.68
1150820,066512,廣宇國票5B購02,,0.17
1150820,066513,華邦電國票5C購01,2.34,2.28
1150820,066514,鴻準國票5B購01,,0.36
1150820,066515,技嘉國票5B購03,1.29,1.52
1150820,066516,南亞科國票5C購01,4.14,3.64
1150820,066517,京元電國票5B購02,0.16,0.24
1150820,066518,京元電國票5C購01,,0.30
1150820,066519,兆赫國票5B購01,0.10,0.14
1150820,066520,兆赫國票5C購01,,0.17
1150820,066521,晶豪科國票5B購01,1.10,1.32
1150820,066522,德律國票5C購03,,0.24
1150820,066523,世芯國票5B購04,0.27,0.32
1150820,066524,世芯國票61購01,0.28,0.33
1150820,066525,世芯國票63購01,0.38,0.44
1150820,066526,大眾控國票5B購01,0.10,0.13
1150820,066527,矽格國票5C購01,,0.53
1150820,066528,啟碁國票5C購01,,1.05
1150820,066529,T50正2群益5B購02,1.27,1.39
1150820,066530,T50正2群益5B購03,,1.10
1150820,066531,台股增群益5B購02,1.16,1.10
1150820,066532,台股增群益5B購03,0.82,0.98
1150820,066534,長興群益61購01,,0.80
1150820,066535,聯電群益5C購01,1.07,1.31
1150820,066536,鴻海群益5C購09,,0.78
1150820,066537,華邦電群益5B購03,2.59,2.48
1150820,066539,鴻準群益5B購02,,0.41
1150820,066540,南亞科群益5B購08,4.65,4.08
1150820,066541,友達群益5B購04,4.88,4.94
1150820,066542,緯創群益5B購02,,4.64
1150820,066543,嘉澤群益5B購02,,0.06
1150820,066544,世芯群益5B購03,0.25,0.39
1150820,066545,貿聯群益5B購03,0.42,0.56
1150820,066546,日月光群益5C購02,1.09,1.30
1150820,066547,國精化群益61購01,,0.74
1150820,066548,達發群益5B購01,0.45,0.70
1150820,066549,緯穎群益64購02,,1.40
1150820,066550,南茂群益5B購01,1.00,1.25
1150820,066551,臺股指群益5B購20,,1.30
1150820,066552,日本2X台新5B購01,,1.65
1150820,066553,鴻海台新5B購03,,2.53
1150820,066555,南亞科台新5B購02,17.70,15.10
1150820,066556,南亞科台新65購02,4.73,4.19
1150820,066557,京元電台新5B購05,0.15,0.24
1150820,066558,京元電台新5B購06,0.10,0.12
1150820,066559,德律台新5B購02,,0.42
1150820,066561,華擎台新5B購01,,0.88
1150820,066564,世芯台新5B購02,0.51,0.63
1150820,066565,世芯台新62購01,,0.53
1150820,066566,世芯台新65購02,,0.84
1150820,066567,鈞興台新5B購04,,0.29
1150820,066568,國精化台新5B購01,0.86,1.16
1150820,066569,立積台新5B購01,,0.12
1150820,066570,力智台新5B購01,0.74,1.04
1150820,066571,力智台新5B購02,0.57,0.83
1150820,066572,力積電台新5B購06,2.71,2.95
1150820,066573,力積電台新5B購07,2.87,3.21
1150820,066575,福懋科台新5B購03,,0.51
1150820,066576,臺股指台新5B購04,,2.67
1150820,066577,臺股指台新5B購05,1.53,1.68
1150820,066579,台灣50富邦5B購04,,1.47
1150820,066580,台灣50富邦5C購13,1.06,1.12
1150820,066581,台灣50富邦63購08,1.34,1.41
1150820,066582,台灣50富邦65購02,0.96,1.01
1150820,066583,T50正2富邦5B購05,0.70,0.70
1150820,066584,T50正2富邦65購02,0.84,0.88
1150820,066585,T50反1富邦62購02,0.89,0.92
1150820,066586,T50反1富邦62購03,,0.42
1150820,066587,美時富邦61購02,0.32,0.29
1150820,066589,楠梓電富邦63購01,,1.51
1150820,066590,台積電富邦5B購04,0.74,0.83
1150820,066591,台積電富邦5C購09,0.63,0.69
1150820,066592,台積電富邦61購07,1.05,1.14
1150820,066593,台積電富邦63購04,0.98,1.04
1150820,066594,華邦電富邦5C購02,1.76,1.72
1150820,066595,智邦富邦62購01,0.25,0.40
1150820,066596,智邦富邦62購02,0.33,0.47
1150820,066597,敬鵬富邦61購02,,0.29
1150820,066598,燿華富邦61購02,,0.19
1150820,066599,研華富邦61購01,,2.12
1150820,066600,漢唐富邦61購01,1.12,1.31
1150820,066601,漢唐富邦62購01,0.65,0.69
1150820,066602,南亞科富邦62購03,2.83,2.57
1150820,066603,美律富邦62購01,0.57,0.59
1150820,066604,京元電富邦62購01,,0.27
1150820,066605,慧洋富邦63購01,1.34,1.10
1150820,066607,德律富邦65購01,0.25,0.28
1150820,066608,新日興富邦61購01,0.38,0.39
1150820,066609,新日興富邦62購01,0.51,0.53
1150820,066610,嘉澤富邦61購03,0.10,0.15
1150820,066611,世芯富邦61購03,0.33,0.94
1150820,066612,日月光富邦61購04,,0.99
1150820,066613,祥碩富邦61購01,0.87,0.87
1150820,066614,精成科富邦61購02,,0.26
1150820,066615,保瑞富邦62購01,0.72,0.64
1150820,066616,台塑化富邦61購01,,1.32
1150820,066617,川湖兆豐61購02,,6.62
1150820,066618,光寶科兆豐65購01,3.17,2.94
1150820,066619,聯電兆豐61購01,1.25,1.47
1150820,066620,國巨兆豐61購01,2.18,2.46
1150820,066621,創見兆豐61購01,,0.67
1150820,066622,台股增國票5B購01,,0.73
1150820,066623,台股增國票5B購02,,0.52
1150820,066625,台股增國票5B購04,0.28,0.31
1150820,066626,南茂國票5C購02,0.33,0.39
1150820,066627,川湖國泰5C購01,,13.28
1150820,066628,群創國泰5C購03,3.43,4.07
1150820,066629,國精化國泰5C購01,,1.19
1150820,066631,帆宣國泰5C購01,,4.06
1150820,066632,啟碁國泰5C購01,1.24,1.52
1150820,066633,騰輝電國泰5C購01,2.45,1.85
1150820,066634,AES國泰5C購01,0.52,0.66
1150820,066635,南茂國泰61購01,0.97,0.95
1150820,066636,台股增元大5B購02,0.65,0.70
1150820,066637,聯電元大5B購08,,1.61
1150820,066638,聯電元大61購16,0.88,1.25
1150820,066639,鴻海元大5C購08,,1.04
1150820,066640,鴻海元大61購17,0.69,0.90
1150820,066641,鴻海元大64購13,,0.63
1150820,066642,台積電元大5C購10,,0.71
1150820,066643,台積電元大61購34,,0.57
1150820,066644,台積電元大64購12,0.57,0.60
1150820,066645,華碩統一59購01,0.60,0.57
1150820,066646,華邦電元大5B購04,1.80,1.81
1150820,066647,華邦電元大61購02,,2.41
1150820,066648,鴻準元大5B購02,0.36,0.48
1150820,066649,南亞科元大5B購08,,4.40
1150820,066650,南亞科元大5B購09,,2.73
1150820,066651,南亞科元大5B購10,3.93,3.44
1150820,066652,聯詠元大64購01,2.97,3.09
1150820,066653,群創元大5B購02,3.49,4.31
1150820,066654,祥碩統一59購01,,0.27
1150820,066655,南茂元大5B購03,0.28,0.36
1150820,066656,南茂元大5B購04,,0.78
1150820,066657,南茂元大5B購05,,0.58
1150820,066658,南茂元大61購02,,0.56
1150820,066659,南茂元大64購02,,0.50
1150820,066660,台灣50凱基64購03,,0.84
1150820,066661,T50正2凱基64購02,,1.16
1150820,066662,FBNQ2X凱基5B購02,0.69,0.76
1150820,066663,元油反凱基5B購02,,1.18
1150820,066664,美費半凱基5C購01,,1.46
1150820,066665,華新凱基5C購01,0.77,0.86
1150820,066666,川湖凱基5B購08,,10.19
1150820,066667,光寶科凱基5B購03,2.20,2.17
1150820,066668,台積電凱基5C購13,,0.60
1150820,066669,台積電凱基61購12,0.46,0.56
1150820,066670,台積電凱基63購11,1.04,1.19
1150820,066671,台積電凱基75購01,0.94,1.00
1150820,066672,技嘉凱基5B購03,,1.61
1150820,066674,創見凱基5B購03,,0.48
1150820,066675,創見凱基5B購04,0.52,0.65
1150820,066677,晶豪科凱基5B購06,1.10,1.28
1150820,066678,聯詠凱基5B購01,1.50,1.96
1150820,066679,群創凱基5B購03,2.58,3.48
1150820,066680,嘉澤凱基5B購03,,0.07
1150820,066682,啟碁凱基64購02,0.73,0.79
1150820,066683,緯穎凱基5B購09,,2.50
1150820,066684,ITH凱基5B購01,,0.23
1150820,066685,南茂凱基5B購01,0.27,0.36
1150820,066686,台灣50台新5B購07,,2.26
1150820,066687,T50正2台新5B購05,,0.93
1150820,066688,T50正2台新62購02,,1.44
1150820,066689,亞力台新5B購01,,0.26
1150820,066690,光寶科台新5B購01,2.83,2.68
1150820,066691,光寶科台新5B購02,2.15,2.21
1150820,066692,鴻海台新5B購04,,2.78
1150820,066693,廣宇台新5B購01,,0.57
1150820,066694,台亞台新5B購01,0.33,0.43
1150820,066695,台亞台新5B購02,,0.30
1150820,066696,鴻準台新5B購02,,0.84
1150820,066697,漢唐台新5B購05,1.58,1.98
1150820,066698,創見台新5B購01,1.58,1.82
1150820,066699,創見台新5B購02,0.95,1.19
1150820,066700,萬海台新5B購01,5.95,4.38
1150820,066701,國泰金台新5B購01,,3.78
1150820,066702,嘉澤台新5B購03,,0.11
1150820,066703,力成台新5B購01,2.49,2.72
1150820,066704,緯穎台新5B購03,,2.17
1150820,066705,緯穎台新62購02,,2.72
1150820,066706,力積電台新5B購08,,4.36
1150820,066707,道瓊銀富邦62購01,,0.56
1150820,066708,川湖富邦5B購02,,4.77
1150820,066709,光寶科富邦75購01,1.60,1.59
1150820,066710,聯電富邦75購01,1.34,1.58
1150820,066711,鴻海富邦75購01,0.84,0.97
1150820,066712,國巨富邦63購03,,1.95
1150820,066713,國巨富邦65購02,,1.87
1150820,066714,鴻準富邦61購01,0.39,0.46
1150820,066715,英業達富邦5B購01,,2.50
1150820,066716,技嘉富邦5B購01,1.17,1.33
1150820,066717,創見富邦63購01,,0.55
1150820,066719,鉅祥富邦5B購01,0.50,0.59
1150820,066721,聯詠富邦5B購02,,1.34
1150820,066722,健鼎富邦5B購01,,0.34
1150820,066723,群創富邦62購01,1.97,2.37
1150820,066724,日月光富邦65購01,,1.67
1150820,066725,日月光富邦75購01,0.95,1.04
1150820,066727,帆宣富邦5B購01,1.11,1.25
1150820,066728,緯穎富邦65購01,1.34,1.36
1150820,066729,力積電富邦63購02,0.61,0.66
1150820,066730,南茂富邦5B購02,0.23,0.28
1150820,066731,勤誠富邦5B購03,0.08,0.19
1150820,066732,臺股指富邦5B購16,,2.42
1150820,066733,臺股指富邦68購01,1.62,1.76
1150820,066735,川湖群益5B購07,30.00,21.66
1150820,066736,光寶科群益5B購03,2.33,2.05
1150820,066737,聯電群益5B購03,0.68,0.89
1150820,066738,國巨群益5B購08,,7.22
1150820,066741,華邦電群益5B購04,,2.58
1150820,066743,華邦電群益5B購05,2.91,2.96
1150820,066744,研華群益5B購01,3.28,3.07
1150820,066746,創見群益5B購02,,0.95
1150820,066747,創見群益5B購03,,0.68
1150820,066748,立隆電群益5C購03,,1.23
1150820,066749,華新科群益5B購01,,5.42
1150820,066750,群創群益5B購04,3.33,4.06
1150820,066751,嘉澤群益5B購03,0.03,0.11
1150820,066752,啟碁群益5B購04,,0.79
1150820,066753,達發群益5B購02,,0.41
1150820,066754,虎航群益65購01,2.12,2.03
1150820,066755,南茂群益5B購02,0.32,0.40
1150820,066757,臺股指群益5B購22,,1.05
1150820,066758,臺股指群益63購02,1.30,1.41
1150820,066759,川湖永豐5C購02,6.85,5.01
1150820,066760,川湖永豐65購01,7.50,5.69
1150820,066761,光寶科永豐63購01,2.17,2.08
1150820,066762,國巨永豐65購01,2.50,2.24
1150820,066763,台積電永豐65購04,,0.84
1150820,066764,台積電永豐65購05,,0.93
1150820,066765,創見永豐63購01,0.68,0.75
1150820,066766,晶豪科永豐5C購04,0.72,0.80
1150820,066767,大眾控永豐5C購01,,0.23
1150820,066768,國精化永豐65購01,,0.64
1150820,066769,達發永豐63購01,,0.42
1150820,066770,勤誠永豐65購01,0.22,0.30
1150820,066771,台股增國泰63購01,1.46,1.40
1150820,066773,華碩國泰5C購01,4.08,3.62
1150820,066776,日月光國泰5C購02,,1.97
1150820,066777,飛捷國泰61購01,2.63,2.86
1150820,066778,達發國泰5C購01,0.41,0.51
1150820,066779,台灣50國票5B購03,0.90,1.04
1150820,066780,T50反1國票5B購02,0.47,0.53
1150820,066781,臺指反國票5B購03,,0.22
1150820,066782,台股增國票5B購05,1.34,1.29
1150820,066783,台強棒國票5B購01,,1.00
1150820,066784,川湖國票5B購01,13.30,9.43
1150820,066785,川湖國票5C購01,7.30,5.68
1150820,066786,聯電國票5B購03,2.36,2.74
1150820,066787,群創國票5B購03,5.30,6.60
1150820,066788,國精化國票5C購01,,0.70
1150820,066790,國精化國票61購01,0.70,0.98
1150820,066791,jpp國票5C購01,,0.40
1150820,066793,達發國票5B購02,,0.34
1150820,066794,達發國票5C購01,,0.55
1150820,066795,緯穎國票5B購07,1.15,1.18
1150820,066796,臺股指國票5B購02,1.09,1.28
1150820,066797,臺股指國票5B購03,0.72,0.92
1150820,066798,東元台新5B購01,1.00,0.83
1150820,066800,研華台新5B購03,4.96,4.62
1150820,066801,立隆電台新5B購01,1.59,1.97
1150820,066802,立隆電台新5B購02,1.31,1.74
1150820,066803,立隆電台新5B購03,,1.54
1150820,066804,晶豪科台新5B購04,2.56,2.69
1150820,066806,晶豪科台新5B購05,,1.61
1150820,066809,意騰台新5B購01,,0.20
1150820,066810,元黃金凱基5B購04,,0.27
1150820,066811,元金2X凱基5B購06,,0.88
1150820,066812,道瓊銀凱基63購02,,1.09
1150820,066813,南亞凱基64購01,,4.69
1150820,066814,台玻凱基61購01,0.40,0.40
1150820,066817,川湖凱基5B購09,14.40,10.53
1150820,066818,川湖凱基61購02,,9.50
1150820,066819,川湖凱基61購03,7.10,5.38
1150820,066820,川湖凱基63購02,,4.39
1150820,066821,川湖凱基64購01,7.50,5.65
1150820,066822,聯電凱基5C購04,1.94,2.22
1150820,066823,國巨凱基5B購05,2.60,3.41
1150820,066824,台積電凱基5B購22,0.83,0.93
1150820,066825,華邦電凱基5B購03,,2.48
1150820,066826,順德凱基5B購02,0.36,0.37
1150820,066827,鴻準凱基5B購02,0.51,0.63
1150820,066828,瑞昱凱基5B購01,1.05,1.60
1150820,066829,研華凱基5B購02,2.05,2.06
1150820,066830,南亞科凱基63購01,,2.77
1150820,066831,立隆電凱基5C購01,0.73,0.91
1150820,066832,聯詠凱基5B購02,0.86,1.13
1150820,066833,文曄凱基61購01,,0.49
1150820,066834,大聯大凱基5B購01,,0.75
1150820,066835,國精化凱基61購02,0.33,0.37
1150820,066836,達發凱基5B購03,,0.12
1150820,066837,緯穎凱基5B購10,1.96,1.76
1150820,066838,勤誠凱基64購02,0.23,0.34
1150820,066839,聯詠兆豐65購01,1.93,2.02
1150820,066840,力積電兆豐61購02,,0.99
1150820,066841,國巨富邦65購03,1.26,1.53
1150820,066842,鴻準富邦62購01,0.33,0.41
1150820,066843,研華富邦62購01,1.48,1.46
1150820,066844,南亞科富邦62購04,,2.05
1150820,066845,創見富邦5C購01,,0.48
1150820,066846,兆豐金富邦5B購01,1.36,1.67
1150820,066847,文曄富邦5B購01,,0.45
1150820,066849,台灣50群益65購02,,2.35
1150820,066850,T50反1群益5B購02,0.54,0.58
1150820,066851,華新群益5B購01,1.39,1.56
1150820,066853,光寶科群益5B購04,,2.00
1150820,066854,光寶科群益5C購03,2.61,2.41
1150820,066855,技嘉群益5B購02,2.19,2.93
1150820,066856,友達群益5B購05,4.01,4.32
1150820,066857,義隆群益5B購01,0.28,0.37
1150820,066858,晶豪科群益5C購01,0.95,1.08
1150820,066859,聯詠群益5B購02,0.45,0.56
1150820,06685U,鴻海中信5A售02,,0.75
1150820,066860,聯詠群益5C購01,,0.75
1150820,066861,祥碩群益5B購02,0.78,0.82
1150820,066863,力成群益5C購01,2.41,2.71
1150820,066864,啟碁群益5B購05,,0.74
1150820,066865,勤誠群益5C購01,0.19,0.44
1150820,066866,勤誠群益61購01,0.25,0.43
1150820,066867,元石油元大5B購03,,0.81
1150820,066868,元石油元大5C購02,,0.89
1150820,066869,元油反元大5B購01,,1.54
1150820,066870,SGBR2X元大5B購04,,0.92
1150820,066872,聯發科元富5A購02,,44.30
1150820,066873,SGBR2X元大5C購01,,1.46
1150820,066874,華新元大5B購01,,1.54
1150820,066875,台玻元大61購01,0.88,0.76
1150820,066876,川湖元大5B購13,,9.47
1150820,066877,川湖元大5B購14,,11.22
1150820,066879,川湖元大5B購16,,9.63
1150820,066880,川湖元大5B購17,,8.84
1150820,066881,川湖元大5B購18,,9.19
1150820,066883,川湖元大5B購20,,4.95
1150820,066884,川湖元大61購01,,9.54
1150820,066885,川湖元大63購01,7.20,5.92
1150820,066886,光寶科元大5B購01,,2.83
1150820,066887,光寶科元大5B購02,1.95,1.95
1150820,066888,光寶科元大61購07,2.65,2.21
1150820,066889,聯電元大5C購03,,3.58
1150820,06688U,元金2X永豐5A售03,,1.24
1150820,066890,鴻海元大5C購09,,1.21
1150820,066891,鴻海元大61購18,,1.14
1150820,066892,台積電元大5B購20,0.44,0.54
1150820,066893,台積電元大5C購11,0.83,0.91
1150820,066894,台積電元大61購35,0.35,0.40
1150820,066895,技嘉元大5B購03,1.02,1.31
1150820,066896,技嘉元大5B購04,,2.00
1150820,066897,研華元大5B購01,2.40,2.37
1150820,066898,南亞科元大63購04,,5.17
1150820,066900,聯詠元大5B購02,0.91,1.06
1150820,066901,聯詠元大63購05,1.32,1.45
1150820,066902,日電貿元大5B購03,,1.99
1150820,066903,融程電元大5B購01,,0.53
1150820,066904,群創元大5B購03,,3.35
1150820,066905,群創元大5C購01,,4.93
1150820,066907,正文元大5B購01,,0.24
1150820,066908,精成科元大5B購01,,0.42
1150820,066909,帆宣元大63購01,,1.74
1150820,066910,今國光元大5B購01,0.65,0.72
1150820,066911,達發元大5B購03,,0.63
1150820,066914,騰輝電元大5B購01,,1.25
1150820,066915,力積電元大5B購07,,0.98
1150820,066916,力積電元大5B購08,0.50,0.66
1150820,066918,華邦電兆豐65購03,,2.46
1150820,066919,智邦兆豐61購02,,0.46
1150820,066920,南亞科兆豐65購02,3.46,3.13
1150820,066921,晟銘電兆豐61購01,,0.28
1150820,066922,中磊兆豐65購01,1.10,1.45
1150820,066924,中興電富邦5B購02,0.57,0.66
1150820,066925,華邦電富邦65購01,1.20,1.23
1150820,066926,南亞科富邦62購05,2.22,2.00
1150820,066928,貿聯富邦5B購04,0.20,0.22
1150820,066929,國精化富邦5B購01,,0.21
1150820,066930,十銓富邦62購01,,0.56
1150820,066931,十銓富邦62購02,0.40,0.42
1150820,066932,矽格富邦61購01,0.34,0.42
1150820,066933,康舒富邦5C購02,,0.20
1150820,066934,緯穎富邦5B購03,1.01,1.03
1150820,066935,至上富邦5C購01,0.73,0.73
1150820,066936,華城永豐5C購02,0.20,0.20
1150820,066937,光寶科永豐61購02,1.48,1.42
1150820,066938,國巨永豐61購03,2.03,2.42
1150820,066939,廣宇永豐5C購01,,0.28
1150820,066940,台積電永豐5C購22,,0.79
1150820,066941,台積電永豐61購13,,0.74
1150820,066942,台積電永豐65購06,0.82,0.88
1150820,066943,台積電永豐65購07,,0.89
1150820,066944,智邦永豐63購02,,0.51
1150820,066945,華碩永豐61購01,2.51,2.08
1150820,066946,創見永豐61購03,,0.36
1150820,066947,強茂永豐63購01,1.25,1.21
1150820,066948,華新科永豐61購01,3.39,3.68
1150820,066950,晶豪科永豐65購03,0.79,0.88
1150820,066951,智原永豐63購01,,0.41
1150820,066952,國精化永豐5C購03,0.37,0.47
1150820,066953,十銓永豐61購01,,0.47
1150820,066954,十銓永豐65購01,0.71,0.73
1150820,066955,祥碩永豐63購01,0.75,0.78
1150820,066956,康舒永豐63購01,,0.37
1150820,066957,力積電永豐65購01,0.87,0.91
1150820,066958,AES永豐5C購05,,0.33
1150820,066959,AES永豐61購01,0.26,0.33
1150820,066960,振樺電永豐61購01,0.45,0.64
1150820,066961,勤誠永豐61購01,,0.12
1150820,066962,中砂凱基5B購03,0.66,0.83
1150820,066963,上銀凱基5B購02,0.41,0.51
1150820,066964,光寶科凱基5B購04,1.29,1.52
1150820,066965,華邦電凱基61購01,,1.99
1150820,066966,智邦凱基5C購03,0.17,0.28
1150820,066968,技嘉凱基5B購04,0.53,0.79
1150820,066969,技嘉凱基5B購05,0.90,1.07
1150820,066970,技嘉凱基5B購06,0.63,0.91
1150820,066971,南亞科凱基5B購07,2.66,2.34
1150820,066972,友達凱基61購04,,2.60
1150820,066973,創見凱基5B購06,0.22,0.31
1150820,066974,晶豪科凱基5B購07,0.83,0.74
1150820,066975,智原凱基5B購06,,0.36
1150820,066976,文曄凱基5B購01,,0.25
1150820,066977,群創凱基5C購02,2.14,2.75
1150820,066978,十銓凱基5B購01,,0.55
1150820,066979,十銓凱基5B購02,,0.58
1150820,066980,力成凱基5C購02,1.53,1.68
1150820,066981,康舒凱基5B購03,,0.59
1150820,066982,啟碁凱基5B購04,0.29,0.37
1150820,066983,力積電凱基5B購03,0.53,0.67
1150820,066985,勤誠凱基5B購05,,0.11
1150820,066986,勤誠凱基5C購02,0.08,0.17
1150820,066987,勤誠凱基5C購03,,0.18
1150820,066988,臺股指凱基5B購15,1.11,1.34
1150820,066989,臺股指凱基5B購16,,1.05
1150820,066990,中砂群益5B購03,,1.41
1150820,066991,中砂群益5B購04,0.93,0.99
1150820,066992,華新群益5B購02,,0.86
1150820,066993,上銀群益5B購03,0.50,0.45
1150820,066994,南亞科群益5B購09,3.63,3.14
1150820,066995,華新科群益5B購02,,3.46
1150820,066996,晶豪科群益5B購04,1.19,1.45
1150820,066997,晶豪科群益5C購02,0.82,1.00
1150820,066998,增你強群益5B購01,,0.50
1150820,066999,威健群益5B購01,0.53,0.79
1150820,067000,聯詠群益5B購03,1.23,1.49
1150820,067001,文曄群益5B購01,,0.31
1150820,067002,群創群益5B購05,2.95,3.75
1150820,067003,十銓群益5B購01,,0.58
1150820,067004,彩晶群益5B購02,1.71,1.84
1150820,067005,康舒群益5B購01,,0.32
1150820,067006,啟碁群益5B購06,,0.69
1150820,067007,意騰群益5B購01,,0.10
1150820,067008,意騰群益61購01,0.13,0.12
1150820,067009,勤誠群益5B購02,0.05,0.11
1150820,067010,巨大群益5B購01,4.86,3.87
1150820,067011,台灣50元大5B購06,0.52,0.72
1150820,067012,華新元大5B購02,,1.10
1150820,067013,上銀元大65購05,,1.17
1150820,067014,金寶元大5B購04,,2.06
1150820,067016,鴻海元大5C購10,,1.27
1150820,067017,鴻海元大61購19,,1.04
1150820,067018,台積電元大5C購12,,0.69
1150820,067019,台積電元大61購36,,0.65
1150820,067021,台積電元大63購11,,0.63
1150820,067022,順德元大5B購02,,0.41
1150820,067023,所羅門元大5B購01,0.98,1.35
1150820,067024,技嘉元大61購01,,1.78
1150820,067025,微星元大5B購01,1.29,1.80
1150820,067029,研華元大5B購02,,2.21
1150820,067030,研華元大5B購03,,2.78
1150820,067031,南亞科元大63購05,2.18,2.02
1150820,067032,義隆元大5B購01,,0.59
1150820,067033,文曄元大5B購01,0.12,0.24
1150820,067034,群創元大5C購02,3.08,3.87
1150820,067035,華擎元大5B購01,1.06,1.24
1150820,067036,達明元大5B購01,0.37,0.46
1150820,067037,十銓元大5B購01,0.68,0.73
1150820,067038,十銓元大63購01,0.88,0.89
1150820,067039,矽格元大5B購02,,0.35
1150820,067040,緯穎元大61購09,,2.56
1150820,067041,矽創元大5B購02,1.12,1.58
1150820,067042,福懋科元大5B購01,,0.53
1150820,067043,勤誠元大5B購02,0.17,0.19
1150820,067044,勤誠元大5B購03,,0.25
1150820,067046,勤誠元大61購04,,0.27
1150820,067048,勤誠元大65購01,,0.28
1150820,067049,臺股指元大61購21,1.17,1.36
1150820,067050,臺股指元大61購22,1.29,1.36
1150820,067051,臺股指元大65購12,1.64,1.73
1150820,067052,光寶科永豐64購01,1.10,1.07
1150820,067053,國巨永豐5B購03,1.93,2.56
1150820,067054,台積電永豐75購04,1.21,1.25
1150820,067056,智原永豐61購01,,0.25
1150820,067057,國精化永豐61購01,0.23,0.31
1150820,067058,臻鼎永豐61購03,1.01,1.12
1150820,067059,鴻海群益5C購04,,2.42
1150820,067060,鴻海群益61購01,1.08,1.08
1150820,067061,臻鼎永豐63購01,1.21,1.35
1150820,067062,眾達永豐61購03,,0.11
1150820,067063,祥碩永豐61購02,0.50,0.49
1150820,067065,佳必琪永豐5C購03,1.00,1.08
1150820,067066,鈺邦永豐5C購01,,1.96
1150820,067067,意騰永豐5B購01,,0.14
1150820,067069,昇陽半永豐63購01,0.79,0.95
1150820,067070,台灣50富邦65購04,0.89,1.01
1150820,067071,T50正2富邦61購10,0.59,0.64
1150820,067072,T50反1富邦5B購03,0.28,0.32
1150820,067073,上銀富邦5B購01,0.52,0.57
1150820,067074,光寶科富邦5B購02,0.99,0.94
1150820,067075,台積電富邦63購06,0.86,0.95
1150820,067076,華碩富邦5B購02,,2.03
1150820,067077,晶豪科富邦62購02,0.73,0.84
1150820,067078,智原富邦5C購02,0.20,0.24
1150820,067079,群創富邦5B購01,1.07,1.31
1150820,067080,群創富邦61購02,1.56,1.92
1150820,067081,臻鼎富邦62購01,0.77,0.86
1150820,067082,佳必琪富邦5C購01,0.99,1.12
1150820,067083,昇陽半富邦5B購03,,0.58
1150820,067084,台灣50元大5B購08,1.48,1.58
1150820,067085,T50正2元大5B購10,0.71,0.86
1150820,067086,T50正2元大64購01,1.08,1.16
1150820,067087,中砂元大63購01,,1.04
1150820,067088,台玻元大5B購04,,0.15
1150820,067089,光寶科元大5B購03,,1.36
1150820,067090,光寶科元大5B購04,,1.00
1150820,067091,光寶科元大5B購05,2.45,2.45
1150820,067092,光寶科元大5B購06,2.36,2.25
1150820,067093,光寶科元大5B購07,,2.21
1150820,067094,光寶科元大5C購01,2.49,2.51
1150820,067095,光寶科元大61購08,,1.11
1150820,067096,聯電元大5C購04,,0.90
1150820,067097,楠梓電元大5B購01,,0.93
1150820,067098,鴻海元大5C購11,,0.82
1150820,067099,鴻海元大61購20,,0.98
1150820,06709U,元黃金中信5A售02,,0.58
1150820,067100,台積電元大61購37,0.72,0.78
1150820,067101,台積電元大63購12,,0.77
1150820,067102,華邦電元大63購01,2.28,2.62
1150820,067103,華碩元大5B購01,3.18,2.99
1150820,067104,微星元大5B購02,1.32,1.75
1150820,067105,南亞科元大5B購11,1.61,1.44
1150820,067106,南亞科元大5B購12,2.83,2.46
1150820,067107,南亞科元大5C購01,4.07,3.60
1150820,067108,南亞科元大63購06,,3.50
1150820,067109,京元電元大5B購02,,0.49
1150820,06710U,國巨中信58售01,0.05,0.02
1150820,067110,創見元大5B購03,,0.47
1150820,067111,聯詠元大5B購03,1.02,1.11
1150820,067112,智原元大61購01,,0.42
1150820,067113,群創元大5B購04,,2.29
1150820,067114,群創元大5B購05,,3.15
1150820,067115,群創元大5B購06,,2.77
1150820,067116,群創元大5B購07,,2.51
1150820,067117,群創元大5B購08,1.40,1.83
1150820,067118,群創元大5B購09,1.14,1.58
1150820,067119,群創元大5B購10,1.02,1.35
1150820,067120,臻鼎元大5B購05,,1.69
1150820,067121,臻鼎元大61購09,0.95,1.19
1150820,067122,十銓元大5B購02,0.88,0.95
1150820,067124,和椿元大5B購01,0.11,0.18
1150820,067125,和椿元大5B購02,,0.16
1150820,067126,華新凱基5B購01,0.75,0.71
1150820,067127,聯電凱基5B購07,0.72,1.04
1150820,067128,金寶凱基5B購02,,1.15
1150820,067129,鴻海凱基61購03,0.49,0.73
1150820,06712U,緯穎中信5A售03,,0.03
1150820,067131,國巨凱基5C購03,,7.27
1150820,067132,台積電凱基5B購23,,0.42
1150820,067133,南亞科凱基63購02,2.03,1.85
1150820,067134,友達凱基5B購03,1.87,1.91
1150820,067136,大立光凱基5B購07,,4.41
1150820,067137,大立光凱基5B購08,,4.34
1150820,067138,大立光凱基61購02,6.75,4.53
1150820,067139,威健凱基5B購01,0.52,0.77
1150820,067140,威健凱基5B購02,,1.16
1150820,067141,昇貿凱基5C購01,,0.49
1150820,067142,群創凱基5B購04,1.40,1.82
1150820,067143,群創凱基61購02,1.68,2.03
1150820,067144,群創凱基63購01,,2.76
1150820,067145,群創凱基63購02,1.40,1.81
1150820,067146,華擎凱基5B購02,,0.51
1150820,067147,達明凱基5B購01,0.28,0.32
1150820,067148,臻鼎凱基5B購02,0.73,0.93
1150820,067149,臻鼎凱基5B購03,0.84,1.01
1150820,067150,臻鼎凱基5B購04,0.70,0.95
1150820,067151,眾達凱基61購02,0.11,0.09
1150820,067152,眾達凱基61購03,0.13,0.12
1150820,067153,祥碩凱基5B購06,,0.39
1150820,067154,彩晶凱基5B購01,1.42,1.49
1150820,067155,緯穎凱基61購04,1.53,1.42
1150820,067156,矽創凱基5B購02,,0.89
1150820,067157,臺股指凱基61購10,,1.52
1150820,067159,中砂群益5B購05,0.40,0.49
1150820,067160,聯電群益5B購04,0.62,0.82
1150820,067161,台積電群益5B購16,1.26,1.62
1150820,067162,微星群益5B購02,1.32,1.82
1150820,067163,微星群益61購01,,2.15
1150820,067164,友達群益5B購06,1.54,1.55
1150820,067165,華新科群益5B購03,2.42,2.42
1150820,067166,智原群益5B購05,,0.26
1150820,067167,群創群益5B購06,1.86,2.48
1150820,067168,TPK群益5B購01,0.77,0.70
1150820,067169,國精化群益5B購02,,0.33
1150820,067170,臻鼎群益5B購01,,1.13
1150820,067171,臻鼎群益5B購02,1.13,1.34
1150820,067172,天鈺群益5B購01,,0.41
1150820,067173,十銓群益5B購02,0.59,0.69
1150820,067174,眾達群益5B購03,,0.06
1150820,067175,祥碩群益5B購03,,0.49
1150820,067176,彩晶群益5B購03,0.93,1.04
1150820,067177,群電群益5B購01,,0.41
1150820,067178,緯穎群益5B購06,0.95,0.95
1150820,067179,緯穎群益61購02,0.78,0.76
1150820,067180,臺股指群益63購03,,2.25
1150820,067181,臺股指群益63購04,,1.69
1150820,067183,台股增中信65購01,0.50,0.51
1150820,067184,晶豪科中信5B購01,0.49,0.58
1150820,067185,力積電中信5B購04,0.55,0.66
1150820,067186,臺股指中信63購08,0.54,0.59
1150820,067187,聯電國泰5C購02,,1.63
1150820,067188,華邦電國泰5C購02,,1.75
1150820,067189,華邦電國泰5C購03,1.90,2.13
1150820,067191,微星國泰5C購01,2.06,2.62
1150820,067192,盟立國泰5C購01,,4.47
1150820,067193,華新科國泰62購01,4.18,4.41
1150820,067194,華新科國泰62購02,4.29,4.33
1150820,067195,華新科國泰62購03,4.20,4.94
1150820,067196,文曄國泰5C購01,0.35,0.52
1150820,067197,十銓國泰5C購01,1.01,1.07
1150820,067198,眾達國泰5C購01,0.21,0.20
1150820,067199,國巨兆豐5C購03,1.51,1.86
1150820,067200,威盛兆豐63購01,0.65,0.74
1150820,067201,智原兆豐61購02,0.32,0.36
1150820,067202,臻鼎兆豐65購01,1.54,1.72
1150820,067203,力成兆豐65購01,3.05,3.19
1150820,067204,緯穎兆豐65購02,1.67,1.65
1150820,067206,中砂富邦61購03,0.62,0.65
1150820,067207,中砂富邦62購01,0.52,0.58
1150820,067208,矽統富邦61購01,0.31,0.33
1150820,067209,瑞昱富邦61購01,1.62,1.95
1150820,067210,漢唐富邦61購02,0.98,1.19
1150820,067211,建準富邦61購01,0.52,0.59
1150820,067212,京元電富邦61購02,,0.29
1150820,067213,盟立富邦62購01,,1.67
1150820,067214,華新科富邦5C購01,,1.41
1150820,067215,長榮富邦61購02,,0.96
1150820,067216,晶豪科富邦61購02,0.73,0.80
1150820,067217,大立光富邦62購01,3.93,2.90
1150820,067218,緯創富邦5B購03,,1.97
1150820,067219,昇貿富邦61購01,0.36,0.41
1150820,067220,嘉澤富邦62購01,0.10,0.18
1150820,067221,大聯大富邦62購01,0.37,0.62
1150820,067222,臻鼎富邦61購05,0.73,0.81
1150820,067223,元債2X永豐59購01,,0.06
1150820,067224,臻鼎富邦62購02,0.73,0.79
1150820,067225,十銓富邦61購01,0.47,0.49
1150820,067226,祥碩富邦62購01,0.46,0.48
1150820,067227,祥碩富邦62購02,0.53,0.55
1150820,067228,啟碁富邦62購01,,0.46
1150820,067229,保瑞富邦62購02,0.66,0.56
1150820,067230,AES富邦62購02,0.47,0.45
1150820,067231,富鼎富邦61購02,1.28,1.29
1150820,067232,東元永豐5C購02,,0.39
1150820,067233,中砂永豐61購01,,1.29
1150820,067234,華新永豐5C購01,,1.35
1150820,067235,聯電永豐61購02,1.20,1.49
1150820,067236,鴻海永豐5C購05,,1.27
1150820,067237,鴻海永豐67購01,,1.83
1150820,067238,台積電永豐75購06,,1.31
1150820,067239,台積電永豐75購07,,0.95
1150820,067240,華邦電永豐5B購01,1.38,1.33
1150820,067241,華邦電永豐5C購01,,1.81
1150820,067242,華邦電永豐67購01,2.01,2.12
1150820,067243,順德永豐5C購02,0.84,0.85
1150820,067244,鴻準永豐5C購01,0.84,0.95
1150820,067245,英業達永豐5C購01,2.33,2.54
1150820,067246,技嘉永豐61購02,0.93,1.12
1150820,067247,微星永豐5C購01,0.96,1.28
1150820,067248,盟立永豐63購01,,2.29
1150820,067249,立隆電永豐61購01,0.93,1.18
1150820,067250,強茂永豐61購02,0.77,0.77
1150820,067251,華新科永豐65購01,2.19,2.27
1150820,067252,威健永豐61購01,0.83,1.10
1150820,067253,聯詠永豐61購01,1.35,1.50
1150820,067254,智原永豐5C購02,,0.55
1150820,067255,健鼎永豐61購01,0.40,0.32
1150820,067256,日電貿永豐5C購01,1.79,1.65
1150820,067257,日電貿永豐65購01,1.51,1.41
1150820,067258,華擎永豐5C購01,0.56,0.61
1150820,067259,智伸科永豐5C購01,,1.70
1150820,067260,臻鼎永豐5C購04,0.54,0.65
1150820,067263,樺漢永豐5C購01,1.93,2.83
1150820,067264,緯穎永豐5B購05,0.96,1.07
1150820,067265,緯穎永豐5C購04,2.37,2.40
1150820,067266,緯穎永豐64購01,2.31,2.40
1150820,067267,矽創永豐5C購02,1.05,1.33
1150820,067268,台強棒群益5B購01,,1.49
1150820,067269,台積電群益66購02,1.50,1.61
1150820,067270,台積電群益66購03,,2.00
1150820,067271,英業達群益5B購01,0.89,1.12
1150820,067272,微星群益5B購03,0.99,1.47
1150820,067273,大立光群益5B購04,,6.87
1150820,067274,TPK群益5B購02,0.74,0.68
1150820,067275,臻鼎群益5B購03,0.71,1.05
1150820,067276,道瓊銀國票5B購02,,0.29
1150820,067277,上銀國票5C購01,0.54,0.60
1150820,067278,聯電國票5B購05,1.07,1.48
1150820,067279,華邦電國票5C購02,1.65,1.65
1150820,067280,立隆電國票5C購01,0.46,0.63
1150820,067281,華新科國票5C購02,,4.55
1150820,067282,華新科國票5C購03,1.53,2.24
1150820,067283,華新科國票5C購04,1.78,2.00
1150820,067284,增你強國票5C購01,0.45,0.55
1150820,067285,威健國票5C購01,,0.76
1150820,067286,智原國票5C購01,,0.31
1150820,067287,文曄國票5C購01,,0.27
1150820,067288,日月光國票5C購01,0.72,0.92
1150820,067289,天鈺國票5B購01,0.41,0.48
1150820,067290,十銓國票5B購02,,0.61
1150820,067291,十銓國票5B購03,0.71,0.74
1150820,067292,佳必琪國票5B購01,2.11,2.43
1150820,067293,啟碁國票5C購02,,0.48
1150820,067294,力智國票5B購01,0.37,0.42
1150820,067295,振樺電國票5B購01,0.34,0.53
1150820,067296,振樺電國票5C購01,0.38,0.54
1150820,067297,台灣50凱基5B購08,0.54,0.68
1150820,067298,T50正2凱基5B購09,0.71,0.84
1150820,067299,T50正2凱基5C購04,1.07,1.16
1150820,067300,T50反1凱基5B購05,0.39,0.43
1150820,067302,和大凱基5B購01,,0.60
1150820,067303,中砂凱基5B購04,0.95,1.07
1150820,067304,台玻凱基5B購04,0.30,0.30
1150820,067305,楠梓電凱基5B購01,0.41,0.54
1150820,067306,鴻海凱基63購05,,0.97
1150820,067307,鴻海凱基64購06,,1.23
1150820,067310,華邦電凱基61購02,,1.87
1150820,067311,英業達凱基5B購01,1.35,1.74
1150820,067312,華碩凱基5B購01,3.55,3.22
1150820,067313,華碩凱基5B購02,,3.57
1150820,067314,所羅門凱基5C購01,,1.96
1150820,067315,微星凱基5B購01,1.13,1.73
1150820,067316,微星凱基5B購02,1.30,1.97
1150820,067317,瑞昱凱基5B購02,3.11,3.50
1150820,067318,京元電凱基61購01,,0.34
1150820,067319,創見凱基5B購07,,0.47
1150820,067321,盟立凱基5B購03,,2.79
1150820,067322,盟立凱基5B購04,,2.87
1150820,067323,華新科凱基5B購04,1.60,2.04
1150820,067324,華新科凱基61購01,1.75,1.99
1150820,067325,大立光凱基5B購09,,6.60
1150820,067326,大立光凱基61購03,,5.09
1150820,067327,聯詠凱基5B購03,1.05,1.16
1150820,067328,智原凱基5B購07,,0.32
1150820,067329,文曄凱基5B購02,,0.12
1150820,067330,緯創凱基5B購02,2.91,3.51
1150820,067331,臻鼎凱基5B購05,0.47,0.63
1150820,067332,臺股指凱基63購15,,1.21
1150820,067333,T50正2台新65購01,,1.92
1150820,067334,上銀台新5B購03,2.42,2.17
1150820,067335,國巨台新5B購04,,5.77
1150820,067336,國巨台新5B購05,,4.22
1150820,067337,國巨台新5B購06,8.00,9.36
1150820,067338,華邦電台新5B購04,,2.76
1150820,067339,華邦電台新5B購05,2.13,2.17
1150820,067340,華邦電台新5B購06,1.87,1.84
1150820,067341,智邦台新5B購05,,1.15
1150820,067342,鴻準台新5B購04,,0.75
1150820,067343,矽統台新5B購02,,0.48
1150820,067345,華新科台新5B購03,3.92,4.41
1150820,067346,華新科台新5B購04,,2.71
1150820,067347,華新科台新5B購05,2.01,2.26
1150820,067348,晶豪科台新5B購06,,1.29
1150820,067349,晶豪科台新5B購07,1.12,1.22
1150820,06734U,元金2X中信5A售05,,0.36
1150820,067350,大立光台新5B購01,,16.70
1150820,067351,智伸科台新5B購01,0.94,1.20
1150820,067352,臻鼎台新5B購01,1.63,1.63
1150820,067353,臻鼎台新5B購02,2.14,2.48
1150820,067354,臻鼎台新5B購03,1.67,2.20
1150820,067357,啟碁台新5B購03,,0.75
1150820,067358,啟碁台新5B購04,,0.59
1150820,067359,緯穎台新5B購04,1.49,1.51
1150820,06735U,元黃金永豐5A售02,,0.97
1150820,067360,緯穎台新5C購02,,2.19
1150820,067361,緯穎台新62購03,,2.01
1150820,067362,緯穎台新65購02,,2.76
1150820,067363,力積電台新5B購09,,1.43
1150820,067364,振樺電台新5B購01,,0.94
1150820,067365,振樺電台新5B購02,0.57,0.95
1150820,067366,宏全台新5B購02,1.24,1.56
1150820,067368,SP黃豆元大5B購02,,0.67
1150820,067369,SP黃豆元大61購01,0.40,0.32
1150820,067370,聯電元大5B購10,1.13,1.35
1150820,067371,鴻海元大5B購03,,1.16
1150820,067372,鴻海元大5C購12,1.47,1.71
1150820,067373,鴻海元大63購10,0.91,1.03
1150820,067374,仁寶元大5B購01,2.73,2.92
1150820,067375,台積電元大5B購22,0.63,0.76
1150820,067376,台積電元大5C購13,,0.65
1150820,067377,台積電元大5C購14,0.74,0.78
1150820,067378,英業達元大5B購01,2.20,2.55
1150820,067379,華碩元大5B購02,,3.97
1150820,067380,瑞昱元大5B購02,2.05,2.21
1150820,067381,漢唐元大5C購02,0.92,1.20
1150820,067383,京元電元大5B購04,,0.33
1150820,067384,華新科元大5B購02,4.36,4.54
1150820,067385,華新科元大5B購03,,4.21
1150820,067386,華新科元大5B購04,3.20,3.28
1150820,067387,華新科元大5B購05,2.95,3.34
1150820,067388,華新科元大5B購06,2.65,2.98
1150820,067389,華新科元大5B購07,2.32,2.59
1150820,067390,華新科元大5B購08,1.25,1.47
1150820,067391,華新科元大5B購09,1.45,1.66
1150820,067392,大立光元大5B購08,,8.40
1150820,067393,大立光元大65購06,6.80,5.11
1150820,067394,文曄元大5B購03,,0.19
1150820,067395,文曄元大5B購04,,0.27
1150820,067396,文曄元大5B購05,,0.41
1150820,067397,文曄元大63購01,,0.33
1150820,067398,文曄元大65購02,,0.34
1150820,067399,全科元大5B購01,0.18,0.37
1150820,067400,今國光元大5B購02,1.34,1.61
1150820,067401,力成元大5C購02,2.39,2.58
1150820,067402,啟碁元大5B購05,,0.71
1150820,067403,啟碁元大5B購06,0.77,1.01
1150820,067404,保瑞元大63購01,2.71,2.38
1150820,067405,緯穎元大5B購03,2.54,2.59
1150820,067406,緯穎元大5C購07,2.08,2.08
1150820,067407,振樺電元大5B購01,0.73,1.16
1150820,067408,振樺電元大5B購02,,1.45
1150820,067409,聯電中信5B購02,0.38,0.52
1150820,067410,鴻海中信65購01,0.29,0.37
1150820,067411,國巨中信65購01,0.63,0.72
1150820,067413,上銀永豐61購01,0.66,0.72
1150820,067414,聯電永豐61購03,0.62,0.70
1150820,067415,聯電永豐65購01,0.77,0.92
1150820,067416,國巨永豐5C購04,1.17,1.44
1150820,067417,國巨永豐61購04,1.40,1.65
1150820,067418,國巨永豐64購02,1.46,1.76
1150820,067419,台積電永豐75購08,,1.11
1150820,067420,華邦電永豐61購02,1.66,1.63
1150820,067421,佳世達永豐61購01,1.59,1.57
1150820,067423,微星永豐5C購02,,1.41
1150820,067424,兆赫永豐61購01,0.12,0.15
1150820,067425,大立光永豐61購01,5.35,3.91
1150820,067426,大立光永豐64購02,3.92,2.95
1150820,067427,大立光永豐68購01,4.27,3.23
1150820,067428,緯創永豐61購01,,1.70
1150820,067429,保瑞永豐61購01,1.40,1.40
1150820,067430,嘉基永豐5C購01,0.72,0.48
1150820,067431,台虹永豐63購01,3.18,2.43
1150820,067432,華新兆豐5C購01,0.78,0.88
1150820,067433,聯電兆豐5C購02,0.74,0.95
1150820,067434,十銓兆豐61購01,,0.54
1150820,067435,台塑富邦63購02,,0.90
1150820,067436,台玻富邦61購01,0.35,0.30
1150820,067437,聯電富邦5B購03,0.95,1.24
1150820,067438,華通富邦62購01,0.31,0.30
1150820,067439,鴻海富邦61購04,0.62,0.81
1150820,067440,國巨富邦5B購03,0.77,1.00
1150820,067441,國巨富邦61購03,0.75,0.97
1150820,067442,燿華富邦62購01,,0.15
1150820,067443,技嘉富邦61購01,0.80,0.95
1150820,067444,興勤富邦5B購01,,0.56
1150820,067446,威健富邦5B購01,,0.48
1150820,067447,聯詠富邦5B購03,,1.07
1150820,067448,緯穎富邦5B購04,0.86,0.84
1150820,067449,緯穎富邦61購05,0.84,0.85
1150820,067450,台股增國泰61購01,1.50,1.54
1150820,067451,燿華國泰5C購02,,0.19
1150820,067452,強茂國泰5C購01,2.14,2.14
1150820,067453,大立光國泰5C購01,,5.70
1150820,067454,彩晶國泰5C購01,2.45,2.56
1150820,067455,鼎炫國泰5C購01,1.26,1.33
1150820,067456,台灣50台新5B購09,2.14,2.76
1150820,067457,長興台新5B購02,1.24,1.47
1150820,067458,長興台新5B購03,0.87,0.98
1150820,067459,國巨台新5B購08,3.19,3.90
1150820,067460,國巨台新5B購09,2.81,4.03
1150820,067461,微星台新5B購01,2.10,2.90
1150820,067462,微星台新5B購02,1.67,2.35
1150820,067463,微星台新5B購03,,3.00
1150820,067464,強茂台新5B購01,1.38,1.68
1150820,067465,晶豪科台新5B購08,0.62,0.74
1150820,067466,大立光台新5B購03,,6.52
1150820,067467,大立光台新5B購04,,7.54
1150820,067468,大立光台新5B購05,14.00,8.91
1150820,067469,昇貿台新5B購01,,0.58
1150820,067470,貿聯台新5C購01,2.00,2.32
1150820,067471,臻鼎台新5B購05,1.27,1.67
1150820,067472,臻鼎台新5B購06,1.20,1.79
1150820,067473,緯穎台新5C購03,4.28,4.39
1150820,067474,高股息凱基5C購01,,1.84
1150820,067475,群臺2X凱基5C購01,0.91,0.97
1150820,067476,科技息凱基5C購01,2.99,2.79
1150820,067477,上銀凱基5C購04,0.50,0.60
1150820,067478,聯電凱基5B購08,,0.95
1150820,067479,華通凱基63購04,0.64,0.52
1150820,067480,鴻海凱基61購05,,0.93
1150820,067481,仁寶凱基5B購01,,1.94
1150820,067482,國巨凱基5B購06,1.35,1.87
1150820,067483,台積電凱基5B購26,,1.15
1150820,067484,台積電凱基63購12,0.99,1.41
1150820,067485,智邦凱基5C購04,,0.36
1150820,067487,漢唐凱基63購01,1.01,1.24
1150820,067488,立隆電凱基5C購02,0.87,1.18
1150820,067489,強茂凱基5B購06,1.26,1.34
1150820,067491,兆赫凱基5C購01,,0.08
1150820,067492,晶豪科凱基5B購08,0.52,0.64
1150820,067493,大立光凱基5B購10,6.60,4.12
1150820,067494,大立光凱基5B購11,,3.76
1150820,067495,威健凱基5B購03,,0.44
1150820,067496,日月光凱基5C購02,,0.99
1150820,067497,力成凱基5B購01,,1.84
1150820,067498,啟碁凱基5B購05,,0.60
1150820,067499,鈺邦凱基5B購01,,0.79
1150820,067500,保瑞凱基5B購01,1.59,1.31
1150820,067501,緯穎凱基5C購07,1.02,1.12
1150820,067502,嘉基凱基5B購01,0.51,0.26
1150820,067503,嘉基凱基5B購02,0.60,0.35
1150820,067504,昇陽半凱基61購02,,0.75
1150820,067505,金融類凱基5C購01,,2.80
1150820,067506,FB科技元大5B購01,1.33,1.37
1150820,067508,華城元大5B購02,0.50,0.44
1150820,067509,鴻海元大5C購13,1.08,1.37
1150820,067510,鴻海元大63購11,1.33,1.62
1150820,067511,台積電元大5B購23,,0.61
1150820,067512,台積電元大5C購15,0.64,0.73
1150820,067513,英業達元大5B購02,2.70,3.05
1150820,067514,華碩元大5B購03,,4.18
1150820,067515,華碩元大63購01,3.62,3.69
1150820,067516,技嘉元大5B購05,0.92,1.26
1150820,067517,微星元大5B購04,,1.39
1150820,067518,友達元大5B購03,2.91,2.97
1150820,067519,友達元大5B購04,2.60,2.71
1150820,067520,京元電元大5B購05,1.05,1.22
1150820,067521,兆赫元大5B購01,,0.12
1150820,067522,兆赫元大5B購02,,0.13
1150820,067523,威健元大5B購01,0.86,1.29
1150820,067524,聯詠元大5B購04,1.25,1.40
1150820,067525,智原元大5B購04,0.69,0.77
1150820,067526,智原元大5B購05,0.28,0.34
1150820,067527,健鼎元大5B購01,,0.48
1150820,067528,緯創元大5B購04,,2.04
1150820,067529,緯創元大5B購05,1.98,2.34
1150820,067530,TPK元大5B購01,0.70,0.71
1150820,067531,臻鼎元大5B購06,,1.18
1150820,067532,臻鼎元大5B購07,0.67,0.86
1150820,067533,臻鼎元大63購04,,0.81
1150820,067534,十銓元大5B購03,,0.60
1150820,067535,眾達元大63購02,0.51,0.45
1150820,067536,啟碁元大5B購07,,0.97
1150820,067537,緯穎元大5B購04,2.96,2.96
1150820,067538,力積電元大5B購09,,0.79
1150820,067539,AES元大5B購01,,0.41
1150820,067540,昇陽半元大5B購05,1.23,1.56
1150820,067541,昇陽半元大5B購06,1.10,1.72
1150820,067542,昇陽半元大63購01,,1.65
1150820,067543,臺股指元大5B購23,1.12,1.26
1150820,067544,臺股指元大5B購24,1.15,1.39
1150820,067545,台玻群益5B購03,0.90,0.88
1150820,067546,聯電群益5B購05,,0.73
1150820,067548,國巨群益5B購09,2.51,3.59
1150820,067549,華邦電群益5B購06,1.56,1.64
1150820,067550,華邦電群益5B購07,2.10,2.27
1150820,067551,華邦電群益61購02,1.28,1.34
1150820,067552,智邦群益5B購09,,0.48
1150820,067554,瑞昱群益5B購01,4.41,5.68
1150820,067555,瑞昱群益5B購02,2.49,2.79
1150820,067556,興勤群益5B購01,2.10,1.79
1150820,067557,盟立群益62購01,,1.90
1150820,067558,盟立群益63購01,,1.86
1150820,067559,盟立群益63購02,3.15,3.04
1150820,067560,盟立群益64購01,,2.12
1150820,067563,兆赫群益5B購03,,0.26
1150820,067565,兆赫群益5B購05,,0.13
1150820,067566,神基群益61購01,2.13,2.18
1150820,067567,晶豪科群益5C購03,,0.81
1150820,067568,大立光群益5B購05,,3.81
1150820,067569,大立光群益5B購06,,5.42
1150820,067570,大立光群益5B購07,6.80,4.12
1150820,067571,聯詠群益61購01,1.77,2.01
1150820,067572,緯創群益62購01,1.80,2.20
1150820,067573,臻鼎群益61購01,2.15,2.48
1150820,067574,力積電群益61購01,1.17,1.32
1150820,067575,AES群益5B購04,0.46,0.65
1150820,067576,矽創群益5B購01,1.10,1.28
1150820,067577,矽創群益5B購02,0.70,0.93
1150820,067578,臺股指群益5B購24,1.78,1.84
1150820,067579,臺股指群益5B購25,,1.72
1150820,067580,臺股指群益5B購26,1.53,1.54
1150820,067581,臺股指群益5B購27,1.56,1.74
1150820,067582,臺股指群益5B購28,,1.16
1150820,067583,臺股指群益5B購29,0.75,1.08
1150820,067584,華新國票5B購02,0.90,0.95
1150820,067585,長興國票5B購01,,0.51
1150820,067586,聯電國票5B購06,0.57,0.74
1150820,067587,國巨國票5B購04,,1.80
1150820,067588,國巨國票5B購05,1.77,2.24
1150820,067590,華邦電國票5C購03,1.07,1.07
1150820,067591,順德國票5C購02,0.53,0.51
1150820,067592,技嘉國票5B購04,,1.22
1150820,067593,大毅國票5B購01,2.88,3.01
1150820,067595,晶豪科國票5B購02,,1.15
1150820,067596,大立光國票5C購02,4.11,2.86
1150820,067598,臻鼎國票5B購02,0.91,1.07
1150820,067599,臻鼎國票5C購01,0.94,1.09
1150820,067600,祥碩國票5B購01,,0.55
1150820,067601,嘉基國票5C購01,0.53,0.28
1150820,067602,力積電國票5B購02,,1.21
1150820,067603,昇陽半國票5C購02,,0.65
1150820,067604,台虹國票5C購01,3.29,2.44
1150820,067605,電子類國票5B購01,0.80,0.88
1150820,067606,電子類國票5B購02,0.63,0.77
1150820,067607,台灣50中信65購03,0.53,0.57
1150820,067608,臺指2X中信65購02,0.54,0.57
1150820,067609,鴻海中信65購02,,0.41
1150820,067610,國巨中信65購02,2.75,2.92
1150820,067611,華邦電中信5B購03,0.98,0.96
1150820,067612,大立光中信62購01,1.82,1.35
1150820,067613,力積電中信5B購05,0.37,0.46
1150820,067614,兆赫國泰5C購01,0.22,0.28
1150820,067615,嘉澤國泰5C購02,,0.62
1150820,067616,台塑統一61購01,0.71,0.70
1150820,067617,鈺邦國泰62購01,,1.47
1150820,067618,惠特國泰5C購01,,0.37
1150820,067619,富鼎國泰5C購01,1.84,1.84
1150820,067620,國巨永豐65購02,1.64,1.88
1150820,067621,所羅門永豐61購01,0.75,0.80
1150820,067622,晶豪科永豐65購04,,0.71
1150820,067623,大立光永豐5B購01,3.54,2.26
1150820,067624,大立光永豐66購02,6.05,4.50
1150820,067625,玉晶光永豐61購01,1.14,0.97
1150820,067626,達明永豐5C購01,,0.29
1150820,067627,力成永豐61購01,1.04,1.17
1150820,067628,力成永豐63購02,1.23,1.33
1150820,067629,鈺邦永豐64購01,0.68,0.81
1150820,067631,昇陽半永豐64購01,0.51,0.63
1150820,067632,強茂兆豐5C購02,,1.11
1150820,067633,昇陽半兆豐5C購02,,0.84
1150820,067634,楠梓電富邦5B購03,0.59,0.72
1150820,067635,華邦電富邦62購01,0.95,0.93
1150820,067636,智邦富邦62購03,0.36,0.50
1150820,067637,兆赫富邦5B購01,0.04,0.04
1150820,067638,大立光富邦61購03,1.68,1.15
1150820,067639,大立光富邦62購02,2.98,2.09
1150820,06763U,國巨中信5A售04,0.06,0.05
1150820,067642,力成富邦65購01,0.80,0.84
1150820,067643,矽創富邦5C購01,0.52,0.58
1150820,067644,臺股指富邦65購06,1.11,1.20
1150820,067645,華城凱基63購01,0.71,0.65
1150820,067646,聯電凱基5B購09,0.47,0.62
1150820,067647,國巨凱基5B購07,1.46,1.66
1150820,067648,華邦電凱基5B購04,1.39,1.41
1150820,067649,技嘉凱基5B購07,1.19,1.35
1150820,067650,微星凱基5B購03,,2.47
1150820,067651,盟立凱基5C購01,2.33,2.14
1150820,067652,盟立凱基64購01,1.69,1.78
1150820,067653,神基凱基5C購01,1.24,1.28
1150820,067654,晶豪科凱基5B購09,0.38,0.55
1150820,067655,晶豪科凱基5C購01,0.65,0.63
1150820,067656,大立光凱基5B購13,3.39,2.15
1150820,067657,大立光凱基5C購03,3.30,2.07
1150820,067658,大立光凱基63購01,,2.93
1150820,067659,大立光凱基63購02,,2.44
1150820,067660,大立光凱基63購03,3.25,2.25
1150820,067661,智原凱基5B購08,,0.40
1150820,067662,華晶科凱基5C購01,0.34,0.42
1150820,067663,玉晶光凱基5B購01,0.74,0.63
1150820,067664,貿聯凱基61購05,1.04,1.08
1150820,067665,臻鼎凱基61購05,0.89,1.08
1150820,067666,天虹凱基5B購01,,0.50
1150820,067667,昇陽半凱基5C購02,,0.47
1150820,067668,中砂國票5C購03,,1.09
1150820,067669,上銀國票5C購02,0.42,0.48
1150820,067670,台積電國票5B購03,,0.77
1150820,067671,矽統國票5C購01,,0.50
1150820,067672,創見國票5C購01,,0.49
1150820,067673,強茂國票5B購02,1.09,1.15
1150820,067675,晶豪科國票5C購02,,1.10
1150820,067676,大立光國票5C購03,2.74,1.67
1150820,067677,玉晶光國票5B購02,1.28,1.09
1150820,067678,jpp國票5C購02,,0.27
1150820,067679,帆宣國票5C購01,1.04,1.22
1150820,067680,鈺邦國票5B購01,0.49,0.66
1150820,067681,鈺邦國票5C購01,,0.72
1150820,067682,保瑞國票5B購01,2.00,1.70
1150820,067683,昇陽半國票5C購03,0.32,0.46
1150820,067684,羅昇國票5C購01,0.24,0.22
1150820,067685,聯電群益5B購06,,0.85
1150820,067686,華通群益5B購08,0.80,0.79
1150820,067687,鴻海群益5B購09,,0.76
1150820,067688,仁寶群益5B購01,2.62,3.56
1150820,067689,智邦群益5B購10,,0.65
1150820,067690,漢唐群益64購01,0.73,0.81
1150820,067691,盟立群益5B購03,1.88,2.08
1150820,067692,強茂群益5B購04,0.93,0.95
1150820,067693,晶豪科群益5B購05,0.70,0.92
1150820,067694,晶豪科群益61購03,0.38,0.47
1150820,067695,大立光群益5B購08,6.15,4.02
1150820,067696,大立光群益5B購09,5.35,3.31
1150820,067697,華晶科群益5B購01,0.42,0.58
1150820,067698,華晶科群益5B購02,,0.45
1150820,067699,日電貿群益5B購01,2.75,2.53
1150820,067700,昇貿群益5B購03,0.33,0.48
1150820,067701,日月光群益5B購01,1.70,2.10
1150820,067702,力成群益5B購02,1.77,2.12
1150820,067703,啟碁群益5B購07,0.64,0.91
1150820,067705,昇陽半群益5B購02,,0.82
1150820,067706,臺股指群益65購06,1.62,1.75
1150820,067707,聯電元大5B購12,0.46,0.76
1150820,067708,聯電元大5B購13,0.59,0.93
1150820,067709,聯電元大5B購14,0.55,0.70
1150820,067710,鴻海元大5B購04,,1.19
1150820,067711,鴻海元大5C購14,0.99,1.23
1150820,067712,鴻海元大61購21,0.88,1.12
1150820,067713,台積電元大5B購24,,0.67
1150820,067714,台積電元大5B購25,0.77,0.84
1150820,067715,台積電元大61購38,0.45,0.55
1150820,067716,華邦電元大5B購05,1.05,1.19
1150820,067717,英業達元大5B購03,2.53,3.03
1150820,067718,瑞昱元大5B購03,2.28,2.92
1150820,067719,晶豪科元大5B購06,0.56,0.64
1150820,067720,大立光元大5B購09,6.45,4.80
1150820,067721,大立光元大5B購10,6.40,4.31
1150820,067722,大立光元大5B購11,7.15,4.93
1150820,067723,大立光元大5B購12,6.90,4.44
1150820,067724,大立光元大5B購13,6.30,4.01
1150820,067725,大立光元大5B購14,,3.58
1150820,067726,大立光元大5B購15,,3.37
1150820,067727,大立光元大5B購16,5.50,3.42
1150820,067728,大立光元大5B購17,3.68,2.44
1150820,067729,大立光元大63購14,1.62,1.32
1150820,067730,益登元大5B購01,,1.23
1150820,067731,玉晶光元大5B購02,,1.34
1150820,067732,玉晶光元大63購01,1.02,0.82
1150820,067733,嘉澤元大5B購04,0.23,0.52
1150820,067735,臻鼎元大61購10,0.66,0.89
1150820,067736,鈺邦元大5B購01,,0.53
1150820,067737,鈺邦元大5B購02,1.37,1.76
1150820,067738,鈺邦元大5B購03,1.36,1.72
1150820,067739,昇陽半元大5B購07,0.92,1.24
1150820,067740,昇陽半元大5B購08,,0.45
1150820,067741,昇陽半元大5B購09,0.98,1.29
1150820,067742,昇陽半元大61購04,0.51,0.59
1150820,067743,台灣50台新5B購12,1.48,1.98
1150820,067744,滬深2X台新5B購01,,0.65
1150820,067745,A50正2台新5B購01,0.54,0.84
1150820,067747,中砂台新5B購02,2.89,2.99
1150820,067748,為升台新5B購01,,0.63
1150820,067749,為升台新5B購02,,0.44
1150820,067751,鴻海台新65購01,,3.33
1150820,067752,仁寶台新5B購01,3.46,4.07
1150820,067753,廣宇台新5B購02,,0.87
1150820,067754,智邦台新5B購06,0.40,0.57
1150820,067755,所羅門台新5B購03,1.62,1.56
1150820,067756,矽統台新5B購03,,0.65
1150820,067757,矽統台新5B購04,,0.45
1150820,067758,凱美台新5B購01,2.48,2.54
1150820,067759,凱美台新5B購02,2.00,2.19
1150820,067760,凱美台新5B購03,1.36,1.77
1150820,067761,漢唐台新5B購07,,1.33
1150820,067762,宏達電台新5B購01,0.62,0.62
1150820,067763,宏達電台新5B購02,0.56,0.63
1150820,067764,宏達電台新5B購03,0.47,0.56
1150820,067765,玉山金台新65購01,5.60,6.28
1150820,067766,晶豪科台新5B購09,0.91,1.01
1150820,067767,益登台新5B購01,0.99,1.20
1150820,067768,益登台新5B購02,0.81,1.12
1150820,067769,華晶科台新5B購01,0.82,0.94
1150820,067770,緯創台新5B購05,3.65,4.19
1150820,067771,緯創台新5B購06,6.95,9.10
1150820,067772,玉晶光台新5B購01,,1.08
1150820,067773,玉晶光台新62購01,,1.06
1150820,067774,智伸科台新5B購02,,1.99
1150820,067775,達明台新5B購01,,0.55
1150820,067776,達明台新5B購02,0.53,0.62
1150820,067777,鈺邦台新5B購01,,1.58
1150820,067778,鈺邦台新5B購02,,1.41
1150820,067779,鈺邦台新5B購03,0.57,0.77
1150820,067780,昇陽半台新5B購06,,1.28
1150820,067781,世紀鋼台新5B購01,0.51,0.78
1150820,067782,國巨中信65購03,0.70,1.00
1150820,067783,立隆電中信62購01,,1.08
1150820,067784,臻鼎中信65購01,0.60,0.64
1150820,067785,益登國泰5C購01,,1.03
1150820,067786,全科國泰5C購01,0.30,0.47
1150820,067787,牧德國泰5C購01,,0.54
1150820,067788,康舒國泰61購01,,1.21
1150820,067789,華紙國票5C購01,0.55,0.56
1150820,06778P,台積電凱基5B售03,,0.01
1150820,067790,國巨國票5B購07,1.28,1.49
1150820,067791,國巨國票5C購01,0.96,1.20
1150820,067792,國巨國票5C購02,1.46,1.83
1150820,067793,敬鵬國票5C購01,,0.15
1150820,067794,超豐國票5B購02,,0.85
1150820,067795,超豐國票5B購03,,1.15
1150820,067796,強茂國票5C購01,,0.87
1150820,067798,華南金國票5C購01,1.66,2.49
1150820,067799,國泰金國票5C購01,3.06,3.43
1150820,067800,威健國票5C購02,0.55,0.72
1150820,067801,日電貿國票5B購02,1.79,1.69
1150820,067802,全科國票5C購01,0.11,0.18
1150820,067803,京鼎國票5C購01,,0.60
1150820,067804,牧德國票5C購01,,0.38
1150820,067805,和椿國票5C購01,,0.33
1150820,067806,樺漢國票5C購01,1.65,2.40
1150820,067807,惠特國票5C購02,,0.16
1150820,067808,長華國票5B購01,1.38,1.32
1150820,067809,南茂國票5C購03,,0.83
1150820,067810,富鼎國票5C購02,1.41,1.65
1150820,067811,羅昇國票5C購02,,0.22
1150820,067812,長興永豐5C購02,,0.64
1150820,067813,華紙永豐61購01,0.81,0.81
1150820,067814,國巨永豐5C購05,1.33,1.64
1150820,067815,敬鵬永豐61購01,,0.21
1150820,067816,華碩永豐64購01,,2.90
1150820,067817,技嘉永豐5B購02,0.73,0.90
1150820,067818,盟立永豐64購01,2.08,1.99
1150820,067819,強茂永豐64購01,1.03,1.02
1150820,067820,啟碁永豐61購02,,0.45
1150820,067822,群電永豐65購01,,0.74
1150820,067823,保瑞永豐5C購01,0.88,0.73
1150820,067824,力智永豐5C購01,0.39,0.54
1150820,067825,力積電永豐5C購06,1.01,1.10
1150820,067826,南茂永豐64購01,1.47,1.59
1150820,067827,台灣50富邦65購05,1.04,1.15
1150820,067828,T50反1富邦5B購04,0.20,0.24
1150820,067829,元債2X富邦5B購01,,0.40
1150820,067830,元債2X富邦65購02,,0.43
1150820,067831,元債2X富邦65購03,0.47,0.47
1150820,067832,東元富邦61購01,0.64,0.54
1150820,067833,上銀富邦5B購02,0.31,0.36
1150820,067834,台積電富邦61購08,0.71,0.80
1150820,067835,立隆電富邦5B購04,,0.79
1150820,067836,台新金富邦5B購01,4.52,4.62
1150820,067838,日月光富邦63購01,1.20,1.27
1150820,067839,群電富邦61購01,,0.50
1150820,067840,力積電富邦5B購01,,0.80
1150820,067841,長興元大5B購06,,0.90
1150820,067842,台玻元大5B購05,0.67,0.61
1150820,067843,聯電元大5B購15,,0.66
1150820,067844,聯電元大5B購16,0.57,0.67
1150820,067845,聯電元大5B購17,0.98,1.16
1150820,067846,鴻海元大5B購05,,0.96
1150820,067847,鴻海元大5B購06,,1.18
1150820,067848,鴻海元大5B購07,,1.35
1150820,067849,台積電元大5B購26,8.45,9.12
1150820,067850,台積電元大5B購27,,1.18
1150820,067851,華邦電元大5B購06,,1.40
1150820,067852,華邦電元大5B購07,1.97,1.98
1150820,067853,華邦電元大5B購08,,1.63
1150820,067854,凱美元大5B購01,,1.20
1150820,067855,技嘉元大5B購06,,1.15
1150820,067856,微星元大5B購05,1.46,1.94
1150820,067857,京元電元大5B購06,,1.05
1150820,067858,京元電元大5B購07,0.91,1.09
1150820,067859,盟立元大5B購06,2.58,2.16
1150820,067860,盟立元大5B購07,1.95,2.07
1150820,067861,強茂元大5B購04,1.24,1.27
1150820,067862,強茂元大5B購05,,0.52
1150820,067863,聯詠元大5B購05,2.06,2.11
1150820,067864,智原元大5B購06,,0.67
1150820,067865,緯創元大5B購06,2.12,2.55
1150820,067866,緯創元大5B購07,,2.29
1150820,067867,昇貿元大5B購03,,0.24
1150820,067868,牧德元大5B購03,0.42,0.52
1150820,067869,日月光元大5B購04,1.39,1.83
1150820,067870,臻鼎元大5B購09,2.59,2.81
1150820,067871,臻鼎元大5B購11,1.42,1.56
1150820,067872,祥碩元大5B購04,0.55,0.59
1150820,067873,今國光元大5B購03,,0.85
1150820,067874,力成元大5B購02,1.52,1.70
1150820,067875,力成元大5B購03,,1.93
1150820,067876,矽格元大5B購03,0.70,0.86
1150820,067877,啟碁元大5B購08,,0.31
1150820,067878,緯穎元大5B購05,2.52,2.57
1150820,067879,力積電元大63購01,,1.82
1150820,067880,臺股指元大63購22,1.36,1.56
1150820,067881,長興凱基5B購03,,0.77
1150820,067882,華通凱基61購05,,0.34
1150820,067883,鴻海凱基61購06,1.23,1.62
1150820,067884,仁寶凱基5B購02,2.48,2.70
1150820,067885,國巨凱基5B購09,1.45,2.17
1150820,067886,國巨凱基61購02,0.96,1.23
1150820,067887,國巨凱基63購01,,1.44
1150820,067888,國巨凱基63購02,1.68,1.89
1150820,067889,英業達凱基5B購02,5.70,5.75
1150820,067891,瑞昱凱基5B購03,2.77,3.36
1150820,067892,漢唐凱基63購02,1.29,1.54
1150820,067893,盟立凱基5B購05,1.09,1.27
1150820,067897,元債2X元大61購01,0.20,0.18
1150820,067898,美債2X元大61購01,,0.16
1150820,067899,盟立凱基5B購06,1.37,1.43
1150820,067900,盟立凱基61購01,,1.59
1150820,067901,強茂凱基5B購07,0.54,0.60
1150820,067902,強茂凱基5B購08,0.58,0.60
1150820,067904,富邦金凱基5B購01,,5.50
1150820,067905,聯詠凱基5B購04,0.96,1.17
1150820,067906,日電貿凱基5B購02,2.60,2.48
1150820,067907,昇貿凱基5B購02,,0.36
1150820,067908,嘉澤凱基5B購04,,0.42
1150820,067909,牧德凱基5B購03,0.19,0.21
1150820,067910,牧德凱基5B購04,,0.22
1150820,067911,力成凱基5B購02,1.07,1.22
1150820,067913,啟碁凱基5B購07,,0.47
1150820,067914,保瑞凱基61購01,1.37,1.24
1150820,067915,力智凱基5B購02,,0.38
1150820,067916,臺股指凱基65購06,,1.84
1150820,067917,聯電台新5B購01,1.79,2.15
1150820,067918,聯電台新5B購02,,1.46
1150820,067919,聯電台新5B購03,,1.30
1150820,067920,華通台新5B購02,,0.59
1150820,067921,技嘉台新5B購01,1.75,2.16
1150820,067922,技嘉台新5B購02,,1.39
1150820,067923,超豐台新5B購01,1.96,2.17
1150820,067924,超豐台新5B購02,0.90,1.12
1150820,067925,強茂台新5B購02,1.47,1.56
1150820,067926,強茂台新5B購03,0.68,0.77
1150820,067927,牧德台新5B購01,,0.34
1150820,067928,牧德台新5B購02,,0.52
1150820,067929,牧德台新5C購01,0.49,0.55
1150820,067930,牧德台新62購01,0.43,0.43
1150820,067931,南寶台新5B購02,1.72,1.64
1150820,067932,祥碩台新5B購01,1.50,1.48
1150820,067933,祥碩台新5B購02,1.13,1.15
1150820,067934,祥碩台新5B購03,,0.85
1150820,067935,南茂台新5B購01,1.53,1.60
1150820,067936,南茂台新5B購02,,1.07
1150820,067937,臺股指台新5B購08,1.54,1.81
1150820,067938,台股增群益5B購05,,1.21
1150820,067940,長興群益5B購02,,0.91
1150820,067941,華通群益5C購03,0.22,0.35
1150820,067942,國巨群益5B購10,1.59,2.16
1150820,067943,國巨群益5B購11,1.10,1.57
1150820,067944,台積電群益5B購18,1.76,2.02
1150820,067945,台積電群益5B購19,1.05,1.23
1150820,067946,台積電群益5B購20,0.64,0.82
1150820,067948,技嘉群益5B購03,0.90,1.21
1150820,067949,京元電群益5C購03,0.48,0.60
1150820,067950,臻鼎群益5B購04,1.51,1.82
1150820,067951,亞翔群益5B購02,,1.49
1150820,067952,啟碁群益5B購08,0.55,0.71
1150820,067953,保瑞群益61購02,2.80,2.47
1150820,067954,臺股指群益61購05,,1.57
1150820,067955,臺股指群益6A購01,,2.95
1150820,067956,T50正2統一65購01,0.70,0.72
1150820,067957,T50正2統一65購02,,0.68
1150820,067958,台股增統一64購01,,0.63
1150820,067959,台股增統一65購01,,0.54
1150820,067960,台股增統一65購02,0.64,0.62
1150820,067961,台股增統一65購03,,0.55
1150820,067962,台股增統一65購04,,0.86
1150820,067966,台股增統一75購01,0.58,0.59
1150820,067967,中砂統一61購04,0.81,0.85
1150820,067968,中砂統一69購01,,0.57
1150820,067971,亞德客統一65購01,0.57,0.65
1150820,067972,台玻統一63購01,,0.28
1150820,067973,台玻統一63購02,,0.37
1150820,067974,台玻統一65購01,,0.39
1150820,067975,上銀統一64購04,0.51,0.56
1150820,067976,上銀統一69購01,0.57,0.55
1150820,067977,上銀統一75購01,0.43,0.44
1150820,067978,聯電統一63購02,0.60,0.72
1150820,067979,聯電統一63購03,0.56,0.64
1150820,067980,聯電統一64購02,0.61,0.69
1150820,067981,聯電統一65購01,0.53,0.62
1150820,067983,聯電統一65購02,0.60,0.68
1150820,067984,聯電統一65購03,0.52,0.59
1150820,067985,聯電統一65購04,0.62,0.75
1150820,067986,聯電統一69購01,0.49,0.54
1150820,067987,聯電統一75購01,0.57,0.62
1150820,067988,華通統一63購04,0.38,0.38
1150820,067989,華通統一65購04,,0.37
1150820,067990,鴻海統一5B購03,,0.45
1150820,067991,鴻海統一65購03,,0.67
1150820,067992,國巨統一63購01,0.78,0.95
1150820,067993,國巨統一64購03,0.96,1.10
1150820,067994,國巨統一65購01,1.26,1.38
1150820,067995,國巨統一65購02,0.82,0.99
1150820,067996,國巨統一65購03,0.79,0.86
1150820,067997,國巨統一65購04,0.73,0.81
1150820,067998,國巨統一65購05,0.77,0.91
1150820,067999,國巨統一65購06,1.01,1.15
1150820,068000,國巨統一65購07,0.75,0.88
1150820,068001,國巨統一65購08,0.68,0.80
1150820,068002,國巨統一69購02,1.02,1.11
1150820,068003,國巨統一75購01,0.84,0.91
1150820,068004,台積電統一65購03,0.68,0.73
1150820,068005,台積電統一75購01,,0.99
1150820,068006,台積電統一75購02,0.66,0.67
1150820,068007,華邦電統一63購01,1.24,1.25
1150820,068008,華邦電統一64購01,1.23,1.19
1150820,068009,華邦電統一65購01,1.10,1.08
1150820,068010,華邦電統一65購02,1.18,1.18
1150820,068011,華邦電統一65購03,1.46,1.43
1150820,068012,華邦電統一65購04,0.89,0.86
1150820,068013,華邦電統一65購05,0.86,0.85
1150820,068014,華邦電統一69購01,0.84,0.83
1150820,068015,華邦電統一75購01,0.79,0.79
1150820,068016,智邦統一63購05,0.36,0.45
1150820,068017,智邦統一65購01,0.42,0.51
1150820,068018,智邦統一65購02,,0.52
1150820,068019,順德統一65購01,0.48,0.45
1150820,068020,燿華統一65購01,0.18,0.18
1150820,068021,燿華統一69購01,,0.23
1150820,068022,技嘉統一65購01,0.68,0.75
1150820,068023,微星統一65購01,0.88,1.01
1150820,068024,微星統一75購01,0.72,0.82
1150820,068025,威盛統一66購01,0.50,0.53
1150820,068026,漢唐統一65購01,0.77,0.82
1150820,068027,偉詮電統一65購01,,0.52
1150820,068028,超豐統一64購01,0.73,0.92
1150820,068029,京元電統一65購03,0.31,0.35
1150820,068030,創見統一65購03,,0.39
1150820,068031,創見統一65購04,,0.56
1150820,068032,創見統一65購05,,0.46
1150820,068033,盟立統一65購01,0.77,0.79
1150820,068034,盟立統一65購02,1.13,1.18
1150820,068035,盟立統一75購01,0.84,0.86
1150820,068037,立隆電統一65購02,0.47,0.58
1150820,068038,立隆電統一65購03,,0.68
1150820,068039,立隆電統一69購01,0.48,0.55
1150820,068040,鉅祥統一65購01,0.62,0.66
1150820,068041,強茂統一63購02,2.40,2.40
1150820,068042,強茂統一65購01,0.57,0.58
1150820,068043,強茂統一65購02,0.63,0.68
1150820,068044,兆赫統一63購01,0.07,0.10
1150820,068045,兆赫統一66購01,,0.16
1150820,068046,兆赫統一66購02,,0.17
1150820,068047,宏達電統一75購01,0.47,0.47
1150820,068048,威健統一64購02,0.51,0.59
1150820,068049,智原統一65購01,0.42,0.41
1150820,068050,健鼎統一65購01,0.57,0.54
1150820,068051,日電貿統一63購01,0.93,0.89
1150820,068052,日電貿統一65購02,,0.80
1150820,068053,日電貿統一65購03,0.79,0.72
1150820,068054,日電貿統一65購04,0.72,0.66
1150820,068058,美債2X凱基5C購01,0.17,0.16
1150820,068060,日電貿統一69購01,0.65,0.62
1150820,068061,昇貿統一63購01,0.25,0.30
1150820,068062,昇貿統一65購01,,0.37
1150820,068063,玉晶光統一63購01,0.77,0.67
1150820,068064,玉晶光統一64購03,0.69,0.57
1150820,068065,玉晶光統一68購01,0.69,0.61
1150820,068066,TPK統一65購01,0.45,0.43
1150820,068067,正文統一65購01,0.46,0.50
1150820,068068,正文統一66購01,,0.39
1150820,068069,臻鼎統一64購05,0.88,0.78
1150820,068070,臻鼎統一65購02,0.83,0.90
1150820,068071,臻鼎統一65購03,,0.70
1150820,068072,臻鼎統一68購01,0.65,0.68
1150820,068073,臻鼎統一69購01,0.71,0.76
1150820,068074,十銓統一65購01,0.53,0.58
1150820,068076,十銓統一65購02,,0.56
1150820,068077,眾達統一65購01,,0.21
1150820,068078,祥碩統一65購01,0.70,0.66
1150820,068079,飛捷統一63購03,0.91,0.96
1150820,068080,力成統一62購02,,0.74
1150820,068081,力成統一65購01,0.72,0.77
1150820,068082,矽格統一64購03,,0.49
1150820,068083,啟碁統一65購03,,0.47
1150820,068084,緯穎統一61購06,1.37,1.39
1150820,068085,緯穎統一63購02,1.61,1.56
1150820,068086,緯穎統一75購01,3.46,3.42
1150820,068087,嘉基統一63購01,0.68,0.40
1150820,068088,嘉基統一64購01,0.61,0.40
1150820,068089,嘉基統一65購01,0.57,0.54
1150820,068090,嘉基統一69購01,0.56,0.41
1150820,068091,力智統一65購01,0.42,0.49
1150820,068092,力積電統一65購02,0.62,0.65
1150820,068093,力積電統一65購03,0.51,0.55
1150820,068094,力積電統一65購04,,0.69
1150820,068095,力積電統一68購01,0.64,0.69
1150820,068096,力積電統一69購01,0.61,0.65
1150820,068097,力積電統一75購01,0.56,0.59
1150820,068098,矽創統一63購01,,0.65
1150820,068099,南茂統一63購01,0.86,0.93
1150820,068100,南茂統一65購01,,0.84
1150820,068101,南茂統一65購02,0.71,0.75
1150820,068102,南茂統一69購01,0.55,0.57
1150820,068103,華城兆豐62購01,,0.81
1150820,068104,華邦電兆豐65購04,,2.14
1150820,068105,立隆電兆豐5C購01,,0.69
1150820,068106,華通富邦5C購02,0.28,0.29
1150820,068107,楠梓電富邦5C購01,0.85,0.97
1150820,068108,佳能富邦5C購02,,0.35
1150820,068109,力智富邦62購01,0.33,0.44
1150820,068110,天虹富邦5C購01,0.41,0.48
1150820,068111,T50正2中信65購02,0.62,0.65
1150820,068112,T50反1中信65購02,0.59,0.60
1150820,068113,臺指反中信65購01,0.37,0.37
1150820,068114,晶豪科中信5B購03,0.51,0.60
1150820,068115,日電貿中信5B購01,0.47,0.59
1150820,068116,日月光中信5B購02,0.83,1.00
1150820,068118,聯電永豐5C購02,,0.92
1150820,068119,矽統永豐65購01,,0.80
1150820,068120,研華永豐61購01,,1.89
1150820,068121,晶豪科永豐65購05,1.06,1.07
1150820,068122,日電貿永豐5C購02,0.83,0.77
1150820,068123,TPK永豐5C購01,0.36,0.34
1150820,068124,力積電永豐65購02,1.32,1.42
1150820,068125,台灣50元大5C購06,,1.72
1150820,068126,香港反元大5C購01,0.28,0.35
1150820,068127,華城元大5B購03,0.69,0.59
1150820,068128,台玻元大5B購06,,0.32
1150820,068129,華通元大5B購08,0.66,0.65
1150820,068130,華通元大5B購09,0.42,0.47
1150820,068131,華通元大5B購10,,0.47
1150820,068132,鴻海元大5B購08,0.65,0.96
1150820,068133,鴻海元大5B購09,,1.32
1150820,068134,鴻海元大5B購10,0.89,1.19
1150820,068135,台積電元大5B購28,,6.25
1150820,068136,台積電元大5B購29,7.80,8.55
1150820,068137,華邦電元大5B購09,,1.81
1150820,068138,智邦元大5B購05,0.46,0.65
1150820,068139,智邦元大5B購06,0.48,0.72
1150820,068140,智邦元大5B購07,0.34,0.48
1150820,068141,敬鵬元大5B購01,,0.20
1150820,068143,凱美元大5B購02,,1.35
1150820,068144,技嘉元大5B購07,1.01,1.30
1150820,068145,微星元大5B購06,1.19,1.59
1150820,068146,京元電元大5B購08,0.95,1.23
1150820,068147,京元電元大5B購09,0.99,1.20
1150820,068148,京元電元大5B購10,0.63,0.84
1150820,068151,兆赫元大5B購04,,0.13
1150820,068152,晶豪科元大5B購07,1.05,1.21
1150820,068154,聯詠元大5B購06,1.74,1.85
1150820,068155,智原元大5B購07,0.63,0.70
1150820,068156,智原元大5B購08,,0.61
1150820,068157,智原元大5B購09,,0.57
1150820,068159,日電貿元大5B購04,1.02,1.02
1150820,068160,日電貿元大5B購05,,1.01
1150820,068162,緯創元大5B購08,2.26,2.73
1150820,068163,TPK元大5B購02,,0.33
1150820,068164,臻鼎元大5B購12,,1.60
1150820,068165,十銓元大5B購04,0.59,0.61
1150820,068166,啟碁元大5B購09,,0.41
1150820,068168,緯穎元大5B購06,2.85,2.86
1150820,068171,富世達統一5A購01,4.16,4.10
1150820,068172,富世達統一62購01,,1.81
1150820,068173,富世達統一62購02,2.99,2.85
1150820,068174,力積電元大5B購10,,2.77
1150820,068176,士電凱基5B購01,1.17,1.22
1150820,068177,華城凱基5B購03,,0.33
1150820,068179,台玻凱基64購01,,0.47
1150820,068180,華紙凱基5C購01,1.00,1.00
1150820,068181,華通凱基61購06,0.42,0.37
1150820,068182,楠梓電凱基5B購02,,1.16
1150820,068183,華邦電凱基5B購05,,1.94
1150820,068184,智邦凱基61購05,,0.83
1150820,068187,技嘉凱基61購01,1.12,1.33
1150820,068188,研華凱基5B購03,2.45,2.36
1150820,068189,超豐凱基5B購01,,1.81
1150820,068190,京元電凱基5C購03,,0.57
1150820,068191,國泰金凱基5C購01,,3.10
1150820,068192,晶豪科凱基61購01,0.84,0.79
1150820,068193,智原凱基5C購03,0.49,0.55
1150820,068194,日電貿凱基5B購03,0.90,1.05
1150820,068195,緯創凱基5B購03,3.80,4.48
1150820,068196,昇貿凱基5B購03,,0.24
1150820,068197,京鼎凱基5C購01,0.29,0.46
1150820,068198,嘉澤凱基5B購05,,0.26
1150820,068199,日月光凱基64購01,1.55,1.69
1150820,068200,臻鼎凱基63購02,1.10,1.21
1150820,068201,亞翔凱基5B購07,,0.99
1150820,068202,矽格凱基5B購04,,0.50
1150820,068203,達發凱基5B購04,,0.36
1150820,068204,達發凱基5C購01,,0.52
1150820,068205,緯穎凱基5B購11,,2.67
1150820,068207,T50正2國泰5C購01,1.38,1.56
1150820,068208,所羅門國泰5C購01,,2.13
1150820,068211,晶豪科國泰5C購01,1.42,1.65
1150820,068212,晶豪科國泰5C購02,1.49,1.65
1150820,068213,日電貿國泰5C購01,,1.01
1150820,068214,昇貿國泰61購01,,1.00
1150820,068215,台郡國泰5C購01,,2.16
1150820,068216,元金2X國票5B購01,0.66,0.54
1150820,068218,楠梓電國票5C購01,1.03,1.19
1150820,068220,技嘉國票5C購01,1.65,2.08
1150820,068221,義隆國票5B購01,0.62,0.75
1150820,068222,義隆國票5C購01,0.66,0.79
1150820,068223,盟立國票5B購03,2.19,2.31
1150820,068224,大毅國票5C購01,2.00,1.93
1150820,068225,宏達電國票5C購01,0.83,0.86
1150820,068226,日電貿國票5B購03,1.39,1.37
1150820,068227,日電貿國票5C購01,1.42,1.34
1150820,068228,達邁國票5C購02,,0.11
1150820,068229,TPK國票5C購01,0.30,0.29
1150820,068230,達明國票5C購01,,0.37
1150820,068231,意騰國票5C購01,,0.15
1150820,068232,台股增統一65購07,,0.67
1150820,068233,台股增統一67購01,0.62,0.61
1150820,068234,士電統一65購01,0.67,0.66
1150820,068235,華城統一65購01,0.57,0.52
1150820,068236,台玻統一65購02,0.38,0.39
1150820,068237,台玻統一65購03,,0.36
1150820,068238,上銀統一65購01,0.59,0.60
1150820,068239,聯電統一65購06,0.53,0.61
1150820,068240,金寶統一65購01,0.74,0.84
1150820,068242,華通統一75購01,0.54,0.53
1150820,068243,鴻海統一65購04,0.52,0.64
1150820,068244,台積電統一5B購03,0.67,0.79
1150820,068245,台積電統一69購02,0.90,0.95
1150820,068246,台積電統一75購03,,0.92
1150820,068247,台積電統一75購04,0.54,0.56
1150820,068248,智邦統一5B購02,,0.28
1150820,068249,智邦統一64購04,0.26,0.37
1150820,068252,所羅門統一65購01,0.79,0.76
1150820,068253,燿華統一5B購01,0.05,0.05
1150820,068254,燿華統一63購01,,0.15
1150820,068255,技嘉統一65購02,,0.74
1150820,068256,威盛統一63購01,0.41,0.50
1150820,068257,研華統一64購02,1.61,1.42
1150820,068258,研華統一65購01,1.31,1.26
1150820,068259,研華統一65購02,1.57,1.51
1150820,068260,研華統一66購01,,1.29
1150820,068261,創見統一5B購01,,0.33
1150820,068262,盟立統一63購01,1.22,1.19
1150820,068263,盟立統一65購03,0.79,0.81
1150820,068264,立隆電統一65購04,,0.56
1150820,068265,鉅祥統一64購02,0.65,0.70
1150820,068266,兆赫統一5B購01,,0.05
1150820,068268,兆赫統一65購02,,0.16
1150820,068269,兆赫統一65購03,,0.12
1150820,068270,兆赫統一69購01,,0.21
1150820,068271,晶豪科統一63購01,0.66,0.77
1150820,068272,晶豪科統一64購01,0.61,0.75
1150820,068273,晶豪科統一65購02,,0.71
1150820,068274,晶豪科統一65購03,0.59,0.58
1150820,068275,晶豪科統一65購04,,0.65
1150820,068276,晶豪科統一65購05,0.64,0.70
1150820,068277,晶豪科統一66購02,,0.57
1150820,068279,晶豪科統一75購01,0.64,0.68
1150820,068280,信邦統一65購01,0.59,0.58
1150820,068281,信邦統一65購02,0.69,0.69
1150820,068282,威健統一65購01,0.44,0.53
1150820,068283,智原統一5B購01,,0.28
1150820,068284,華晶科統一65購01,,0.41
1150820,068285,昇貿統一65購02,0.33,0.36
1150820,068286,新日興統一63購01,,0.38
1150820,068287,玉晶光統一65購01,0.95,0.78
1150820,068288,TPK統一63購02,0.44,0.40
1150820,068289,TPK統一69購01,0.41,0.40
1150820,068290,日月光統一65購02,0.73,0.81
1150820,068291,達明統一66購01,,0.48
1150820,068292,正文統一63購01,0.41,0.45
1150820,068294,臻鼎統一5B購01,0.52,0.62
1150820,068295,十銓統一5B購01,,0.35
1150820,068296,十銓統一64購01,0.49,0.53
1150820,068297,十銓統一65購03,,0.74
1150820,068298,十銓統一65購04,,0.43
1150820,068299,十銓統一75購01,0.60,0.61
1150820,068300,眾達統一65購02,0.38,0.37
1150820,068301,佳必琪統一65購01,1.11,1.20
1150820,068302,矽格統一65購02,,0.58
1150820,068303,同欣電統一63購02,0.72,0.75
1150820,068304,啟碁統一61購05,0.27,0.33
1150820,068305,啟碁統一65購04,,0.48
1150820,068306,達發統一64購01,,0.45
1150820,068307,緯穎統一5B購05,1.32,1.38
1150820,068308,緯穎統一63購03,1.74,1.67
1150820,068309,嘉基統一5B購01,0.32,0.32
1150820,068310,力積電統一63購01,0.71,0.85
1150820,068311,南茂統一65購03,0.62,0.66
1150820,068312,富鼎統一75購01,0.79,0.83
1150820,068313,元債2X台新5B購02,0.51,0.58
1150820,068314,鴻海台新65購02,1.75,2.10
1150820,068315,華碩台新5B購01,,6.48
1150820,068316,華碩台新61購01,8.80,7.99
1150820,068317,盟立台新5B購04,3.58,3.87
1150820,068318,日電貿台新5B購01,2.67,2.80
1150820,068319,日電貿台新5B購02,0.70,0.75
1150820,068320,日電貿台新5B購03,2.33,2.31
1150820,068321,日電貿台新5B購04,0.80,0.76
1150820,068322,日電貿台新5B購05,1.28,1.26
1150820,068323,昇貿台新5B購02,,0.31
1150820,068324,今國光台新5B購01,0.75,0.88
1150820,068325,今國光台新5B購02,0.86,1.04
1150820,068326,啟碁台新5B購05,0.33,0.51
1150820,068327,群電台新5B購04,0.69,0.78
1150820,068328,群電台新5B購05,,0.53
1150820,068329,群電台新5B購06,,0.49
1150820,068330,保瑞台新5B購01,2.57,2.14
1150820,068331,達發台新5B購06,,0.51
1150820,068332,天虹台新5B購01,,1.16
1150820,068333,天虹台新5B購02,,1.21
1150820,068334,FB科技群益5B購01,0.74,0.92
1150820,068335,儒鴻群益61購01,,0.64
1150820,068338,大成鋼群益5B購01,2.20,1.85
1150820,068339,鴻海群益5B購10,0.80,1.22
1150820,068340,仁寶群益5B購02,4.06,4.66
1150820,068341,敬鵬群益5B購02,,0.10
1150820,068342,英業達群益5B購02,3.47,4.13
1150820,068343,所羅門群益5B購01,1.31,1.18
1150820,068345,瑞昱群益5B購03,2.84,3.79
1150820,068346,威盛群益5B購02,0.78,1.08
1150820,068347,研華群益5B購02,3.55,3.21
1150820,068348,漢唐群益63購01,0.59,0.65
1150820,068349,超豐群益5B購01,,1.20
1150820,068350,富邦金群益61購01,,2.63
1150820,068351,聯詠群益5B購04,1.40,1.63
1150820,068352,日電貿群益61購01,2.90,2.71
1150820,068353,昇貿群益5B購04,,0.41
1150820,068354,玉晶光群益61購01,,1.93
1150820,068355,華擎群益5B購01,,0.57
1150820,068356,嘉澤群益5B購04,,0.25
1150820,068358,TPK群益5B購03,0.16,0.17
1150820,068359,達明群益5B購01,0.41,0.49
1150820,068360,祥碩群益5B購04,0.92,0.96
1150820,068361,帆宣群益5B購02,,2.54
1150820,068362,力成群益5B購03,3.04,3.59
1150820,068364,力智群益5B購01,0.38,0.47
1150820,068365,ITH群益63購01,0.95,1.08
1150820,068366,啟碁兆豐62購01,0.37,0.46
1150820,068367,華邦電中信5B購04,,1.28
1150820,068368,晶豪科中信5B購04,0.71,0.82
1150820,068369,臻鼎中信65購02,0.57,0.62
1150820,068370,光寶科永豐65購01,1.92,1.85
1150820,068371,華通永豐61購02,0.63,0.62
1150820,068372,台積電永豐65購09,1.01,1.07
1150820,068373,華邦電永豐5B購02,,2.21
1150820,068374,華邦電永豐61購03,,2.05
1150820,068375,凌陽永豐61購01,,0.64
1150820,068376,南亞科永豐5B購04,,3.43
1150820,068377,南亞科永豐5B購05,,4.67
1150820,068378,南亞科永豐5C購03,,2.92
1150820,068379,南亞科永豐64購02,7.10,6.43
1150820,068380,南亞科永豐64購03,,4.83
1150820,068381,鴻海統一62購01,,0.71
1150820,068382,台積電統一62購01,,1.74
1150820,068383,台積電統一62購02,,2.33
1150820,068385,南亞科永豐66購03,4.39,3.92
1150820,068386,聯發科統一62購01,3.29,3.87
1150820,068387,南亞科永豐68購01,,4.08
1150820,068388,長榮統一62購01,0.80,0.68
1150820,068389,南亞科永豐6A購01,4.65,4.26
1150820,068390,京元電永豐61購01,0.66,0.83
1150820,068391,陽明統一62購01,0.15,0.08
1150820,068392,皇昌永豐5B購02,0.44,0.51
1150820,068393,大立光統一62購01,1.77,1.13
1150820,068395,亞光永豐61購01,,0.64
1150820,068396,聯詠永豐5C購01,1.79,1.95
1150820,068397,大聯大永豐5C購01,0.17,0.40
1150820,068398,亞翔永豐64購01,,1.13
1150820,068400,力成永豐5B購02,1.39,1.55
1150820,068403,華城群益5B購07,1.50,1.29
1150820,068405,台玻群益5B購04,0.95,0.93
1150820,068406,光寶科群益5B購06,4.65,4.39
1150820,068410,華通群益5B購09,0.77,0.76
1150820,068411,華邦電群益65購01,4.96,4.76
1150820,068412,智邦群益5B購11,0.54,0.81
1150820,068413,順德群益5B購01,0.67,0.62
1150820,068414,技嘉群益5C購02,1.82,2.00
1150820,068415,京元電群益5B購03,,0.60
1150820,068416,立隆電群益5B購03,,1.55
1150820,068417,威健群益5B購02,,0.54
1150820,068418,緯創群益5B購03,,3.48
1150820,068419,昇貿群益5B購05,0.48,0.59
1150820,068420,京鼎群益5B購01,,0.56
1150820,068421,嘉澤群益5B購05,,0.36
1150820,068422,日月光群益5B購02,3.21,3.91
1150820,068424,臻鼎群益5B購06,1.06,1.25
1150820,068425,亞翔群益5B購03,1.00,1.35
1150820,068426,緯穎群益63購01,1.44,1.43
1150820,068427,台股增國泰62購01,2.03,2.09
1150820,068429,威盛國泰5C購01,,1.29
1150820,068430,南亞科國泰63購02,6.75,5.77
1150820,068431,南亞科國泰63購03,,6.60
1150820,068432,大毅國泰62購01,2.48,2.49
1150820,068433,同欣電國泰5C購01,,2.18
1150820,068434,惠特國泰5C購02,,0.30
1150820,068435,華城統一75購01,0.67,0.63
1150820,068437,台玻統一75購01,,0.38
1150820,068438,光寶科統一64購01,1.19,1.14
1150820,068439,光寶科統一65購02,0.98,0.97
1150820,068440,楠梓電統一63購02,0.83,0.90
1150820,068441,楠梓電統一65購01,0.71,0.79
1150820,068443,台積電統一75購05,,0.97
1150820,068444,華邦電統一75購02,1.10,1.08
1150820,068445,智邦統一65購03,0.42,0.50
1150820,068446,智邦統一69購01,0.75,0.86
1150820,068447,順德統一65購02,0.60,0.58
1150820,068448,順德統一75購01,0.67,0.64
1150820,068449,敬鵬統一64購03,,0.16
1150820,068451,華碩統一65購01,1.17,1.11
1150820,068452,微星統一65購02,0.66,0.80
1150820,068453,研華統一5B購01,1.25,1.16
1150820,068454,研華統一65購03,,1.48
1150820,068455,研華統一75購01,1.20,1.20
1150820,068456,南亞科統一63購01,1.66,1.46
1150820,068457,南亞科統一63購02,,1.25
1150820,068458,南亞科統一65購01,1.25,1.11
1150820,068459,南亞科統一65購02,1.88,1.72
1150820,068460,南亞科統一65購03,,2.48
1150820,068462,南亞科統一65購05,1.81,1.67
1150820,068463,南亞科統一65購06,1.52,1.39
1150820,068464,南亞科統一65購07,1.80,1.64
1150820,068465,南亞科統一67購01,1.55,1.42
1150820,068466,南亞科統一75購01,,1.69
1150820,068467,南亞科統一75購02,1.50,1.40
1150820,068468,南亞科統一75購03,1.80,1.65
1150820,068469,盟立統一69購01,0.91,0.92
1150820,068470,立隆電統一65購05,,0.48
1150820,068471,華晶科統一67購01,,0.48
1150820,068472,TPK統一5B購01,0.24,0.23
1150820,068473,正文統一69購01,,0.57
1150820,068474,亞翔統一65購01,,0.72
1150820,068475,佳必琪統一63購02,,1.15
1150820,068476,矽格統一65購03,,0.51
1150820,068477,啟碁統一75購01,0.47,0.49
1150820,068478,樺漢統一65購01,0.94,1.14
1150820,068479,樺漢統一75購01,0.81,0.94
1150820,068480,達發統一69購01,,0.52
1150820,068481,富鼎統一63購01,0.89,1.01
1150820,068482,元黃金國票5B購02,0.98,0.79
1150820,068483,道瓊反國票5B購01,,0.41
1150820,068484,光寶科國票5C購03,,1.63
1150820,068485,所羅門國票5B購01,,1.24
1150820,068486,所羅門國票5B購02,1.31,1.19
1150820,068487,凱美國票5B購02,0.81,0.91
1150820,068488,凌陽國票5C購01,0.44,0.59
1150820,068489,南亞科國票5C購02,,2.96
1150820,068490,立隆電國票5C購02,0.40,0.52
1150820,068491,大毅國票5C購02,1.47,1.41
1150820,068492,兆赫國票5B購05,0.14,0.18
1150820,068493,大聯大國票5C購02,0.25,0.49
1150820,068494,三福化國票5B購01,0.28,0.34
1150820,068496,彩晶國票5B購03,1.87,1.89
1150820,068498,力成國票5C購01,1.10,1.30
1150820,068499,同欣電國票5C購02,0.70,0.68
1150820,068501,矽創國票5C購02,0.78,0.96
1150820,068502,富鼎國票5C購03,0.92,1.22
1150820,068503,元日2X台新5B購01,,2.15
1150820,068504,台化台新65購01,2.81,2.80
1150820,068505,信錦台新5B購01,,0.10
1150820,068506,大同台新65購01,1.23,1.09
1150820,068507,凱美台新5B購04,0.76,0.86
1150820,068508,凌陽台新5B購01,,0.81
1150820,068509,漢唐台新5B購08,1.78,2.21
1150820,068511,南亞科台新5B購04,,4.98
1150820,068512,南亞科台新5B購05,12.50,10.72
1150820,068514,建準台新65購01,1.79,2.00
1150820,068515,大毅台新5B購01,2.94,2.89
1150820,068516,大毅台新5B購02,3.01,2.93
1150820,068517,威健台新5B購01,,0.86
1150820,068518,威健台新5B購02,,0.71
1150820,068519,威健台新5B購03,,0.47
1150820,068520,益登台新5B購03,0.70,0.93
1150820,068521,益登台新5B購04,0.46,0.58
1150820,068522,今國光台新5B購03,0.38,0.54
1150820,068523,和椿台新5B購01,0.77,0.89
1150820,068524,和椿台新5B購02,0.45,0.60
1150820,068525,台灣50凱基5C購11,1.90,1.98
1150820,068526,華城凱基5B購04,0.92,0.80
1150820,068527,信錦凱基5C購01,,0.24
1150820,068528,大成鋼凱基5B購01,2.40,1.84
1150820,068529,光寶科凱基5B購05,1.52,1.47
1150820,068530,聯電凱基61購04,0.99,1.09
1150820,068531,鴻海凱基5C購10,0.75,1.08
1150820,068532,英業達凱基5B購03,,2.25
1150820,068533,微星凱基5B購04,,3.03
1150820,068534,威盛凱基5B購01,0.33,0.45
1150820,068535,漢唐凱基5C購02,1.11,1.31
1150820,068536,南亞科凱基61購02,,2.64
1150820,068537,義隆凱基5B購01,0.50,0.58
1150820,068538,立隆電凱基5B購03,0.24,0.37
1150820,068539,宏達電凱基5C購01,,0.46
1150820,068540,長榮凱基5B購04,1.84,1.40
1150820,068541,富邦金凱基5B購02,,3.63
1150820,068542,中信金凱基5B購01,2.88,3.45
1150820,068543,聯詠凱基5B購05,1.66,1.81
1150820,068544,玉晶光凱基61購02,1.32,1.11
1150820,068545,大聯大凱基5C購01,,0.92
1150820,068546,臻鼎凱基63購03,0.74,0.86
1150820,068547,祥碩凱基5B購07,0.93,0.95
1150820,068548,啟碁凱基5C購04,,0.45
1150820,068549,緯穎凱基5B購12,,1.47
1150820,068550,緯穎凱基64購02,1.48,1.60
1150820,068551,力積電凱基5C購02,1.10,1.26
1150820,068552,AES凱基5B購05,,0.60
1150820,068553,富鼎凱基5B購02,1.23,1.74
1150820,068554,士電元大5B購02,,0.93
1150820,068555,信錦元大5B購01,,0.11
1150820,068556,大成鋼元大5B購02,2.10,1.71
1150820,068557,上銀元大5B購08,,0.90
1150820,068558,聯電元大5B購18,1.13,1.31
1150820,068559,鴻海元大5B購11,4.71,6.05
1150820,068560,台積電元大5B購30,5.85,5.85
1150820,068561,華邦電元大5B購10,,13.84
1150820,068562,智邦元大5B購08,,1.04
1150820,068563,敬鵬元大5B購03,,0.54
1150820,068564,凱美元大5B購03,0.71,0.87
1150820,068565,微星元大5B購07,,1.91
1150820,068566,研華元大5B購04,2.71,2.66
1150820,068567,京元電元大5B購11,,0.79
1150820,068568,大毅元大5B購01,,0.69
1150820,068569,華立元大5B購01,,0.46
1150820,068570,信邦元大5B購01,,0.60
1150820,068571,增你強元大5B購01,,0.34
1150820,068572,聯詠元大5B購07,1.42,1.53
1150820,068573,智原元大5B購10,,0.46
1150820,068574,健鼎元大5B購02,0.81,0.69
1150820,068575,益登元大5B購02,0.53,0.69
1150820,068576,緯創元大5B購09,18.90,24.16
1150820,068577,玉晶光元大5B購03,,1.91
1150820,068578,宏致元大5B購03,2.65,2.92
1150820,068579,達邁元大5B購01,,0.11
1150820,068580,TPK元大5B購03,1.68,1.56
1150820,068581,TPK元大5B購04,0.53,0.51
1150820,068582,康普元大5B購01,0.22,0.29
1150820,068583,臻鼎元大5B購13,6.00,7.57
1150820,068584,天鈺元大5B購01,0.49,0.56
1150820,068585,十銓元大5B購05,0.57,0.60
1150820,068587,佳必琪元大5B購06,2.37,2.58
1150820,068588,啟碁元大5B購10,,0.67
1150820,068589,群電元大5B購01,0.20,0.24
1150820,068590,樺漢元大5B購01,1.77,2.80
1150820,068591,力積電元大5B購11,1.21,1.42
1150820,068592,矽創元大5B購03,1.07,1.30
1150820,068593,致新元大5B購02,,0.76
1150820,068595,台灣50富邦63購09,1.01,1.09
1150820,068596,台灣50富邦6B購01,1.46,1.49
1150820,068597,華城富邦62購01,0.92,0.81
1150820,068598,中砂富邦61購04,0.94,0.93
1150820,068599,長興富邦5B購01,0.37,0.42
1150820,068600,美時富邦61購03,0.65,0.60
1150820,068601,聯電富邦5B購04,,0.71
1150820,068602,智邦富邦61購05,,0.53
1150820,068604,英業達富邦61購01,,2.33
1150820,068605,燿華富邦61購03,,0.17
1150820,068606,燿華富邦62購02,,0.21
1150820,068607,瑞昱富邦62購01,1.41,1.65
1150820,068608,威盛富邦5B購01,0.48,0.62
1150820,068609,研華富邦61購02,,1.44
1150820,068610,研華富邦62購02,,1.50
1150820,068611,漢唐富邦61購03,0.69,0.89
1150820,068612,南亞科富邦61購02,,2.49
1150820,068613,超豐富邦61購01,0.57,0.73
1150820,068614,盟立富邦61購02,,1.45
1150820,068615,盟立富邦62購02,0.99,1.02
1150820,068616,宏達電富邦5B購01,,0.38
1150820,068617,晶豪科富邦61購03,0.69,0.76
1150820,068618,晶豪科富邦61購04,0.65,0.74
1150820,068619,亞光富邦62購01,0.41,0.39
1150820,068620,玉晶光富邦62購01,0.91,0.76
1150820,068621,定穎控富邦61購03,,0.20
1150820,068622,臻鼎富邦61購06,0.82,0.86
1150820,068623,十銓富邦61購02,0.69,0.71
1150820,068624,十銓富邦61購03,0.63,0.67
1150820,068625,啟碁富邦62購02,0.34,0.34
1150820,068626,啟碁富邦62購03,,0.43
1150820,068627,旭隼富邦61購01,2.35,2.21
1150820,068628,保瑞富邦61購01,0.94,0.82
1150820,068629,保瑞富邦62購03,1.13,1.00
1150820,068630,AES富邦61購02,0.52,0.60
1150820,068632,臺股指富邦62購07,,1.10
1150820,068633,臺股指富邦68購02,1.06,1.12
1150820,068634,光寶科中信5B購01,1.05,1.03
1150820,068635,南亞科中信5B購04,2.44,2.12
1150820,068636,南茂中信5B購01,0.87,0.96
1150820,068637,南亞永豐5B購02,10.40,10.40
1150820,068638,聯電永豐5B購03,,0.71
1150820,068642,金像電永豐5B購04,0.17,0.18
1150820,068644,金像電永豐61購01,0.49,0.55
1150820,068645,台積電統一62購03,,1.81
1150820,068646,凌陽永豐61購02,,0.67
1150820,068647,聯發科統一62購02,3.66,4.11
1150820,068649,漢唐永豐5C購02,0.53,0.69
1150820,068650,文曄永豐5C購01,,0.51
1150820,068651,緯創永豐5C購01,1.78,2.18
1150820,068652,牧德永豐64購01,,0.35
1150820,068653,日月光永豐5B購01,1.40,1.66
1150820,068654,臻鼎永豐64購01,1.38,1.51
1150820,068655,臻鼎永豐65購01,1.01,1.09
1150820,068656,康舒永豐64購01,,0.77
1150820,068657,富鼎永豐64購01,1.38,1.51
1150820,068658,立隆電兆豐5C購02,0.37,0.49
1150820,068659,同欣電兆豐62購01,1.00,0.99
1150820,068663,T50正2富邦5B購07,0.77,0.84
1150820,068664,T50正2富邦65購03,0.72,0.76
1150820,068665,T50反1富邦62購04,1.64,1.73
1150820,068666,楠梓電富邦5C購02,0.60,0.73
1150820,068667,矽統富邦61購02,0.33,0.42
1150820,068668,金像電富邦5C購05,0.28,0.27
1150820,068670,文曄富邦5C購02,0.11,0.16
1150820,068671,TPK富邦61購01,,0.31
1150820,068673,達發富邦5B購02,,0.35
1150820,068674,緯穎富邦63購03,1.29,1.27
1150820,068675,上銀國泰5C購01,1.38,1.47
1150820,068676,A50正2國票5C購02,0.66,1.00
1150820,068677,元債2X國票5B購01,0.44,0.44
1150820,068678,台股增國票5C購01,,1.02
1150820,068679,楠梓電國票61購01,,0.81
1150820,068680,仁寶國票5C購01,1.40,1.53
1150820,068681,順德國票61購03,0.52,0.47
1150820,068682,鴻準國票5B購02,1.20,1.43
1150820,068683,敬鵬國票61購01,0.14,0.13
1150820,068684,金像電國票61購01,0.27,0.30
1150820,068685,威盛國票5C購01,,0.63
1150820,068686,凌陽國票5C購02,,0.42
1150820,068687,建準國票5C購01,,0.67
1150820,068688,興勤國票5B購01,2.11,1.47
1150820,068689,興勤國票5B購02,1.50,0.98
1150820,068690,皇昌國票5B購01,0.29,0.58
1150820,068691,晶豪科國票5B購04,1.40,1.52
1150820,068692,聯陽國票5C購01,,0.47
1150820,068693,智原國票5C購02,,0.31
1150820,068694,健鼎國票5C購02,,0.62
1150820,068695,益登國票5B購01,0.25,0.30
1150820,068697,益登國票5C購01,0.25,0.37
1150820,068698,耀登國票5B購01,,0.13
1150820,068699,敦泰國票5C購01,,0.30
1150820,068700,智伸科國票61購01,0.73,0.86
1150820,068701,力成國票5C購02,0.92,1.04
1150820,068702,矽格國票61購04,,0.60
1150820,068703,同欣電國票5C購03,0.46,0.50
1150820,068704,康舒國票5C購02,,0.49
1150820,068705,力智國票5B購02,0.55,0.67
1150820,068706,力智國票5C購01,,0.71
1150820,068707,美德醫國票5B購01,,0.58
1150820,068709,中興電元大5B購03,0.95,0.98
1150820,068711,美時元大5B購03,0.87,0.81
1150820,068712,大成鋼元大5B購03,2.04,1.70
1150820,068713,聯電元大5B購19,0.52,0.50
1150820,068714,華通元大5B購11,1.40,1.42
1150820,068715,楠梓電元大5B購02,,1.09
1150820,068716,鴻海元大5B購12,0.88,1.08
1150820,068717,華泰元大5B購03,0.34,0.55
1150820,068718,矽統元大5B購01,,0.74
1150820,068720,金像電元大5B購07,0.37,0.39
1150820,068721,佳能元大5B購01,,0.24
1150820,068722,凱美元大5B購04,,0.64
1150820,068723,漢唐元大5B購01,0.89,1.02
1150820,068724,友達元大5B購05,2.78,2.92
1150820,068725,建準元大5B購03,,0.84
1150820,068726,創見元大5B購04,1.15,1.28
1150820,068727,宏達電元大5B購01,0.64,0.73
1150820,068728,長榮元大5B購04,1.95,1.31
1150820,068729,萬海元大5B購02,4.32,2.05
1150820,068730,長榮航元大5B購01,2.28,2.59
1150820,068732,文曄元大5B購06,,0.43
1150820,068733,益登元大5B購03,0.27,0.39
1150820,068734,新日興元大5B購03,,0.38
1150820,068735,大聯大元大5B購01,,0.43
1150820,068736,神達元大5B購03,0.90,1.09
1150820,068737,定穎控元大5B購08,0.79,0.94
1150820,068738,康普元大5B購02,,0.81
1150820,068739,祥碩元大5B購05,0.80,0.82
1150820,068740,力成元大5B購04,1.41,1.56
1150820,068741,矽格元大5B購04,,0.67
1150820,068742,同欣電元大5B購03,,1.23
1150820,068743,康舒元大5B購02,,0.93
1150820,068744,啟碁元大5B購11,0.79,1.03
1150820,068745,天虹元大5B購01,,1.18
1150820,068746,兆聯元大5B購05,,4.53
1150820,068747,至上元大5B購02,1.50,1.58
1150820,068748,勤誠元大5B購04,0.27,0.38
1150820,068749,美費半凱基61購01,1.31,1.51
1150820,068750,智邦凱基5B購05,0.25,0.37
1150820,068751,順德凱基5B購03,0.35,0.34
1150820,068752,敬鵬凱基5B購03,,0.19
1150820,068753,金像電凱基5B購05,0.27,0.26
1150820,068754,金像電凱基61購01,0.32,0.32
1150820,068755,金像電凱基63購02,0.30,0.30
1150820,068756,研華凱基5B購04,2.56,2.41
1150820,068757,京元電凱基61購02,,0.56
1150820,068758,信邦凱基5B購01,0.89,0.94
1150820,068759,智原凱基61購01,,0.43
1150820,068760,文曄凱基5B購03,,0.33
1150820,068761,緯創凱基61購04,2.74,3.30
1150820,068762,嘉澤凱基5B購06,0.08,0.18
1150820,068763,日月光凱基5B購03,1.06,1.18
1150820,068764,臻鼎凱基5C購02,,0.79
1150820,068765,十銓凱基5C購01,0.67,0.68
1150820,068766,亞翔凱基61購02,,0.70
1150820,068768,佳必琪凱基61購02,,1.46
1150820,068769,飛捷凱基5B購01,0.97,1.14
1150820,068770,力成凱基5B購03,1.03,1.18
1150820,068771,力成凱基5C購03,0.83,0.94
1150820,068772,同欣電凱基5B購02,0.64,0.70
1150820,068773,同欣電凱基5B購03,,0.56
1150820,068774,群電凱基5B購01,,0.34
1150820,068775,矽創凱基5B購03,0.53,0.68
1150820,068776,勤誠凱基61購01,0.31,0.43
1150820,068777,勤誠凱基63購01,,0.37
1150820,068778,臺股指凱基5C購20,,1.91
1150820,068780,長興統一65購01,,0.58
1150820,068781,為升統一65購01,,0.48
1150820,068782,光寶科統一63購04,0.82,0.80
1150820,068784,台亞統一65購01,,0.47
1150820,068785,華邦電統一66購01,1.18,1.19
1150820,068786,智邦統一66購01,,0.47
1150820,068787,順德統一63購02,0.56,0.55
1150820,068788,順德統一65購03,0.55,0.47
1150820,068789,所羅門統一65購02,0.67,0.63
1150820,068790,矽統統一65購01,,0.44
1150820,068791,金像電統一5B購03,,0.23
1150820,068792,金像電統一64購03,0.20,0.21
1150820,068793,金像電統一65購03,0.26,0.25
1150820,068794,技嘉統一65購03,,0.79
1150820,068795,研華統一65購04,1.34,1.24
1150820,068796,南亞科統一64購02,2.00,1.79
1150820,068797,南亞科統一65購09,1.20,1.10
1150820,068798,偉詮電統一63購02,,0.48
1150820,068799,義隆統一65購01,0.47,0.49
1150820,068800,立隆電統一63購03,0.55,0.68
1150820,068801,立隆電統一64購04,,0.49
1150820,068802,立隆電統一69購02,0.59,0.66
1150820,068803,長榮統一65購02,1.22,0.94
1150820,068804,文曄統一64購01,0.22,0.26
1150820,068806,華晶科統一67購02,,0.65
1150820,068807,嘉澤統一65購01,,0.39
1150820,068808,智易統一66購01,,0.54
1150820,068809,臻鼎統一65購04,0.50,0.54
1150820,068810,達興統一75購01,,0.63
1150820,068811,jpp統一69購01,0.50,0.49
1150820,068812,亞翔統一65購02,0.58,0.68
1150820,068813,帆宣統一75購01,0.94,0.97
1150820,068814,矽格統一65購04,0.44,0.51
1150820,068816,AES統一67購01,0.45,0.49
1150820,068817,勤誠統一63購03,0.19,0.28
1150820,068818,勤誠統一63購04,,0.32
1150820,068819,勤誠統一69購01,,0.48
1150820,068820,勤誠統一6B購03,0.44,0.52
1150820,068821,富鼎統一65購01,0.86,0.94
1150820,068822,富鼎統一69購01,0.75,0.84
1150820,068823,長興台新5B購04,,0.62
1150820,068824,楠梓電台新5B購01,2.02,2.41
1150820,068825,楠梓電台新5B購02,,1.60
1150820,068826,楠梓電台新5B購03,,1.15
1150820,068827,漢唐台新65購01,,2.10
1150820,068828,友達台新5B購01,,3.24
1150820,068829,大毅台新5C購01,2.06,1.78
1150820,068830,陽明台新5B購02,4.32,2.73
1150820,068832,萬海台新5B購02,6.50,3.47
1150820,068833,晶豪科台新5B購10,6.60,7.99
1150820,068834,亞光台新5B購01,,1.25
1150820,068835,亞光台新5B購02,,0.79
1150820,068837,聯發科統一62購03,3.46,3.46
1150820,068838,智原台新5B購03,,1.35
1150820,068839,智原台新5B購04,,0.75
1150820,068840,精銳統一62購01,,0.09
1150820,068841,健鼎台新5B購02,1.18,0.93
1150820,068842,健鼎台新5B購03,0.79,0.69
1150820,068843,益登台新5C購01,0.46,0.58
1150820,068844,臻鼎台新5B購07,2.34,2.75
1150820,068847,立積統一62購02,,0.12
1150820,068850,昇陽半統一62購01,1.37,1.60
1150820,068851,同欣電台新5B購01,,0.90
1150820,068852,同欣電台新5B購02,,1.21
1150820,068853,同欣電台新62購01,1.60,1.65
1150820,068854,康舒台新61購01,0.94,1.25
1150820,068855,緯穎台新5B購05,,2.67
1150820,068856,緯穎台新61購01,,2.42
1150820,068857,力智台新5B購03,,0.86
1150820,068858,力智台新5B購04,,0.77
1150820,068860,意騰台新5B購02,0.18,0.26
1150820,068861,致新台新5B購01,,1.47
1150820,068863,勤誠台新5B購02,,0.63
1150820,068864,T50正2群益5B購05,0.88,0.98
1150820,068865,T50反1群益5C購01,,0.86
1150820,068867,華新群益5B購03,0.65,0.75
1150820,068868,聯電群益5B購07,0.71,1.03
1150820,068869,矽統群益5B購01,,0.64
1150820,068870,金像電群益5B購02,0.21,0.23
1150820,068871,金像電群益5B購03,0.23,0.26
1150820,068872,興勤群益5B購02,1.18,0.83
1150820,068873,立隆電群益5B購04,0.25,0.37
1150820,068874,鉅祥群益5B購02,1.07,1.27
1150820,068875,第一金群益5B購01,,2.50
1150820,068876,華立群益5B購01,0.49,0.47
1150820,068877,昇貿群益5B購06,0.40,0.56
1150820,068878,敦泰群益5B購01,,0.41
1150820,068879,大聯大群益5B購02,0.27,0.66
1150820,068880,大聯大群益5B購03,0.18,0.43
1150820,068881,上品群益65購01,0.54,0.59
1150820,068882,和碩群益64購01,1.16,1.25
1150820,068883,臻鼎群益5B購07,0.55,0.67
1150820,068884,十銓群益5B購03,1.30,1.37
1150820,068885,帆宣群益5B購03,,2.48
1150820,068886,矽格群益5B購03,,0.53
1150820,068887,同欣電群益5B購02,0.53,0.50
1150820,068888,群電群益61購01,,0.27
1150820,068890,迅得群益5B購01,,0.51
1150820,068891,致新群益5B購01,0.42,0.51
1150820,068892,勤誠群益5B購03,0.23,0.41
1150820,068894,金寶中信5B購01,0.29,0.39
1150820,068895,仁寶中信5B購01,0.88,0.93
1150820,068896,金像電中信65購01,0.25,0.25
1150820,068897,臻鼎中信65購03,0.37,0.40
1150820,068898,大成鋼永豐5C購01,1.95,1.71
1150820,068899,金寶永豐61購01,,0.91
1150820,068900,台積電永豐65購11,,0.99
1150820,068901,宏碁永豐5C購01,1.21,1.26
1150820,068902,英業達永豐61購01,,1.46
1150820,068903,英業達永豐61購02,1.53,1.65
1150820,068904,技嘉永豐5C購01,1.04,1.32
1150820,068905,友達永豐61購03,1.51,1.58
1150820,068906,超豐永豐64購01,0.97,1.02
1150820,068907,長榮永豐65購01,1.74,1.30
1150820,068908,達興永豐61購01,,0.33
1150820,068910,力成永豐5C購03,,0.84
1150820,068911,同欣電永豐5C購03,0.48,0.52
1150820,068912,台玻國泰61購01,1.32,1.19
1150820,068913,金像電國泰5C購01,0.50,0.47
1150820,068914,金像電國泰5C購02,0.51,0.52
1150820,068915,威盛國泰5C購02,,0.88
1150820,068916,凌陽國泰5C購01,,0.85
1150820,068917,智原國泰5C購01,,0.79
1150820,068918,融程電國泰5C購01,0.79,0.91
1150820,068919,宏致國泰5C購01,4.65,5.72
1150820,068920,今國光國泰5C購01,,0.88
1150820,068921,和椿國泰5C購01,0.45,0.50
1150820,068922,金像電兆豐65購01,0.33,0.32
1150820,068923,技嘉兆豐65購01,0.93,1.05
1150820,068924,滬深2X富邦65購01,,0.77
1150820,068925,東陽富邦61購01,1.08,0.95
1150820,068926,聚陽富邦61購01,0.59,0.76
1150820,068927,中鋼富邦61購01,0.77,0.78
1150820,068928,光寶科富邦5B購03,,1.27
1150820,068929,鴻海富邦61購05,,1.19
1150820,068930,仁寶富邦61購02,1.41,1.48
1150820,068931,台積電富邦75購02,1.10,1.12
1150820,068932,鴻準富邦61購02,0.64,0.73
1150820,068933,微星富邦5B購01,0.63,0.87
1150820,068934,南亞科富邦62購06,,1.97
1150820,068935,超豐富邦5B購01,0.30,0.43
1150820,068937,聯詠富邦61購01,0.87,0.94
1150820,068938,材料富邦61購01,0.90,0.99
1150820,068939,亞翔富邦63購01,,0.69
1150820,068940,力成富邦5C購01,0.35,0.39
1150820,068941,力積電富邦63購03,0.69,0.82
1150820,068942,天虹富邦61購01,,0.40
1150820,068943,T50正2凱基65購02,1.06,1.08
1150820,068944,元債2X凱基5B購01,,0.38
1150820,068945,美債2X凱基5B購01,0.47,0.44
1150820,068946,元日2X凱基5B購01,,1.47
1150820,068947,金寶凱基5B購03,,0.60
1150820,068948,華通凱基5B購05,0.17,0.18
1150820,068949,華通凱基5B購06,,0.24
1150820,068950,華邦電凱基5B購06,1.74,1.74
1150820,068951,英業達凱基5B購04,,1.17
1150820,068952,矽統凱基5B購02,0.11,0.18
1150820,068953,微星凱基5B購05,0.86,1.31
1150820,068954,威盛凱基5C購01,,0.41
1150820,068955,漢唐凱基5C購03,,0.95
1150820,068956,南亞科凱基61購03,,2.33
1150820,068957,友達凱基5B購04,1.32,1.44
1150820,068958,建準凱基5B購03,0.47,0.58
1150820,068959,興勤凱基5B購01,1.11,0.85
1150820,068960,超豐凱基5B購02,,0.66
1150820,068961,盟立凱基5B購07,1.08,1.21
1150820,068962,長榮凱基5C購02,2.22,1.65
1150820,068963,萬海凱基5B購02,3.70,2.02
1150820,068964,華立凱基5B購01,0.61,0.58
1150820,068965,亞光凱基5B購02,0.38,0.44
1150820,068966,新日興凱基5B購01,0.29,0.32
1150820,068967,神達凱基5B購02,,0.84
1150820,068968,日月光凱基61購02,,0.83
1150820,068969,定穎控凱基5B購07,,0.13
1150820,068970,和碩凱基5B購01,1.30,1.42
1150820,068971,臻鼎凱基5B購07,0.26,0.40
1150820,068972,彩晶凱基5B購02,1.45,1.44
1150820,068973,帆宣凱基5B購02,0.84,1.07
1150820,068974,力成凱基5B購04,0.52,0.64
1150820,068975,同欣電凱基5B購04,0.23,0.26
1150820,068976,康舒凱基5B購04,,0.52
1150820,068977,力積電凱基61購02,,0.75
1150820,068978,天虹凱基5B購02,,0.34
1150820,068979,台灣50台新5B購16,2.89,3.16
1150820,068980,台灣50台新5B購17,2.11,2.39
1150820,068981,華城台新5C購01,1.09,1.00
1150820,068983,英業達台新5B購01,,6.20
1150820,068984,英業達台新5B購02,,3.88
1150820,068985,金像電台新5B購01,0.34,0.36
1150820,068986,金像電台新5B購02,0.24,0.28
1150820,068987,金像電台新5B購03,0.31,0.43
1150820,068988,菱生台新5B購01,,0.90
1150820,068989,漢唐台新5B購09,1.74,2.22
1150820,068990,漢唐台新5B購10,1.07,1.52
1150820,068991,南亞科台新5C購04,4.32,3.75
1150820,068992,南亞科台新62購04,2.97,2.58
1150820,068993,盟立台新5B購06,2.43,2.93
1150820,068994,立隆電台新5B購04,1.06,1.53
1150820,068995,立隆電台新5B購05,0.87,1.25
1150820,068996,大毅台新5B購03,,0.95
1150820,068997,大毅台新5B購04,,1.02
1150820,068998,緯創台新5B購07,,4.01
1150820,068999,緯創台新5B購08,,5.67
1150820,069000,正文台新5B購01,0.55,0.71
1150820,069001,正文台新5B購02,,0.76
1150820,069002,力成台新5B購03,,4.20
1150820,069003,同欣電台新5C購01,,0.54
1150820,069004,康舒台新5B購02,,0.86
1150820,069005,力積電台新65購01,,3.95
1150820,069006,天虹台新5B購03,,0.78
1150820,069007,天虹台新5B購04,,0.62
1150820,069008,富鼎台新5B購02,1.28,1.35
1150820,069009,富鼎台新5C購01,1.51,1.72
1150820,069011,臺股指台新5C購02,,1.35
1150820,069012,臺股指台新5C購03,0.68,0.79
1150820,069013,台灣50元大5B購10,0.69,0.96
1150820,069014,T50正2元大5C購03,1.32,1.44
1150820,069015,T50反1元大5B購07,0.71,0.75
1150820,069018,台股增元大5C購02,1.06,1.08
1150820,069019,中砂元大5B購02,,1.22
1150820,069020,長興元大5B購07,0.37,0.53
1150820,069021,大成鋼元大5B購04,2.67,2.23
1150820,069022,上銀元大5B購09,,0.97
1150820,069023,聯電元大5B購20,0.92,1.16
1150820,069024,鴻海元大5B購13,5.75,7.83
1150820,069025,台積電元大5B購31,,11.43
1150820,069026,華邦電元大5B購11,,1.78
1150820,069027,順德元大5B購03,,0.58
1150820,069028,英業達元大5B購04,,1.83
1150820,069029,微星元大5B購08,0.78,1.10
1150820,069030,威盛元大5B購01,,1.05
1150820,069031,南亞科元大5B購13,4.83,4.30
1150820,069032,友達元大5B購06,2.04,2.17
1150820,069033,京元電元大5B購12,2.30,3.14
1150820,069034,盟立元大5B購08,,1.71
1150820,069035,立隆電元大5B購02,,0.65
1150820,069036,鉅祥元大5B購01,0.49,0.58
1150820,069037,大毅元大5B購02,0.57,0.84
1150820,069038,大毅元大5B購03,0.62,0.98
1150820,069039,聯詠元大5B購08,1.99,2.17
1150820,069040,智原元大5B購11,,0.66
1150820,069041,緯創元大5B購10,,20.23
1150820,069042,宏致元大5B購04,,4.34
1150820,069043,TPK元大5B購05,0.72,0.71
1150820,069044,康普元大5B購03,,0.22
1150820,069045,臻鼎元大5B購14,0.48,0.61
1150820,069046,十銓元大5B購06,0.74,0.78
1150820,069047,祥碩元大5B購06,0.61,0.61
1150820,069048,佳必琪元大5B購07,2.08,2.39
1150820,069049,力成元大5B購05,,0.73
1150820,069050,啟碁元大5B購12,0.75,1.15
1150820,069051,緯穎元大5B購07,,8.48
1150820,069052,力積電元大5B購12,,1.94
1150820,069053,AES元大5B購02,0.44,0.57
1150820,069054,智邦群益5B購12,0.64,1.01
1150820,069055,佳世達群益5B購01,0.77,0.84
1150820,069056,宏碁群益5B購01,,0.96
1150820,069057,宏碁群益5B購02,,0.73
1150820,069058,英業達群益5B購03,1.07,1.35
1150820,069059,英業達群益5B購04,1.37,1.72
1150820,069060,金像電群益5B購04,0.18,0.19
1150820,069061,微星群益5B購04,1.86,2.58
1150820,069062,南亞科群益5B購10,,3.78
1150820,069063,南亞科群益5B購11,2.90,2.54
1150820,069064,友達群益5B購07,1.31,1.49
1150820,069065,建準群益5B購01,,0.45
1150820,069066,超豐群益5B購02,,0.47
1150820,069067,京元電群益5B購04,0.84,1.06
1150820,069068,創見群益5B購04,1.03,1.17
1150820,069069,盟立群益5B購04,1.56,1.55
1150820,069070,文曄群益5C購01,,0.34
1150820,069071,緯創群益5B購04,,4.03
1150820,069072,嘉澤群益5B購06,,0.35
1150820,069073,日月光群益5B購03,3.27,3.90
1150820,069074,臻鼎群益5B購08,0.66,0.98
1150820,069075,臻鼎群益5B購09,0.51,0.70
1150820,069076,祥碩群益5B購05,0.59,0.65
1150820,069077,亞翔群益5B購04,,0.66
1150820,069078,力成群益5B購04,1.59,2.04
1150820,069079,力成群益63購01,0.79,0.87
1150820,069080,同欣電群益5B購03,,0.34
1150820,069082,勤誠群益62購02,0.28,0.42
1150820,069083,中興電兆豐65購01,1.58,1.53
1150820,069084,華通兆豐5B購05,,0.27
1150820,069085,友達兆豐5B購03,0.63,0.67
1150820,069086,智原兆豐63購01,,0.35
1150820,069087,天虹兆豐65購01,0.88,0.97
1150820,069088,台灣50中信65購05,0.48,0.50
1150820,069089,台積電中信65購05,,0.53
1150820,069090,同欣電中信5B購01,0.17,0.19
1150820,069091,中砂永豐5C購01,,0.59
1150820,069092,聯電永豐63購02,0.51,0.61
1150820,069093,華通永豐5C購06,0.19,0.20
1150820,069094,楠梓電永豐5C購01,0.42,0.46
1150820,069095,仁寶永豐61購01,0.92,1.00
1150820,069096,台積電永豐65購12,0.65,0.68
1150820,069097,佳世達永豐61購02,0.73,0.75
1150820,069098,宏碁永豐61購01,0.53,0.55
1150820,069099,研華永豐61購02,1.98,1.84
1150820,069100,漢唐永豐61購01,,0.55
1150820,069101,盟立永豐63購02,1.06,1.10
1150820,069102,奇鋐永豐5C購09,0.99,1.07
1150820,069103,智原永豐63購02,0.45,0.48
1150820,069104,瑞鼎永豐5C購01,,0.31
1150820,069105,日月光永豐5C購02,0.35,0.51
1150820,069107,十銓永豐65購02,0.96,1.00
1150820,069108,乙盛永豐5C購03,0.12,0.11
1150820,069109,力積電永豐5C購07,0.46,0.56
1150820,069110,FB科技元大5C購01,0.76,0.87
1150820,069111,臺指2X元大5B購04,0.85,0.94
1150820,069112,華通元大5C購07,0.79,0.82
1150820,069113,華通元大61購09,0.53,0.49
1150820,069114,楠梓電元大5B購03,,0.57
1150820,069115,台積電元大61購39,0.68,0.74
1150820,069116,華邦電元大5C購01,,0.97
1150820,069117,智邦元大5B購09,0.61,0.87
1150820,069118,英業達元大5B購05,,2.00
1150820,069119,矽統元大5B購02,0.23,0.32
1150820,069120,燿華元大63購01,,0.17
1150820,069122,金像電元大5B購09,,0.23
1150820,069123,金像電元大5B購10,,0.21
1150820,069124,金像電元大63購01,,0.38
1150820,069125,凱美元大5B購05,,0.58
1150820,069126,漢唐元大5C購03,0.50,0.66
1150820,069127,南亞科元大61購04,,4.92
1150820,069128,超豐元大5B購01,,0.37
1150820,069129,京元電元大61購06,,1.17
1150820,069130,義隆元大5B購02,0.12,0.20
1150820,069132,奇鋐元大61購17,,1.71
1150820,069133,威健元大5B購02,0.56,0.77
1150820,069134,昇貿元大5B購04,,0.18
1150820,069135,嘉澤元大63購03,0.24,0.40
1150820,069136,日月光元大5C購05,0.56,0.68
1150820,069137,東台元大5B購01,,0.33
1150820,069138,鈞興元大5B購01,0.23,0.33
1150820,069139,臻鼎元大61購11,,0.80
1150820,069140,jpp元大5B購04,0.39,0.37
1150820,069141,飛捷元大5B購01,0.54,0.57
1150820,069142,和椿元大5B購03,0.12,0.15
1150820,069143,旭隼元大5B購03,,4.98
1150820,069144,樺漢元大5B購02,,3.35
1150820,069145,惠特元大63購01,,0.22
1150820,069146,力積電元大5C購01,0.66,0.78
1150820,069147,松川元大5B購01,1.85,1.59
1150820,069148,FB越南凱基5C購01,0.40,0.55
1150820,069149,長興凱基5B購04,,0.30
1150820,06914U,S&P正2中信5B售01,,0.21
1150820,069150,台玻凱基5B購05,0.13,0.15
1150820,069151,大成鋼凱基5B購02,1.15,0.97
1150820,069152,上銀凱基5B購03,0.24,0.31
1150820,069153,聯電凱基5B購11,0.25,0.36
1150820,069154,華通凱基63購05,0.23,0.22
1150820,069155,鴻海凱基5B購09,0.21,0.42
1150820,069156,台積電凱基75購02,0.96,1.03
1150820,069157,台積電凱基75購03,,1.07
1150820,069158,宏碁凱基5B購01,,0.70
1150820,069159,金像電凱基5B購07,,0.15
1150820,06915U,鴻海中信5B售02,,1.29
1150820,069160,金像電凱基5B購08,,0.30
1150820,069161,漢唐凱基5B購02,,0.47
1150820,069163,盟立凱基5C購02,0.62,0.72
1150820,069165,台積電統一62購04,,2.38
1150820,069166,立隆電凱基5B購04,,0.31
1150820,069167,鉅祥凱基5B購01,,0.50
1150820,069168,萬海凱基5B購03,2.24,1.21
1150820,069169,奇鋐凱基5C購03,1.02,1.04
1150820,069170,智原凱基5B購09,0.07,0.17
1150820,069172,緯創凱基5B購04,,2.28
1150820,069173,昇貿凱基5B購04,,0.10
1150820,069174,乙盛凱基5B購02,,0.09
1150820,069177,祥碩凱基5B購08,0.23,0.26
1150820,069178,佳必琪凱基5B購04,,0.88
1150820,069179,力成凱基63購01,0.34,0.40
1150820,069180,啟碁凱基5B購08,0.10,0.15
1150820,069181,緯穎凱基5B購13,0.89,0.95
1150820,069182,AES凱基5B購06,0.20,0.32
1150820,069183,T50反1群益5B購03,1.10,1.11
1150820,069184,光寶科群益5B購07,2.26,2.31
1150820,069185,創意統一5A購01,,7.40
1150820,069186,聯電群益5B購08,0.51,0.73
1150820,069187,金寶群益5B購01,,0.63
1150820,069188,華通群益5B購10,0.11,0.14
1150820,069189,仁寶群益5B購03,0.87,0.95
1150820,069190,台積電群益65購01,1.79,1.91
1150820,069191,台積電群益67購01,2.00,2.15
1150820,069192,華邦電群益5B購08,,3.29
1150820,069193,智邦群益5B購13,,0.47
1150820,069194,英業達群益5B購05,0.85,1.13
1150820,069195,金像電群益5B購06,,0.31
1150820,069196,微星群益5B購05,1.39,2.13
1150820,069197,威盛群益5C購01,0.74,0.98
1150820,069198,漢唐群益5B購04,,0.45
1150820,069199,南亞科群益61購02,,3.23
1150820,069200,友達群益5B購08,0.87,1.00
1150820,069201,建準群益5B購02,,0.64
1150820,069202,京元電群益5C購04,,0.52
1150820,069203,盟立群益5B購05,1.15,1.30
1150820,069204,立隆電群益61購01,,0.48
1150820,069205,萬海群益5B購03,2.54,1.25
1150820,069209,奇鋐群益63購03,0.82,1.00
1150820,069210,亞光群益5B購01,0.38,0.44
1150820,069211,智原群益5B購06,,0.32
1150820,069213,新日興群益5B購01,,0.41
1150820,069214,神達群益5B購02,0.70,0.85
1150820,069215,日月光群益5B購04,0.99,1.31
1150820,069217,乙盛群益5B購01,,0.09
1150820,069218,彩晶群益5B購04,0.90,1.04
1150820,069219,佳必琪群益5B購01,1.47,1.76
1150820,069220,康舒群益5B購02,,0.32
1150820,069222,力智群益5B購02,,0.32
1150820,069223,力積電群益5B購05,0.86,1.11
1150820,069224,力積電群益5C購02,1.15,1.32
1150820,069226,臺股指群益5B購35,,1.84
1150820,069227,臺股指群益5B購36,1.28,1.41
1150820,069228,台積電元富62購01,,98.00
1150820,069229,T50正2台新5C購05,,0.81
1150820,069230,台玻台新5B購03,0.28,0.27
1150820,069231,金寶台新5B購03,1.32,1.64
1150820,069232,金寶台新5B購04,1.12,1.38
1150820,069233,華通台新5B購03,,0.71
1150820,069234,華通台新5B購04,,0.47
1150820,069235,華通台新5B購05,,0.24
1150820,069236,華通台新5B購06,0.23,0.20
1150820,069237,仁寶台新5B購02,5.55,5.94
1150820,069238,廣宇台新5B購03,0.54,0.61
1150820,069239,英業達台新5B購03,,0.82
1150820,069240,華碩台新5B購02,4.48,3.65
1150820,069241,華碩台新5B購03,,3.68
1150820,069242,矽統台新5B購06,0.33,0.55
1150820,069243,金像電台新65購01,,0.73
1150820,069245,凱美台新5B購05,0.37,0.46
1150820,069246,凱美台新5B購06,0.41,0.48
1150820,069247,威盛台新5B購03,,0.99
1150820,069248,研華台新5B購04,4.40,4.01
1150820,069250,南亞科台新5B購10,,11.75
1150820,069251,揚博台新5B購02,,5.93
1150820,069252,長榮台新5B購01,2.35,1.58
1150820,069253,緯創台新65購02,5.70,6.73
1150820,069254,牧德台新5B購03,,0.46
1150820,069255,日月光台新5B購03,2.51,3.16
1150820,069256,正文台新5B購03,,0.75
1150820,069257,臻鼎台新5B購10,1.42,1.76
1150820,069258,達興台新5B購01,,0.51
1150820,069259,乙盛台新5B購01,,0.40
1150820,069260,乙盛台新5B購02,,0.10
1150820,069262,力成台新5B購04,,2.19
1150820,069263,力成台新5B購05,1.53,1.78
1150820,069264,同欣電台新63購01,,0.72
1150820,069265,康舒台新5B購03,,0.48
1150820,069266,緯穎台新5B購06,1.77,1.76
1150820,069267,緯穎台新5B購07,,1.72
1150820,069268,緯穎台新5B購08,,1.52
1150820,069269,力積電台新5B購11,,3.59
1150820,069270,天虹台新5B購05,,0.52
1150820,069271,金寶永豐5B購01,,0.21
1150820,069272,台積電永豐5C購24,,0.57
1150820,069273,華邦電永豐6B購01,1.59,1.55
1150820,069274,順德永豐5B購01,,0.20
1150820,069275,京元電永豐5B購04,0.16,0.22
1150820,069276,立隆電永豐5B購04,0.12,0.17
1150820,069277,TPK永豐65購01,0.44,0.42
1150820,069278,力成永豐5B購03,0.14,0.25
1150820,069279,力積電永豐63購01,0.53,0.61
1150820,06927U,神達中信5B售01,1.25,1.29
1150820,069280,富鼎永豐68購01,,1.01
1150820,069281,聯電兆豐5B購01,0.28,0.39
1150820,069282,台灣50富邦65購07,0.66,0.71
1150820,069283,美費半富邦61購01,0.44,0.51
1150820,069284,順德富邦5B購02,,0.20
1150820,069286,漢唐富邦61購04,,0.62
1150820,069287,漢唐富邦63購01,0.39,0.51
1150820,069288,奇鋐富邦61購04,1.12,1.14
1150820,069289,臻鼎富邦63購01,0.42,0.48
1150820,069290,臻鼎富邦63購02,0.34,0.37
1150820,069291,力積電富邦5C購02,0.39,0.47
1150820,069292,臺股指富邦65購07,1.31,1.39
1150820,069294,中砂台新5B購04,1.20,1.29
1150820,069295,華新台新5B購01,,1.64
1150820,069296,華新台新5B購02,,1.24
1150820,069297,鴻海台新5B購06,,1.38
1150820,069298,菱生台新5B購03,0.46,0.66
1150820,069299,南亞科台新63購01,,2.70
1150820,069300,立隆電台新5B購06,,0.46
1150820,069301,富邦金台新5B購02,4.43,4.55
1150820,069302,緯穎台新5B購11,,2.96
1150820,069303,緯穎台新5B購12,,2.75
1150820,069304,緯穎台新5B購13,,2.78
1150820,069305,騰輝電台新5B購01,2.66,2.10
1150820,069307,富鼎台新5B購04,,0.87
1150820,069308,富鼎台新63購01,2.08,2.39
1150820,069309,元黃金凱基5B購05,0.74,0.66
1150820,069310,元金2X凱基61購07,0.75,0.64
1150820,069311,光寶科凱基5C購03,0.87,0.84
1150820,069312,聯電凱基5B購12,0.23,0.33
1150820,069313,金寶凱基5B購04,0.12,0.17
1150820,069314,楠梓電凱基5B購03,0.26,0.34
1150820,069315,仁寶凱基5B購03,,1.45
1150820,069316,華邦電凱基5C購04,0.90,0.91
1150820,069317,順德凱基5B購04,0.27,0.26
1150820,069318,所羅門凱基5B購01,,0.51
1150820,069319,菱生凱基5C購01,,0.42
1150820,069320,漢唐凱基63購03,0.40,0.59
1150820,069321,南亞科凱基63購03,1.96,1.86
1150820,069322,友達凱基5B購05,,1.33
1150820,069323,建準凱基5B購04,0.24,0.29
1150820,069324,超豐凱基5B購03,,0.39
1150820,069325,京元電凱基61購03,0.17,0.22
1150820,069326,義隆凱基5B購02,,0.25
1150820,069327,立隆電凱基61購01,,0.31
1150820,069328,奇鋐凱基61購06,0.95,1.01
1150820,069329,亞光凱基61購01,0.49,0.48
1150820,069330,新日興凱基5C購01,0.33,0.34
1150820,069331,日月光凱基5B購05,0.47,0.59
1150820,069332,臻鼎凱基61購06,0.45,0.57
1150820,069333,臻鼎凱基63購04,0.44,0.53
1150820,069334,彩晶凱基5B購03,0.37,0.41
1150820,069335,佳必琪凱基5B購05,,0.89
1150820,069336,力成凱基5B購05,0.14,0.17
1150820,069337,同欣電凱基5B購05,0.12,0.14
1150820,069338,鴻海凱基5B購01,4.10,4.77
1150820,069339,鴻海凱基5B購02,,3.51
1150820,069341,康舒凱基5B購05,,0.10
1150820,069342,樺漢凱基5B購02,,1.72
1150820,069343,力智凱基5B購03,,0.16
1150820,069344,力積電凱基5B購05,0.26,0.36
1150820,069345,富鼎凱基5B購03,0.30,0.39
1150820,069346,臺股指凱基5B購19,0.96,0.99
1150820,069347,美費半群益5B購01,,0.97
1150820,069348,FB越南群益61購01,,0.56
1150820,069349,南亞群益5B購02,9.10,9.47
1150820,069350,南亞群益5C購01,7.80,8.06
1150820,069351,中砂群益5C購01,,0.60
1150820,069352,聯電群益5B購09,,0.59
1150820,069353,楠梓電群益5B購01,0.49,0.65
1150820,069354,華邦電群益5B購09,1.76,1.79
1150820,069355,順德群益5B購02,,0.35
1150820,069356,菱生群益5B購01,,0.39
1150820,069357,漢唐群益5B購05,0.51,0.81
1150820,069358,立隆電群益61購02,0.37,0.49
1150820,069359,奇鋐群益63購04,0.85,0.84
1150820,069360,文曄群益5B購02,,0.36
1150820,069361,緯創群益61購01,2.02,2.56
1150820,069362,瑞鼎群益5B購01,0.19,0.35
1150820,069363,TPK群益5B購04,0.12,0.11
1150820,069364,上品群益5B購02,,0.43
1150820,069365,力成群益5B購05,0.16,0.22
1150820,069366,同欣電群益5B購04,,0.35
1150820,069367,啟碁群益65購01,0.31,0.38
1150820,069368,AES群益61購01,,0.80
1150820,069369,富鼎群益5B購04,,1.82
1150820,069370,台灣50元大5B購11,0.71,0.90
1150820,069371,台灣50元大5B購12,0.99,1.17
1150820,069372,T50正2元大5B購12,0.46,0.54
1150820,069373,聯電元大5B購21,,0.40
1150820,069374,聯電元大5C購05,,0.57
1150820,069375,聯電元大65購02,0.65,0.73
1150820,069376,楠梓電元大5B購04,0.41,0.49
1150820,069377,楠梓電元大5B購05,0.39,0.48
1150820,069378,仁寶元大5B購02,1.23,1.16
1150820,069379,台積電元大61購40,1.01,1.10
1150820,069380,華邦電元大5C購02,,0.92
1150820,069381,順德元大5B購04,0.20,0.20
1150820,069382,微星元大5B購09,0.79,1.02
1150820,069383,漢唐元大5B購02,0.40,0.53
1150820,069384,漢唐元大5C購04,0.54,0.69
1150820,069385,南亞科元大61購05,3.67,3.25
1150820,069386,京元電元大61購07,,1.12
1150820,069387,奇鋐元大61購18,,1.65
1150820,069390,日月光元大5B購05,1.54,1.90
1150820,069391,技嘉統一62購01,0.51,0.62
1150820,069392,日月光元大63購04,1.35,1.51
1150820,069393,上品元大5B購01,,0.40
1150820,069394,臻鼎元大5B購15,,1.08
1150820,069395,臻鼎元大5B購16,,0.98
1150820,069396,臻鼎元大5B購17,,0.82
1150820,069397,臻鼎元大5C購02,,0.89
1150820,069398,臻鼎元大61購12,0.74,0.83
1150820,069401,臻鼎元大63購05,0.50,0.54
1150820,069402,緯創統一62購01,1.17,1.37
1150820,069403,乙盛元大5B購03,,0.12
1150820,069404,乙盛元大5B購04,,0.23
1150820,069405,彩晶元大5B購01,1.06,1.15
1150820,069406,帆宣元大65購01,,1.23
1150820,069407,佳必琪元大5B購08,1.12,1.37
1150820,069409,同欣電元大5B購04,,0.87
1150820,069412,同欣電元大5B購06,0.46,0.53
1150820,069413,同欣電元大63購03,,0.74
1150820,069414,康舒元大63購04,,0.68
1150820,069415,啟碁元大5B購13,,0.68
1150820,069417,力智元大5B購01,0.22,0.44
1150820,069418,力積電元大5C購02,0.59,0.59
1150820,069421,富鼎元大5B購01,,0.87
1150820,069422,富鼎元大5B購02,,1.63
1150820,069423,富鼎元大65購01,,0.71
1150820,069424,泰金寶元大5B購01,,0.75
1150820,069425,臺股指元大5B購25,1.05,1.22
1150820,069426,新纖永豐63購01,2.12,2.08
1150820,069427,士電永豐63購01,,0.69
1150820,069428,上銀永豐5B購02,0.83,0.76
1150820,069429,光寶科永豐5C購02,1.00,1.00
1150820,069430,聯電永豐5B購04,0.15,0.28
1150820,069431,鴻海永豐6B購01,,1.18
1150820,069432,鴻海永豐75購01,1.21,1.37
1150820,069433,台積電永豐5C購25,,0.68
1150820,069434,華邦電永豐75購01,1.80,1.78
1150820,069435,菱生永豐68購01,,0.87
1150820,069436,微星永豐5B購01,0.84,1.14
1150820,069438,萬海永豐63購01,2.50,1.57
1150820,069439,富邦金永豐63購01,1.28,1.33
1150820,069440,國泰金永豐63購01,1.60,1.75
1150820,069442,jpp永豐63購01,,0.25
1150820,069444,亞翔永豐63購01,0.70,0.84
1150820,069445,康舒永豐65購01,0.45,0.49
1150820,069446,南茂永豐63購01,0.66,0.73
1150820,069447,中砂兆豐63購01,0.72,0.73
1150820,069448,力積電兆豐5B購01,0.38,0.44
1150820,069449,上銀富邦62購01,0.38,0.40
1150820,069450,聯電富邦63購01,0.43,0.61
1150820,069451,聯電富邦75購02,0.43,0.61
1150820,069452,金寶富邦5B購02,0.30,0.30
1150820,069453,華邦電富邦5B購01,0.64,0.69
1150820,069454,英業達富邦5B購02,,0.75
1150820,069455,技嘉富邦5B購02,0.69,0.85
1150820,069456,友達富邦5B購02,,1.28
1150820,069457,國泰金富邦62購01,,1.41
1150820,069458,凱基金富邦62購02,2.09,2.35
1150820,069459,第一金富邦5B購01,1.54,1.73
1150820,069460,昇貿富邦63購01,,0.16
1150820,069461,日月光富邦5B購04,,0.61
1150820,069462,彩晶富邦5B購01,0.44,0.51
1150820,069463,佳必琪富邦5C購02,0.81,0.91
1150820,069464,力成富邦5B購03,0.22,0.28
1150820,069465,勤誠富邦5B購04,0.08,0.16
1150820,069466,宏碁國泰5C購01,1.29,1.37
1150820,069467,矽統國泰5C購01,,0.82
1150820,069468,研華國泰5C購01,4.40,4.20
1150820,069469,奇鋐國泰63購01,1.87,1.81
1150820,069470,昇貿國泰63購01,0.35,0.40
1150820,069471,新日興國泰5C購01,,0.63
1150820,069472,祥碩國泰5C購01,1.28,1.20
1150820,069473,祥碩國泰5C購02,1.34,1.33
1150820,069474,彩晶國泰5C購02,0.79,0.84
1150820,069475,力成國泰5C購02,0.59,0.67
1150820,069476,啟碁國泰5C購02,,1.21
1150820,069477,台灣50凱基65購03,,0.92
1150820,069480,中興電凱基5B購02,0.65,0.65
1150820,069481,華城凱基5B購05,0.53,0.42
1150820,069482,聯電凱基65購01,0.32,0.44
1150820,069483,鴻海凱基5B購10,,0.57
1150820,069484,華邦電凱基5B購07,0.64,0.72
1150820,069485,菱生凱基5B購02,0.11,0.20
1150820,069486,菱生凱基5B購03,0.22,0.31
1150820,069487,菱生凱基5B購04,,0.31
1150820,069488,漢唐凱基5B購03,0.21,0.31
1150820,069489,立隆電凱基5B購05,,0.10
1150820,069490,立隆電凱基5C購03,0.11,0.14
1150820,069491,立隆電凱基63購01,0.22,0.29
1150820,069494,乙盛凱基5C購02,,0.20
1150820,069496,力成凱基5B購07,,0.26
1150820,069497,力成凱基5B購08,0.21,0.23
1150820,069498,力成凱基5B購09,0.16,0.20
1150820,069499,華東凱基5B購01,0.14,0.17
1150820,069500,南茂凱基5B購02,0.41,0.54
1150820,069501,泰金寶凱基5B購01,0.50,0.55
1150820,069502,T50正2台新5B購07,0.75,0.94
1150820,069503,光寶科台新5B購03,1.03,1.03
1150820,069504,華邦電台新5B購07,,1.35
1150820,069505,華邦電台新5B購08,1.00,1.01
1150820,069507,英業達台新5B購04,0.29,0.36
1150820,069508,漢唐台新5B購11,,1.09
1150820,069509,南亞科台新5B購11,13.40,11.94
1150820,069510,立隆電台新5B購07,0.13,0.20
1150820,069511,立隆電台新65購01,,0.68
1150820,069512,慧洋台新5B購01,2.90,2.23
1150820,069513,力成台新5B購06,,0.43
1150820,069514,力成台新5B購07,0.53,0.66
1150820,069515,騰輝電台新5B購02,2.24,1.66
1150820,069516,惠特台新63購01,,0.29
1150820,069517,力積電台新5B購12,1.05,1.29
1150820,069518,ITH台新5B購01,,0.58
1150820,069519,華東台新5B購04,,0.54
1150820,069520,華東台新5B購05,,0.44
1150820,069521,華東台新5B購06,0.39,0.53
1150820,069522,A50正2元大5B購01,0.52,0.72
1150820,069523,群臺2X元大5B購01,0.82,0.89
1150820,069524,華城元大62購01,0.94,0.83
1150820,069525,中砂元大5B購03,,1.60
1150820,069526,光寶科元大5B購08,2.20,2.10
1150820,069527,光寶科元大5B購09,,1.32
1150820,069528,聯電元大65購03,0.65,0.71
1150820,069529,金寶元大5B購05,,0.83
1150820,069530,金寶元大5B購06,0.76,0.90
1150820,069531,金寶元大5B購07,0.22,0.33
1150820,069532,鴻海元大5B購14,,0.51
1150820,069533,台積電元大5B購32,,0.54
1150820,069534,華邦電元大62購01,,1.32
1150820,069535,華邦電元大63購02,,0.94
1150820,069536,菱生元大5B購01,,0.32
1150820,069537,菱生元大5B購02,0.71,0.96
1150820,069538,南亞科元大5B購14,2.94,2.67
1150820,069539,南亞科元大65購02,2.25,2.12
1150820,069540,超豐元大5B購02,,0.63
1150820,069542,京元電元大62購01,,0.99
1150820,069543,立隆電元大5B購04,0.44,0.57
1150820,069544,立隆電元大5B購05,0.78,0.63
1150820,069545,立隆電元大63購01,,0.39
1150820,069546,揚博元大5B購03,,1.56
1150820,069547,奇鋐元大5C購08,,1.55
1150820,069548,奇鋐元大62購03,,0.88
1150820,069549,日月光元大5B購08,0.68,0.85
1150820,069550,日月光元大63購05,0.53,0.61
1150820,069551,眾達元大5B購03,,0.14
1150820,069552,彩晶元大5B購02,1.15,1.31
1150820,069553,彩晶元大5B購03,0.91,0.97
1150820,069554,力成元大5B購06,,0.97
1150820,069555,力成元大5B購07,,0.70
1150820,069556,力成元大5B購08,,0.33
1150820,069557,力成元大5B購09,,0.62
1150820,069558,力成元大5C購03,0.69,0.73
1150820,069559,力成元大62購01,0.39,0.43
1150820,069560,力成元大63購04,0.32,0.41
1150820,069561,啟碁元大5B購14,0.37,0.66
1150820,069562,啟碁元大5B購15,,0.47
1150820,069563,啟碁元大5B購16,,0.24
1150820,069564,緯穎元大5C購08,3.70,3.67
1150820,069565,緯穎元大62購01,3.81,3.72
1150820,069566,惠特元大5B購05,,0.13
1150820,069567,聯電群益5B購10,0.31,0.48
1150820,069568,仁寶群益5B購04,1.79,1.78
1150820,069569,華邦電群益5B購10,1.19,1.27
1150820,069570,所羅門群益5B購02,0.86,0.86
1150820,069571,京元電群益63購02,0.48,0.61
1150820,069572,義隆群益5B購02,0.36,0.50
1150820,069573,亞光群益5B購02,,0.69
1150820,069577,台積電統一5A購02,3.39,3.39
1150820,069578,力積電群益62購01,0.71,0.81
1150820,069579,臺股指群益5B購39,0.50,0.63
1150820,069582,中鋼國泰61購01,0.80,0.88
1150820,069584,聯電國泰61購02,0.49,0.65
1150820,069585,南亞科國泰62購01,5.20,4.68
1150820,069587,普安國泰61購01,,0.72
1150820,069588,大立光統一62購02,2.30,1.76
1150820,069589,惠特國泰61購01,,0.27
1150820,069590,華新永豐62購01,,1.22
1150820,069591,聯電永豐5C購03,0.46,0.54
1150820,069592,聯電永豐61購04,0.48,0.56
1150820,069594,英業達永豐5C購02,1.25,1.37
1150820,069595,興勤永豐61購01,0.60,0.44
1150820,069596,超豐永豐5C購01,,0.23
1150820,069598,志聖永豐61購01,0.39,0.39
1150820,069600,可成永豐62購01,1.28,1.18
1150820,069601,鉅祥永豐64購01,0.64,0.72
1150820,069602,奇鋐永豐61購05,1.50,1.51
1150820,069603,矽格永豐61購02,,0.38
1150820,069604,南亞科國票61購02,2.56,2.25
1150820,069606,日月光國票61購01,,0.64
1150820,069607,台塑台新5C購01,,2.76
1150820,069608,勝一台新5C購01,0.52,0.63
1150820,069610,鴻海台新5C購01,1.18,1.75
1150820,069612,英業達台新5C購01,,2.03
1150820,069613,大同台新5C購01,1.19,1.10
1150820,069614,京元電台新5C購01,0.31,0.44
1150820,069615,志聖台新5C購01,1.00,0.89
1150820,069616,志聖台新5C購02,0.60,0.62
1150820,069617,增你強台新5C購01,,0.82
1150820,069618,日月光台新5C購01,0.81,1.09
1150820,069619,正文台新5C購01,0.30,0.40
1150820,069620,鴻海凱基5B購03,,4.75
1150820,069622,采鈺台新5C購01,0.77,0.95
1150820,069623,采鈺台新5C購02,,0.56
1150820,069624,采鈺台新5C購03,0.24,0.24
1150820,069625,群臺2X凱基61購01,0.80,0.86
1150820,069627,光寶科凱基5C購04,0.92,0.90
1150820,069628,聯電凱基5C購05,0.23,0.46
1150820,069629,聯電凱基61購05,,0.41
1150820,069630,聯電凱基64購01,0.41,0.55
1150820,069631,鴻海凱基62購01,0.64,0.78
1150820,069632,南亞科凱基5C購01,1.75,1.56
1150820,069633,南亞科凱基63購04,,1.43
1150820,069634,興勤凱基5C購01,0.21,0.18
1150820,069635,超豐凱基5C購01,0.10,0.22
1150820,069636,京元電凱基5C購04,,0.27
1150820,069637,京元電凱基5C購05,0.13,0.19
1150820,069638,志聖凱基5C購01,0.29,0.32
1150820,069639,志聖凱基5C購02,0.27,0.35
1150820,069640,揚博凱基5C購01,,1.42
1150820,069641,日月光凱基5C購03,0.40,0.51
1150820,069642,日月光凱基5C購04,,0.62
1150820,069643,日月光凱基64購02,0.43,0.51
1150820,069644,正文凱基5C購02,,0.12
1150820,069645,精成科凱基5C購01,,0.32
1150820,069647,緯穎凱基5C購08,1.70,1.55
1150820,069648,力積電凱基5C購03,0.17,0.24
1150820,069649,力積電凱基62購01,0.30,0.35
1150820,069650,采鈺凱基5C購03,,0.27
1150820,069652,采鈺凱基5C購05,,0.40
1150820,069653,南茂凱基5C購02,,0.42
1150820,069654,台灣50富邦6C購01,,1.38
1150820,069655,T50正2富邦66購02,0.69,0.73
1150820,069656,T50正2富邦6C購01,0.96,0.99
1150820,069657,T50反1富邦66購04,1.82,1.87
1150820,069659,南亞富邦64購02,,3.43
1150820,069660,南亞富邦66購01,,3.06
1150820,069661,亞力富邦66購01,0.42,0.44
1150820,069662,華城富邦66購01,0.75,0.69
1150820,069663,中砂富邦66購01,,1.24
1150820,069664,中鋼富邦66購01,0.77,0.76
1150820,069665,大成鋼富邦66購01,1.59,1.34
1150820,069666,光寶科富邦5C購03,0.68,0.67
1150820,069667,聯電富邦5C購01,0.22,0.38
1150820,069668,鴻海富邦5C購06,0.37,0.54
1150820,069669,仁寶富邦66購01,0.95,0.99
1150820,069670,台積電富邦64購02,0.97,1.02
1150820,069671,華邦電富邦66購01,0.84,0.86
1150820,069672,宏碁富邦66購01,1.24,1.25
1150820,069673,微星富邦62購01,,1.00
1150820,069674,研華富邦66購01,1.62,1.54
1150820,069675,漢唐富邦64購01,0.55,0.66
1150820,069676,漢唐富邦66購01,0.97,1.10
1150820,069677,南亞科富邦66購01,2.12,1.96
1150820,069678,興勤富邦62購01,0.46,0.35
1150820,069679,超豐富邦61購02,,0.34
1150820,069680,京元電富邦66購01,0.36,0.42
1150820,069681,長榮富邦66購01,1.33,1.02
1150820,069682,奇鋐富邦64購01,0.87,0.85
1150820,069683,奇鋐富邦66購01,0.74,0.73
1150820,069684,緯創富邦66購01,1.04,1.22
1150820,069685,昇貿富邦64購01,0.45,0.50
1150820,069686,TPK富邦63購01,0.26,0.26
1150820,069687,日月光富邦5C購04,0.39,0.52
1150820,069688,十銓富邦66購01,0.71,0.73
1150820,069689,祥碩富邦64購01,0.66,0.65
1150820,069690,祥碩富邦64購02,0.67,0.63
1150820,069691,群電富邦64購01,,0.42
1150820,069692,群電富邦66購01,,0.36
1150820,069693,力智富邦66購01,,0.62
1150820,069694,AES富邦64購01,0.66,0.75
1150820,069695,華東富邦63購01,,0.31
1150820,069696,南茂富邦63購01,0.38,0.41
1150820,069697,臺股指富邦63購11,0.74,0.80
1150820,069698,臺股指富邦6C購02,1.15,1.19
1150820,069699,T50反1群益5C購02,0.88,0.94
1150820,069700,仁寶群益5C購01,1.40,1.44
1150820,069701,漢唐群益5C購02,2.19,2.90
1150820,069702,志聖群益5C購01,,0.57
1150820,069704,宏達電群益62購01,0.58,0.61
1150820,069705,國泰金群益61購01,2.44,2.67
1150820,069706,緯創群益5C購01,,7.52
1150820,069707,乙盛群益63購01,0.17,0.19
1150820,069709,力積電群益5C購03,0.54,0.69
1150820,069710,采鈺群益5C購02,,0.41
1150820,069711,南茂群益5C購02,0.51,0.62
1150820,069712,道瓊銅元大5C購02,1.21,1.44
1150820,069714,華新元大5C購02,1.16,1.27
1150820,069715,台玻元大5C購07,0.36,0.33
1150820,069716,中鋼元大5C購03,,0.56
1150820,069717,大成鋼元大5C購01,2.55,1.95
1150820,069718,聯電元大5C購07,,0.43
1150820,069720,華邦電元大5C購03,1.81,1.78
1150820,069721,智邦元大5C購03,0.85,1.19
1150820,069722,英業達元大5C購02,0.81,1.03
1150820,069723,燿華元大5C購03,,0.31
1150820,069724,技嘉元大5C購02,1.07,1.39
1150820,069725,漢唐元大5C購05,0.59,0.77
1150820,069726,南亞科元大5C購03,3.64,3.28
1150820,069727,友達元大5C購03,2.26,2.38
1150820,069728,超豐元大5C購02,,0.35
1150820,069729,京元電元大5C購03,,0.59
1150820,069730,志聖元大5C購06,0.58,0.69
1150820,069731,奇鋐元大5C購09,1.69,1.68
1150820,069732,智原元大5C購04,,0.74
1150820,069733,華擎元大5C購01,0.41,0.47
1150820,069734,嘉澤元大5C購02,,0.37
1150820,069735,牧德元大5C購03,,0.51
1150820,069737,TPK元大5C購02,,0.28
1150820,069738,日月光元大5C購07,0.64,0.95
1150820,069739,眾達元大5C購03,0.41,0.38
1150820,069741,祥碩元大5C購02,0.56,0.62
1150820,069742,jpp元大5C購02,0.16,0.19
1150820,069743,今國光元大5C購02,0.86,1.09
1150820,069744,康舒元大5C購01,,0.64
1150820,069745,群電元大5C購02,,0.23
1150820,069746,惠特元大5C購03,0.13,0.16
1150820,069747,力積電元大5C購03,,0.69
1150820,069748,AES元大5C購01,0.39,0.49
1150820,069749,采鈺元大5C購04,,0.56
1150820,06974U,臺股指元大5A售06,,0.02
1150820,069750,三集瑞元大5C購02,0.32,0.38
1150820,069751,南茂元大5C購04,,0.79
1150820,069752,士電國泰61購01,,1.04
1150820,069753,廣宇國泰61購01,0.65,0.76
1150820,069754,可成國泰61購01,,1.89
1150820,069755,鉅祥國泰61購01,1.07,1.21
1150820,069756,強茂國泰63購01,0.69,1.06
1150820,069757,日月光國泰61購01,1.26,1.54
1150820,069758,華東國泰61購01,,0.71
1150820,069759,南茂國泰62購01,,0.85
1150820,069760,T50正2永豐5C購02,,0.39
1150820,069762,中興電永豐61購01,,0.87
1150820,069763,大亞永豐61購01,0.64,0.63
1150820,069764,鴻海永豐65購04,,0.60
1150820,069765,鴻海永豐69購01,,0.73
1150820,069766,鴻海永豐6C購01,,1.25
1150820,069767,仁寶永豐5C購01,0.93,0.94
1150820,069768,華邦電永豐5C購02,0.90,0.93
1150820,069769,宏碁永豐5C購02,,0.49
1150820,069771,英業達永豐61購03,,0.58
1150820,069772,華碩永豐64購02,1.87,1.76
1150820,069774,技嘉永豐62購01,,0.71
1150820,069775,微星永豐62購01,0.91,1.14
1150820,069776,南亞科永豐5C購04,1.96,1.75
1150820,069777,南亞科永豐6C購01,3.11,2.83
1150820,069778,友達永豐62購01,1.36,1.35
1150820,069779,可成永豐61購01,,1.10
1150820,069780,強茂永豐63購02,0.50,0.54
1150820,069781,緯創永豐5C購02,1.13,1.46
1150820,069783,神達永豐5C購01,,0.55
1150820,069785,力積電永豐64購02,0.35,0.39
1150820,069786,力積電永豐65購03,0.41,0.43
1150820,069787,力積電永豐66購01,0.49,0.52
1150820,069789,華東永豐5C購02,,0.18
1150820,069790,福懋科永豐64購01,,0.63
1150820,069791,南茂永豐64購02,0.40,0.41
1150820,069792,華夏富邦66購01,,0.50
1150820,069793,台化富邦66購01,,1.14
1150820,069795,儒鴻富邦66購01,1.28,1.46
1150820,069796,和大富邦66購01,,0.65
1150820,069798,楠梓電富邦64購01,0.51,0.59
1150820,069801,所羅門富邦64購01,0.83,0.79
1150820,069802,超豐富邦61購03,0.22,0.28
1150820,069804,飛宏富邦66購01,,1.01
1150820,069806,強茂富邦5C購02,0.23,0.26
1150820,069807,裕民富邦66購01,1.08,0.98
1150820,069808,陽明富邦64購01,1.70,1.30
1150820,069809,神基富邦62購01,1.20,1.16
1150820,069810,智原富邦62購01,,0.40
1150820,069812,牧德富邦61購01,,0.39
1150820,069813,亞翔富邦62購03,0.65,0.75
1150820,069814,緯穎富邦5C購02,1.05,1.05
1150820,069815,緯穎富邦64購03,1.34,1.26
1150820,069816,力積電富邦62購01,0.35,0.40
1150820,069817,采鈺富邦5C購02,,0.26
1150820,069818,南茂富邦61購03,0.21,0.25
1150820,069819,寶成富邦66購01,1.35,1.31
1150820,069820,華新凱基5C購02,,0.47
1150820,069821,台玻凱基5C購04,0.13,0.14
1150820,069822,大成鋼凱基61購01,1.41,1.19
1150820,069823,鴻海凱基5C購11,,0.37
1150820,069824,仁寶凱基61購01,,0.90
1150820,069825,華泰凱基61購03,,0.26
1150820,069826,華邦電凱基63購01,,0.79
1150820,069827,智邦凱基5C購05,0.15,0.30
1150820,069828,英業達凱基5C購01,,0.89
1150820,069829,華碩凱基5C購01,2.14,1.85
1150820,069830,燿華凱基64購01,,0.18
1150820,069834,鴻海群益62購01,,1.60
1150820,069835,技嘉凱基5C購01,,0.79
1150820,069836,南亞科凱基5C購02,1.32,1.17
1150820,069837,友達凱基5C購02,,1.11
1150820,069838,強茂凱基61購03,0.37,0.38
1150820,069839,宏達電凱基61購01,0.69,0.72
1150820,069840,奇鋐凱基5C購04,0.81,0.81
1150820,069841,健鼎凱基5C購01,0.57,0.53
1150820,069842,緯創凱基61購05,1.18,1.55
1150820,069843,華擎凱基5C購01,,0.48
1150820,069845,牧德凱基5C購02,,0.19
1150820,069847,乙盛凱基5C購03,,0.07
1150820,069848,祥碩凱基5C購02,0.58,0.60
1150820,069849,jpp凱基5C購01,,0.09
1150820,069850,群電凱基5C購01,,0.19
1150820,069851,緯穎凱基5C購09,1.40,1.51
1150820,069852,力積電凱基61購03,0.22,0.27
1150820,069853,南茂凱基5C購03,0.24,0.29
1150820,069854,東元群益61購01,0.48,0.45
1150820,069855,華新群益5C購01,,0.72
1150820,069857,上銀群益62購01,1.13,1.23
1150820,069858,光寶科群益5C購04,1.17,1.20
1150820,069859,鴻海群益5C購10,,0.56
1150820,069860,鴻海群益5C購11,,0.35
1150820,069861,鴻海群益5C購12,,0.39
1150820,069862,仁寶群益5C購02,1.62,1.58
1150820,069863,台積電群益5C購11,1.10,1.38
1150820,069864,華邦電群益5C購04,1.32,1.34
1150820,069865,宏碁群益5C購01,,0.70
1150820,069866,英業達群益5C購01,,0.56
1150820,069867,英業達群益64購01,,2.04
1150820,069868,技嘉群益5C購03,0.72,1.01
1150820,069869,技嘉群益5C購04,,0.72
1150820,069870,南亞科群益5C購01,2.71,2.35
1150820,069871,南亞科群益5C購02,2.51,2.21
1150820,069872,京元電群益5C購05,0.29,0.45
1150820,069873,可成群益5C購01,,0.96
1150820,069874,可成群益5C購02,0.85,0.83
1150820,069875,強茂群益5C購03,,0.44
1150820,069876,強茂群益5C購04,0.39,0.48
1150820,069877,長榮航群益62購01,1.44,1.52
1150820,069878,健鼎群益5C購01,0.64,0.60
1150820,069879,緯創群益5C購02,1.97,2.78
1150820,069881,華擎群益65購01,,0.48
1150820,069882,日月光群益5C購03,0.66,0.85
1150820,069883,和碩群益63購01,0.74,0.81
1150820,069884,帆宣群益5C購02,0.93,1.20
1150820,069885,矽格群益64購01,,0.41
1150820,069886,ITH群益64購01,,0.65
1150820,069887,台虹群益5C購02,6.60,5.02
1150820,069888,華東群益63購01,0.20,0.24
1150820,069889,南茂群益5C購03,0.31,0.39
1150820,069890,FH富產元大61購01,,0.94
1150820,069891,中502X元大5C購01,1.29,1.42
1150820,069892,美費半元大5C購02,0.98,1.19
1150820,069893,中砂元大5C購03,0.62,0.65
1150820,069894,台玻元大5C購08,0.63,0.62
1150820,069895,光寶科元大5C購02,1.62,1.47
1150820,069896,光寶科元大5C購03,1.22,1.13
1150820,069897,聯電元大5C購08,,0.55
1150820,069898,聯電元大5C購09,,0.32
1150820,069899,鴻海元大5C購15,0.33,0.43
1150820,069900,鴻海元大5C購16,,0.24
1150820,069901,華邦電元大61購03,,1.23
1150820,069902,華邦電元大64購01,1.36,1.29
1150820,069903,佳能元大5C購01,,0.26
1150820,069904,技嘉元大5C購03,0.64,0.86
1150820,069905,南亞科元大61購06,,1.80
1150820,069906,友達元大5C購04,1.86,1.95
1150820,069908,京元電元大64購02,,0.55
1150820,069909,強茂元大5C購03,1.18,1.12
1150820,06990U,台積電永豐5B售03,,0.01
1150820,069910,強茂元大5C購04,1.06,1.07
1150820,069911,強茂元大5C購05,0.98,1.07
1150820,069912,強茂元大61購02,,0.69
1150820,069913,奇鋐元大5C購10,,0.78
1150820,069914,奇鋐元大61購19,,1.09
1150820,069915,智原元大5C購05,0.74,0.81
1150820,069916,玉晶光元大5C購01,,0.79
1150820,069917,嘉澤元大64購01,0.27,0.47
1150820,069918,日月光元大5C購08,,1.02
1150820,069919,正文元大5C購01,,0.16
1150820,069920,矽格元大5C購02,,0.81
1150820,069921,康舒元大61購04,,0.54
1150820,069922,緯穎元大61購10,3.11,2.81
1150820,069923,力積電元大5C購04,,0.76
1150820,069924,力積電元大5C購05,,0.55
1150820,069925,力積電元大5C購06,0.55,0.67
1150820,069926,力積電元大61購03,,0.84
1150820,069927,力積電元大64購01,0.39,0.41
1150820,069928,采鈺元大5C購05,,0.25
1150820,069929,采鈺元大5C購06,,0.69
1150820,069930,南茂元大5C購05,,0.41
1150820,069931,南茂元大66購01,,0.79
1150820,069932,T50正2台新5C購06,,0.79
1150820,069933,T50正2台新5C購07,0.89,1.01
1150820,069934,T50正2台新5C購08,,0.99
1150820,069935,聯電台新63購01,0.64,1.20
1150820,069936,精英台新5C購01,0.51,0.51
1150820,069937,精英台新5C購02,,0.42
1150820,069938,華邦電台新63購01,,1.46
1150820,069939,華邦電台新63購02,1.12,1.09
1150820,069940,華碩台新5C購01,,2.92
1150820,069941,華碩台新5C購02,3.02,2.68
1150820,069942,技嘉台新63購01,,0.93
1150820,069943,技嘉台新63購02,,1.16
1150820,069944,南亞科台新5C購05,12.90,11.17
1150820,069945,南亞科台新66購01,3.43,3.07
1150820,069946,友達台新5C購01,2.05,2.13
1150820,069947,友達台新5C購02,1.33,1.43
1150820,069948,強茂台新5C購01,0.49,0.56
1150820,069949,強茂台新5C購02,0.31,0.54
1150820,069950,矽格台新5C購01,0.75,0.94
1150820,069951,緯穎台新5C購04,,1.51
1150820,069952,緯穎台新5C購05,,2.71
1150820,069953,力積電台新5C購01,0.50,0.67
1150820,069954,力積電台新5C購02,0.52,0.70
1150820,069955,三集瑞台新5C購01,,0.27
1150820,069956,長華台新5C購01,1.00,1.03
1150820,069957,南茂台新5C購01,,1.15
1150820,069958,南茂台新5C購02,,0.66
1150820,069959,南茂台新63購01,,0.71
1150820,069960,南茂台新63購02,,0.55
1150820,069961,華新富邦5C購03,0.42,0.46
1150820,069962,台玻富邦62購01,,0.30
1150820,069963,仁寶富邦66購02,0.90,0.93
1150820,069964,華邦電富邦5C購03,,0.42
1150820,069965,可成富邦5C購01,0.53,0.50
1150820,069966,晶豪科富邦64購01,,0.66
1150820,069967,晶豪科富邦66購01,0.64,0.69
1150820,069969,緯創富邦5C購05,0.52,0.69
1150820,069970,緯創富邦64購03,,0.70
1150820,069971,和碩富邦5C購02,,0.45
1150820,069973,南亞永豐62購01,,2.50
1150820,069974,鴻海永豐73購01,,1.15
1150820,069975,鴻海永豐76購01,,1.38
1150820,069976,仁寶永豐61購02,,0.74
1150820,069978,台積電永豐66購03,,0.66
1150820,069979,華邦電永豐69購01,1.33,1.35
1150820,069980,宏碁永豐61購02,,0.48
1150820,069981,技嘉永豐5C購02,0.40,0.48
1150820,069982,南亞科永豐76購01,2.96,2.71
1150820,069983,長榮永豐64購01,1.47,1.12
1150820,069984,萬海永豐64購01,2.08,1.19
1150820,069985,奇鋐永豐64購05,1.40,1.42
1150820,069986,奇鋐永豐66購01,1.09,1.13
1150820,069988,緯創永豐5C購03,0.70,0.88
1150820,069989,新日興永豐61購01,0.38,0.40
1150820,069990,台郡永豐61購01,,0.63
1150820,069991,緯穎永豐68購01,,1.51
1150820,069992,緯穎永豐6C購01,1.97,1.96
1150820,069993,台塑台新5C購02,2.04,2.04
1150820,069995,大亞台新5C購01,0.94,0.98
1150820,069996,上銀台新5C購01,,1.32
1150820,069997,聯電台新63購02,0.64,0.75
1150820,069998,鴻海台新5C購02,,0.17
1150820,069999,鴻海台新5C購03,,0.26
1150820,070000,仁寶台新5C購01,1.49,1.61
1150820,070002,華邦電台新5C購01,0.93,0.97
1150820,070003,華邦電台新5C購02,,0.74
1150820,070004,華碩台新5C購03,1.75,1.63
1150820,070005,微星台新5C購01,,1.64
1150820,070006,南亞科台新61購01,1.90,1.70
1150820,070007,南亞科台新63購02,2.05,1.86
1150820,070008,可成台新5C購01,0.63,0.59
1150820,070009,新日興台新5C購01,1.13,1.14
1150820,070010,新日興台新5C購02,,0.89
1150820,070011,新日興台新5C購03,,0.58
1150820,070012,神達台新5C購01,0.83,0.92
1150820,070015,中502X凱基61購01,,0.86
1150820,070016,南亞凱基61購04,,2.96
1150820,070017,新纖凱基5C購01,0.48,0.51
1150820,070018,聚陽凱基5C購01,0.37,0.54
1150820,070019,東元凱基61購01,,0.28
1150820,070021,華新凱基5C購03,,0.48
1150820,070022,聯電凱基5C購06,0.16,0.28
1150820,070023,鴻海凱基5C購12,,0.32
1150820,070025,仁寶凱基5C購01,0.34,0.54
1150820,070026,廣宇凱基5C購01,,0.15
1150820,070027,華邦電凱基64購01,0.65,0.66
1150820,070028,宏碁凱基5C購01,,0.20
1150820,070029,華碩凱基5C購02,,1.01
1150820,070031,微星凱基5C購02,0.49,0.74
1150820,070032,南亞科凱基61購04,1.20,1.09
1150820,070034,友達凱基61購05,0.76,0.79
1150820,070035,可成凱基5C購01,,0.38
1150820,070036,長榮航凱基5C購01,,1.82
1150820,070037,奇鋐凱基61購07,0.55,0.57
1150820,070038,緯創凱基5C購04,0.74,1.01
1150820,070040,新日興凱基5C購02,,0.29
1150820,070041,玉晶光凱基5C購01,0.71,0.55
1150820,070042,正文凱基5C購03,,0.09
1150820,070043,和碩凱基63購01,0.66,0.76
1150820,070044,台郡凱基5C購01,,0.49
1150820,070045,康舒凱基64購01,0.21,0.24
1150820,070046,中砂元大5C購04,0.67,0.73
1150820,070047,中砂元大64購01,0.75,0.80
1150820,070048,光寶科元大5C購04,1.96,1.85
1150820,070049,光寶科元大5C購05,1.18,1.12
1150820,070050,光寶科元大61購09,1.69,1.59
1150820,070051,聯電元大5C購11,,0.71
1150820,070052,聯電元大5C購12,,0.35
1150820,070053,聯電元大5C購13,0.16,0.27
1150820,070054,鴻海元大5C購17,,0.36
1150820,070055,鴻海元大5C購18,0.51,0.72
1150820,070056,鴻海元大5C購19,,0.69
1150820,070057,鴻海元大61購22,,0.81
1150820,070058,鴻海元大64購14,0.69,0.85
1150820,070059,仁寶元大5C購01,,0.61
1150820,070060,仁寶元大5C購02,0.97,0.97
1150820,070061,仁寶元大5C購03,0.99,1.09
1150820,070062,台積電元大61購41,0.65,0.75
1150820,070063,華邦電元大5C購05,1.25,1.33
1150820,070064,華邦電元大5C購06,,0.85
1150820,070065,華邦電元大61購04,,0.62
1150820,070066,華邦電元大64購02,,0.65
1150820,070067,智邦元大5C購04,0.42,0.55
1150820,070068,智邦元大5C購05,0.45,0.61
1150820,070069,智邦元大64購04,0.64,0.82
1150820,070070,宏碁元大5C購01,0.46,0.53
1150820,070071,宏碁元大5C購02,,0.26
1150820,070072,敬鵬元大5C購02,,0.37
1150820,070073,英業達元大5C購03,,0.62
1150820,070074,英業達元大5C購04,1.25,1.38
1150820,070075,英業達元大64購03,0.96,1.03
1150820,070076,矽統元大5C購01,,0.42
1150820,070078,威盛元大5C購01,,1.18
1150820,070079,南亞科元大61購07,3.07,2.69
1150820,070080,南亞科元大65購03,1.86,1.67
1150820,070081,友達元大5C購05,1.04,1.17
1150820,070082,友達元大61購12,1.86,1.86
1150820,070083,友達元大64購03,,1.51
1150820,070085,京元電元大61購09,,0.89
1150820,070086,京元電元大64購03,,0.92
1150820,070087,可成元大5C購01,0.57,0.56
1150820,070088,國泰金元大5C購01,2.83,3.09
1150820,070089,晶豪科元大61購02,,1.26
1150820,070090,奇鋐元大5C購11,,1.20
1150820,070091,奇鋐元大61購20,0.68,0.77
1150820,070092,嘉澤元大5C購03,0.12,0.29
1150820,070093,嘉澤元大64購02,0.42,0.66
1150820,070094,嘉澤元大65購01,0.32,0.50
1150820,070096,眾達元大5C購04,0.61,0.52
1150820,070097,眾達元大66購01,0.81,0.73
1150820,070098,佳必琪元大5C購03,0.35,0.45
1150820,070099,康舒元大61購05,,0.85
1150820,070100,緯穎元大5C購09,2.71,2.73
1150820,070101,緯穎元大61購11,2.33,2.35
1150820,070102,緯穎元大65購01,1.88,1.83
1150820,070103,惠特元大5C購04,,0.28
1150820,070104,AES元大61購04,0.52,0.61
1150820,070105,采鈺元大5C購07,,0.90
1150820,070106,三集瑞元大5C購03,,0.17
1150820,070107,華東元大5C購01,,0.68
1150820,070108,華東元大66購01,,0.90
1150820,070109,T50反1群益5C購03,1.38,1.48
1150820,070110,T50反1群益62購01,,0.93
1150820,070111,臺指2X群益62購01,,0.64
1150820,070113,南亞群益62購01,,2.63
1150820,070114,東元群益61購02,0.39,0.34
1150820,070115,允強群益5C購01,1.29,1.40
1150820,070116,鴻海群益5C購13,,0.50
1150820,070117,鴻海群益5C購14,,0.51
1150820,070121,仁寶群益5C購03,,0.86
1150820,070123,華邦電群益5C購05,0.89,0.91
1150820,070124,佳世達群益5C購01,0.68,0.72
1150820,070125,宏碁群益5C購02,,0.38
1150820,070127,英業達群益62購01,,0.48
1150820,070128,燿華群益5C購01,,0.35
1150820,070129,微星群益5C購01,0.75,1.07
1150820,070130,群光群益5C購02,,0.24
1150820,070131,南亞科群益5C購03,2.16,1.88
1150820,070132,友達群益5C購01,1.11,1.08
1150820,070133,可成群益5C購03,0.75,0.62
1150820,070134,可成群益5C購04,,0.52
1150820,070135,晟銘電群益61購01,,0.14
1150820,070136,奇鋐群益63購05,0.66,0.69
1150820,070137,緯創群益5C購03,2.13,2.90
1150820,070138,緯創群益5C購04,1.17,1.49
1150820,070140,乙盛群益5C購03,,0.41
1150820,070141,康舒群益5C購01,,0.34
1150820,070142,群電群益5C購01,,0.18
1150820,070143,采鈺群益5C購03,,0.47
1150820,070144,新纖永豐64購01,0.88,0.90
1150820,070145,華通永豐5C購07,0.29,0.29
1150820,070147,華碩永豐63購01,0.88,0.95
1150820,070148,微星永豐61購01,0.50,0.76
1150820,070149,友達永豐61購04,0.63,0.68
1150820,070150,京元電永豐61購02,0.55,0.71
1150820,070151,可成永豐61購02,,0.31
1150820,070152,華航永豐61購01,,1.21
1150820,070153,緯創永豐61購02,0.51,0.68
1150820,070154,和碩永豐64購01,,0.91
1150820,070155,祥碩永豐64購01,0.53,0.54
1150820,070156,長華永豐61購01,0.45,0.44
1150820,070157,新纖國票61購02,,0.48
1150820,070158,新纖國票61購03,0.42,0.43
1150820,070159,新纖國票61購04,0.38,0.38
1150820,070161,華邦電國票61購01,,0.75
1150820,070162,華邦電國票61購02,0.63,0.65
1150820,070163,華邦電國票61購03,0.58,0.58
1150820,070165,華碩國票5C購01,0.96,0.87
1150820,070166,華碩國票61購01,,0.69
1150820,070167,南亞科國票61購03,1.32,1.19
1150820,070168,可成國票5C購02,,0.22
1150820,070169,緯創國票61購01,0.72,0.91
1150820,070170,台灣50台新5C購01,0.67,0.86
1150820,070171,光寶科台新5C購01,2.62,2.54
1150820,070172,光寶科台新5C購02,,1.85
1150820,070173,華邦電台新5C購03,1.12,1.14
1150820,070174,華邦電台新5C購04,0.61,0.62
1150820,070175,華碩台新61購02,1.72,1.50
1150820,070176,華碩台新62購01,1.59,1.52
1150820,070177,南亞科台新5C購07,2.44,2.22
1150820,070178,南亞科台新66購02,2.20,1.96
1150820,070179,友達台新5C購03,0.58,0.68
1150820,070180,宏達電台新5C購01,,0.43
1150820,070181,華晶科台新5C購01,,0.67
1150820,070183,華晶科台新63購01,,0.60
1150820,070184,十銓台新5C購01,,0.79
1150820,070185,緯穎台新5C購06,,1.61
1150820,070186,華通富邦5C購03,0.18,0.19
1150820,070187,仁寶富邦63購01,0.57,0.58
1150820,070189,宏碁富邦63購01,0.34,0.33
1150820,070190,英業達富邦5C購01,,0.40
1150820,070191,技嘉富邦5C購01,0.32,0.48
1150820,070192,微星富邦5C購02,0.36,0.48
1150820,070193,友達富邦5C購03,0.96,0.97
1150820,070194,元大金富邦5C購01,0.73,1.00
1150820,070195,中信金富邦5C購01,0.76,0.99
1150820,070196,晟銘電富邦61購01,,0.12
1150820,070199,十銓富邦63購01,0.35,0.37
1150820,070201,佳必琪富邦61購02,,0.62
1150820,070202,康舒富邦5C購03,0.10,0.15
1150820,070203,中502X群益62購01,0.95,1.03
1150820,070204,士電群益5C購01,0.84,0.88
1150820,070205,士電群益5C購02,0.47,0.49
1150820,070206,東元群益5C購01,0.90,0.82
1150820,070207,鴻海群益5C購17,0.46,0.81
1150820,070208,仁寶群益5C購04,0.46,0.57
1150820,070209,華邦電群益5C購06,0.69,0.72
1150820,070210,宏碁群益62購01,,0.28
1150820,070211,英業達群益62購02,,0.46
1150820,070212,華碩群益5C購01,0.58,0.57
1150820,070213,華碩群益61購01,1.26,1.12
1150820,070214,華碩群益61購02,,1.08
1150820,070215,技嘉群益62購01,0.85,1.14
1150820,070216,微星群益5C購03,0.69,1.11
1150820,070217,南亞科群益5C購04,1.85,1.63
1150820,070218,志聖群益5C購02,0.67,0.66
1150820,070219,可成群益5C購05,,0.58
1150820,070220,晶豪科群益5C購04,,2.53
1150820,070221,奇鋐群益62購01,0.67,0.68
1150820,070222,聯詠群益5C購02,0.57,0.64
1150820,070224,緯創群益62購02,0.58,0.76
1150820,070226,新日興群益5C購02,1.51,1.54
1150820,070227,和碩群益5C購01,,0.47
1150820,070228,祥碩群益5C購02,0.48,0.54
1150820,070229,台郡群益5C購01,0.22,0.29
1150820,070231,臺股指群益5C購10,1.14,1.29
1150820,070232,臺股指群益5C購11,0.84,0.99
1150820,070233,台灣50凱基5C購13,0.84,0.93
1150820,070234,台灣50凱基61購03,,1.00
1150820,070235,台灣50凱基61購04,1.07,1.26
1150820,070236,S&P正2凱基5C購01,1.41,1.55
1150820,070237,遠東新凱基5C購01,1.16,0.95
1150820,070238,新纖凱基5C購02,,0.47
1150820,070240,光寶科凱基61購02,1.24,1.22
1150820,070241,鴻海凱基64購07,0.31,0.38
1150820,070242,鴻海凱基64購08,,0.44
1150820,070243,中環凱基5C購01,0.44,0.46
1150820,070244,仁寶凱基5C購02,0.25,0.30
1150820,070245,台積電凱基5C購15,,0.60
1150820,070246,華邦電凱基5C購05,0.40,0.42
1150820,070247,華邦電凱基5C購06,0.40,0.42
1150820,070248,華邦電凱基61購03,0.54,0.54
1150820,070249,華邦電凱基64購02,0.62,0.63
1150820,070250,佳世達凱基5C購01,0.51,0.54
1150820,070251,宏碁凱基5C購02,,0.28
1150820,070252,英業達凱基5C購02,0.15,0.20
1150820,070253,華碩凱基5C購03,0.72,0.68
1150820,070254,華碩凱基5C購04,0.71,0.65
1150820,070255,微星凱基64購01,,0.89
1150820,070256,南亞科凱基64購01,0.84,0.79
1150820,070257,京元電凱基5C購06,,0.26
1150820,070259,宏達電凱基5C購02,,0.22
1150820,070260,晶豪科凱基5C購02,0.43,0.47
1150820,070262,華晶科凱基5C購02,,0.18
1150820,070263,緯創凱基5C購05,,0.64
1150820,070264,緯創凱基64購01,0.69,0.80
1150820,070265,十銓凱基5C購02,,0.34
1150820,070266,佳必琪凱基5C購03,,0.58
1150820,070267,松川凱基5C購01,1.63,1.49
1150820,070268,泰金寶凱基5C購01,0.18,0.21
1150820,070269,A50正2元大61購01,0.96,0.97
1150820,070270,科技息元大5C購01,,0.78
1150820,070271,新纖元大5C購01,0.75,0.77
1150820,070272,光寶科元大61購10,2.06,1.98
1150820,070274,聯電元大5C購15,,0.77
1150820,070275,華通元大5C購08,0.82,0.79
1150820,070276,華通元大5C購09,,0.55
1150820,070278,華通元大61購10,0.49,0.51
1150820,070279,華通元大64購01,0.40,0.40
1150820,070280,鴻海元大61購23,,0.71
1150820,070281,鴻海元大64購15,0.44,0.57
1150820,070282,仁寶元大5C購04,0.97,1.05
1150820,070283,仁寶元大5C購05,0.61,0.64
1150820,070284,仁寶元大5C購06,0.42,0.43
1150820,070285,台積電元大61購42,0.39,0.44
1150820,070286,華邦電元大5C購04,1.00,0.97
1150820,070287,華邦電元大5C購07,1.10,1.10
1150820,070288,華邦電元大5C購08,0.83,0.91
1150820,070289,華邦電元大5C購09,,0.68
1150820,070290,華邦電元大5C購10,,0.68
1150820,070291,華邦電元大5C購11,0.58,0.58
1150820,070292,華邦電元大61購05,,0.55
1150820,070293,智邦元大5C購06,0.98,1.29
1150820,070294,智邦元大5C購07,0.57,0.86
1150820,070295,智邦元大64購05,0.67,0.84
1150820,070296,英業達元大5C購05,0.35,0.40
1150820,070297,英業達元大64購04,0.49,0.52
1150820,070298,英業達元大65購02,0.36,0.40
1150820,070299,華碩元大5C購02,0.53,0.49
1150820,070300,華碩元大5C購03,0.77,0.73
1150820,070301,華碩元大5C購04,1.23,1.14
1150820,070302,華碩元大5C購05,1.68,1.56
1150820,070303,華碩元大66購01,0.56,0.52
1150820,070304,技嘉元大5C購04,0.98,1.14
1150820,070305,微星元大5C購01,0.62,0.84
1150820,070306,微星元大64購03,0.79,0.97
1150820,070307,微星元大66購06,0.49,0.60
1150820,070308,南亞科元大5C購04,,2.02
1150820,070309,南亞科元大61購08,1.97,1.83
1150820,070310,南亞科元大65購04,1.45,1.40
1150820,070311,友達元大61購13,,1.21
1150820,070312,友達元大64購04,0.75,0.76
1150820,070313,京元電元大61購10,,0.95
1150820,070314,京元電元大64購04,,1.10
1150820,070315,可成元大5C購02,,0.57
1150820,070316,晶豪科元大61購03,,0.88
1150820,070317,晶豪科元大64購01,,0.83
1150820,070318,奇鋐元大5C購12,,2.19
1150820,070319,奇鋐元大5C購13,,1.39
1150820,070320,奇鋐元大61購21,,1.17
1150820,070321,聯詠元大5C購01,1.71,1.91
1150820,070322,緯創元大5C購04,,1.08
1150820,070323,緯創元大5C購05,,0.89
1150820,070324,緯創元大61購09,,0.80
1150820,070325,昇貿元大5C購01,,0.32
1150820,070326,昇貿元大5C購02,,0.26
1150820,070327,嘉澤元大5C購04,0.22,0.34
1150820,070328,嘉澤元大65購02,0.40,0.61
1150820,070329,日月光元大5C購09,1.69,1.93
1150820,070330,佳必琪元大5C購04,1.04,1.18
1150820,070331,康舒元大61購06,0.83,1.00
1150820,070332,緯穎元大5C購10,1.67,1.60
1150820,070333,緯穎元大61購12,,1.44
1150820,070334,緯穎元大65購02,,1.95
1150820,070336,采鈺元大5C購08,,1.05
1150820,070337,臺股指元大5C購21,0.86,0.96
1150820,070338,臺股指元大5C購22,0.95,1.04
1150820,070339,臺股指元大5C購23,0.89,0.99
1150820,070341,南亞科富邦62購07,,1.00
1150820,070342,南亞科富邦63購01,0.93,0.87
1150820,070343,凱基金富邦62購03,,1.36
1150820,070344,晶豪科富邦63購01,,0.64
1150820,070345,華晶科富邦63購01,0.33,0.36
1150820,070346,緯創富邦5C購06,0.26,0.37
1150820,070347,樺漢富邦5C購01,0.48,0.72
1150820,070348,臺股指富邦5C購20,0.55,0.64
1150820,070349,臺股指富邦66購07,0.85,0.91
1150820,070350,仁寶永豐5C購02,0.44,0.46
1150820,070351,佳世達永豐61購03,0.31,0.31
1150820,070352,奇鋐永豐61購06,1.31,1.25
1150820,070353,神達永豐61購02,,0.76
1150820,070354,日月光永豐5C購03,,0.80
1150820,070355,康舒永豐64購02,,0.38
1150820,070356,T50反1國票5C購01,1.10,1.16
1150820,070357,台股增國票5C購02,0.74,0.78
1150820,070358,南亞國票61購01,,2.50
1150820,070359,光寶科國票61購01,1.35,1.39
1150820,070361,仁寶國票61購01,,0.46
1150820,070362,宏碁國票61購01,,0.38
1150820,070363,宏碁國票61購02,,0.37
1150820,070364,技嘉國票5C購02,,0.70
1150820,070365,微星國票61購01,0.67,0.88
1150820,070366,南亞科國票61購04,1.38,1.30
1150820,070367,南亞科國票61購05,1.30,1.19
1150820,070368,京元電國票5C購02,,0.46
1150820,070370,瑞軒國票61購01,,0.23
1150820,070371,上緯控國票5C購01,0.40,0.41
1150820,070373,緯穎國票61購01,0.91,0.92
1150820,070374,T50反1凱基5C購05,1.23,1.28
1150820,070375,FH富產凱基61購01,0.95,0.94
1150820,070376,FANG+凱基5C購01,,0.99
1150820,070377,美費半凱基5C購02,0.45,0.56
1150820,070378,士電凱基61購02,0.17,0.17
1150820,070379,東元凱基5C購01,0.26,0.26
1150820,070380,中興電凱基5C購02,,0.55
1150820,070381,亞力凱基5C購01,0.22,0.23
1150820,070382,華城凱基5C購02,,0.16
1150820,070383,中纖凱基5C購01,1.49,1.62
1150820,070384,第一銅凱基5C購01,0.20,0.25
1150820,070385,光寶科凱基5C購05,0.64,0.66
1150820,070386,鴻海凱基5C購13,,0.13
1150820,070387,鴻海凱基61購07,,0.40
1150820,070389,智邦凱基61購06,,0.38
1150820,070390,佳世達凱基5C購02,0.22,0.23
1150820,070392,英業達凱基61購01,,0.18
1150820,070394,華碩凱基63購01,,0.88
1150820,070395,南亞科凱基61購05,0.92,0.83
1150820,070396,友達凱基64購01,0.64,0.68
1150820,070399,兆赫凱基5C購02,,0.18
1150820,070402,日月光凱基64購03,0.50,0.62
1150820,070403,和碩凱基5C購01,,0.55
1150820,070405,十銓凱基5C購03,0.44,0.48
1150820,070407,矽格凱基5C購01,,0.40
1150820,070408,台郡凱基5C購02,,0.22
1150820,070410,緯穎凱基64購03,,1.83
1150820,070411,福懋科凱基5C購01,,0.37
1150820,070412,臺股指凱基5C購21,,1.13
1150820,070413,中興電群益5C購01,0.65,0.79
1150820,070414,亞力群益62購01,,0.44
1150820,070415,華城群益5C購02,0.77,0.71
1150820,070416,大亞群益5C購01,,0.73
1150820,070417,光寶科群益5C購05,2.46,2.54
1150820,070418,台積電群益66購04,,1.81
1150820,070419,智邦群益5C購02,0.73,1.13
1150820,070420,佳世達群益5C購03,,0.59
1150820,070421,英業達群益5C購04,0.26,0.34
1150820,070422,南亞科群益62購01,3.05,2.68
1150820,070423,友達群益5C購02,1.03,1.20
1150820,070424,京元電群益65購01,0.85,1.02
1150820,070425,飛宏群益5C購01,0.82,1.00
1150820,070426,凱基金群益62購01,,1.48
1150820,070427,晶豪科群益5C購05,2.20,2.64
1150820,070428,晟銘電群益63購01,0.16,0.20
1150820,070429,緯創群益62購03,1.43,1.70
1150820,070430,十銓群益66購01,0.47,0.49
1150820,070431,勤誠群益64購01,0.30,0.46
1150820,070432,FB科技元大61購01,0.85,0.95
1150820,070433,高股息元大5C購01,0.98,1.04
1150820,070434,T50反1元大5C購07,1.16,1.21
1150820,070435,T50反1元大61購06,,0.83
1150820,070436,滬深2X元大5C購01,,0.71
1150820,070437,滬深2X元大61購03,,0.57
1150820,070438,群臺2X元大5C購01,0.60,0.64
1150820,070439,群高息元大5C購03,,0.87
1150820,070440,華新元大5C購03,0.56,0.64
1150820,070441,聯電元大5C購16,0.80,0.99
1150820,070442,聯電元大5C購17,0.51,0.61
1150820,070443,聯電元大5C購18,0.44,0.61
1150820,070444,華通元大5C購11,0.86,0.83
1150820,070445,華通元大61購11,0.72,0.72
1150820,070446,華通元大64購02,,0.37
1150820,070447,鴻海元大5C購20,,0.32
1150820,070448,鴻海元大5C購21,0.14,0.23
1150820,070449,鴻海元大61購24,0.19,0.28
1150820,070450,鴻海元大64購16,,0.81
1150820,070451,仁寶元大5C購07,0.24,0.28
1150820,070452,台積電元大61購43,0.37,0.42
1150820,070453,台積電元大64購13,0.49,0.54
1150820,070454,智邦元大5C購08,0.41,0.55
1150820,070455,智邦元大64購06,0.59,0.77
1150820,070456,宏碁元大5C購03,0.66,0.71
1150820,070457,宏碁元大5C購04,,0.25
1150820,070458,英業達元大5C購06,0.58,0.65
1150820,070459,英業達元大65購03,,0.64
1150820,070460,華碩元大5C購06,1.32,1.18
1150820,070461,華碩元大65購01,0.92,0.84
1150820,070462,華碩元大66購02,0.66,0.61
1150820,070463,技嘉元大5C購05,0.63,0.82
1150820,070464,技嘉元大64購01,0.73,0.85
1150820,070465,微星元大5C購02,0.73,0.97
1150820,070466,微星元大64購04,0.78,0.95
1150820,070467,微星元大66購07,0.68,0.81
1150820,070468,南亞科元大5C購06,2.56,2.43
1150820,070469,南亞科元大5C購07,2.29,2.08
1150820,07046U,臺股指富邦5B售03,,0.12
1150820,070470,南亞科元大5C購08,,1.82
1150820,070471,南亞科元大5C購09,,1.78
1150820,070472,南亞科元大5C購10,1.57,1.39
1150820,070473,南亞科元大5C購11,1.25,1.10
1150820,070474,南亞科元大61購09,0.95,0.88
1150820,070475,南亞科元大65購05,1.08,0.99
1150820,070476,友達元大61購14,,1.63
1150820,070477,京元電元大5C購05,0.79,1.08
1150820,070478,京元電元大61購11,,1.16
1150820,070479,可成元大5C購03,,0.33
1150820,070480,瑞軒元大5C購01,0.32,0.35
1150820,070482,晶豪科元大61購04,,0.56
1150820,070483,晶豪科元大64購02,0.72,0.82
1150820,070484,奇鋐元大5C購14,1.17,1.15
1150820,070485,奇鋐元大5C購15,,1.01
1150820,070486,奇鋐元大61購22,,0.78
1150820,070488,華晶科元大5C購01,0.41,0.49
1150820,070489,緯創元大5C購06,,1.02
1150820,070493,緯創元大5C購07,,0.89
1150820,070495,緯創元大5C購08,0.78,0.96
1150820,070496,緯創元大5C購09,,0.60
1150820,070497,緯創元大61購10,,0.64
1150820,070498,新日興元大5C購01,,0.53
1150820,070499,新日興元大65購04,0.83,0.83
1150820,070500,嘉澤元大5C購05,,0.38
1150820,070503,神達元大5C購01,,0.41
1150820,070504,日月光元大5C購10,1.23,1.52
1150820,070505,日月光元大64購01,0.80,0.83
1150820,070506,十銓元大5C購01,0.77,0.81
1150820,070507,祥碩元大61購03,0.56,0.56
1150820,070508,台郡元大5C購01,0.69,0.79
1150820,070509,康舒元大61購07,,0.87
1150820,070510,康舒元大64購01,,0.47
1150820,070511,緯穎元大5C購11,2.11,2.37
1150820,070512,緯穎元大61購13,,1.07
1150820,070514,緯穎元大65購03,1.86,1.82
1150820,070516,T50正2台新63購01,0.73,0.81
1150820,070517,中纖台新5C購01,1.10,1.16
1150820,070518,中纖台新5C購02,0.81,0.87
1150820,070519,仁寶台新5C購03,0.53,0.59
1150820,070520,仁寶台新5C購04,0.57,0.66
1150820,070521,鴻準台新5C購01,1.17,1.45
1150820,070522,英業達台新5C購02,0.62,0.69
1150820,070524,英業達台新5C購03,,0.60
1150820,070525,技嘉台新5C購01,,0.46
1150820,070526,可成台新5C購02,,0.40
1150820,070527,兆赫台新5C購01,,0.12
1150820,070528,瑞軒台新5C購01,,0.18
1150820,070531,瑞軒台新5C購02,,0.20
1150820,070532,陽明台新5C購01,1.53,1.00
1150820,070533,凱基金台新5C購01,2.96,3.43
1150820,070534,中信金台新5C購01,,1.89
1150820,070535,緯創台新5C購01,0.96,1.24
1150820,070536,緯創台新5C購02,0.99,1.31
1150820,070538,TPK台新5C購02,0.23,0.23
1150820,070539,十銓台新5C購02,1.08,1.08
1150820,070540,十銓台新61購01,3.65,3.77
1150820,070541,十銓台新63購01,,1.00
1150820,070543,康舒台新5C購02,0.23,0.35
1150820,070544,緯穎台新62購04,,1.69
1150820,070545,松川台新5C購01,2.28,2.19
1150820,070546,明基材台新5C購01,,0.48
1150820,070547,T50正2中信66購03,0.41,0.43
1150820,070548,T50反1中信66購02,0.94,0.96
1150820,070549,臺指2X中信66購01,0.35,0.36
1150820,07054U,旺宏中信5B售02,,1.22
1150820,070550,南亞中信5C購02,1.94,2.01
1150820,070551,聯電中信5C購01,0.34,0.44
1150820,070552,鴻海中信66購01,,0.42
1150820,070553,亞翔中信5C購08,,0.36
1150820,070554,和桐國泰61購01,4.33,4.11
1150820,070555,台橡國泰61購01,2.50,2.06
1150820,070556,中環國泰61購01,0.93,0.99
1150820,070557,仁寶國泰61購01,1.15,1.27
1150820,070558,英業達國泰61購01,,0.88
1150820,070559,英業達國泰61購02,,0.89
1150820,07055U,京元電中信5B售03,,0.50
1150820,070560,超豐國泰61購01,,0.83
1150820,070561,創見國泰61購01,1.21,1.37
1150820,070562,華晶科國泰61購01,,0.59
1150820,070563,TPK國泰61購01,0.55,0.50
1150820,070566,中興電群益5C購02,,0.43
1150820,070569,長興群益61購02,,0.88
1150820,070570,光寶科群益5C購06,3.09,2.93
1150820,070571,智邦群益5C購03,0.65,1.00
1150820,070572,友達群益5C購03,1.19,1.24
1150820,070573,臺企銀群益5C購01,1.05,1.17
1150820,070574,國泰金群益5C購01,,1.06
1150820,070575,玉山金群益5C購01,,1.50
1150820,070576,元大金群益5C購01,,0.82
1150820,070577,台新金群益5C購01,2.85,2.88
1150820,070578,永豐金群益5C購01,,2.44
1150820,070579,第一金群益61購01,1.77,2.02
1150820,070580,昇貿群益5C購02,,0.23
1150820,070581,新日興群益5C購03,1.38,1.38
1150820,070582,日月光群益5C購04,2.57,3.09
1150820,070583,十銓群益5C購01,,0.75
1150820,070584,乙盛群益5C購04,,0.52
1150820,070585,台表科群益5C購01,,0.49
1150820,070586,台表科群益5C購02,,0.56
1150820,070587,富世達群益5C購01,0.79,0.70
1150820,070588,富世達群益61購01,0.81,0.77
1150820,070589,松川群益5C購01,1.62,1.57
1150820,070590,T50正2永豐64購01,,0.85
1150820,070591,士電永豐61購01,0.27,0.26
1150820,070592,東元永豐61購01,0.71,0.66
1150820,070593,中興電永豐5C購01,,0.41
1150820,070594,亞力永豐5C購01,0.12,0.12
1150820,070595,華榮永豐5C購01,0.64,0.73
1150820,070596,研華永豐61購03,1.92,1.87
1150820,070597,漢唐永豐5C購03,,0.63
1150820,070598,友達永豐5C購03,0.67,0.65
1150820,070599,友達永豐5C購04,0.48,0.52
1150820,070600,晶豪科永豐5C購05,1.40,1.73
1150820,070601,玉晶光永豐61購02,0.70,0.57
1150820,070602,十銓永豐5C購03,0.85,0.88
1150820,070603,富世達永豐5C購01,,0.44
1150820,070604,富世達永豐61購01,0.62,0.56
1150820,070606,T50反1凱基61購05,0.61,0.65
1150820,070607,滬深2X凱基61購03,0.69,0.94
1150820,070608,元金2X凱基5C購03,0.82,0.70
1150820,070609,道瓊銀凱基61購06,0.58,0.54
1150820,070612,士電凱基5C購02,,0.17
1150820,070613,亞力凱基5C購02,,0.15
1150820,070614,華新凱基5C購04,,0.17
1150820,070615,中纖凱基5C購02,0.57,0.66
1150820,070616,聯電凱基61購06,0.42,0.55
1150820,070617,華通凱基5C購04,,0.19
1150820,070618,鴻海凱基5C購14,,0.31
1150820,070619,技嘉凱基61購02,,0.72
1150820,070620,微星凱基5C購04,0.50,0.68
1150820,070621,京元電凱基61購04,0.17,0.23
1150820,070623,揚博凱基5C購02,,1.00
1150820,070624,華航凱基5C購01,,0.93
1150820,070625,華南金凱基5C購01,0.96,1.23
1150820,070626,玉山金凱基5C購01,1.15,1.26
1150820,070627,元大金凱基5C購01,0.82,1.13
1150820,070628,兆豐金凱基5C購01,,1.56
1150820,070629,台新金凱基5C購01,,1.79
1150820,070630,永豐金凱基5C購01,,1.88
1150820,070633,緯創凱基5C購07,,0.84
1150820,070634,神達凱基5C購01,,0.52
1150820,070635,上緯控凱基5C購01,0.23,0.26
1150820,070636,祥碩凱基5C購03,0.33,0.49
1150820,070637,旭隼凱基61購01,1.18,1.11
1150820,070638,世紀鋼凱基5C購01,0.20,0.32
1150820,070639,臺股指凱基5C購23,,0.73
1150820,070640,臺股指凱基61購13,0.72,0.83
1150820,070641,臺股指凱基61購14,0.83,0.98
1150820,070642,FB科技富邦63購03,,0.45
1150820,070643,T50正2富邦69購01,0.69,0.70
1150820,070644,統一富邦63購01,0.80,0.71
1150820,070645,士電富邦5C購01,0.35,0.38
1150820,070647,光寶科富邦5C購04,0.89,0.80
1150820,070648,鴻海富邦5C購07,,0.34
1150820,070649,鴻海富邦64購01,,0.51
1150820,07064U,華東國票59售01,,0.06
1150820,070650,鴻海富邦66購01,0.47,0.54
1150820,070651,鴻海富邦76購01,,0.60
1150820,070652,仁寶富邦63購02,,0.54
1150820,070653,廣宇富邦61購02,,0.25
1150820,070654,台積電富邦64購03,,0.75
1150820,070655,英業達富邦5C購02,,0.32
1150820,070657,強茂富邦62購01,0.44,0.43
1150820,070658,凱基金富邦61購01,0.81,0.94
1150820,070659,玉山金富邦5C購01,,1.36
1150820,070660,永豐金富邦5C購02,,2.15
1150820,070661,日月光富邦5C購05,,0.62
1150820,070662,中磊富邦62購01,0.24,0.33
1150820,070663,富世達富邦62購01,0.53,0.50
1150820,070664,T50反1國票5C購02,,0.99
1150820,070665,國喬國票61購01,,0.41
1150820,070666,國喬國票61購02,,0.40
1150820,070667,中興電國票61購01,0.60,0.64
1150820,070668,中纖國票61購01,0.65,0.70
1150820,070669,中纖國票61購02,0.51,0.55
1150820,070670,仁寶國票61購02,,0.73
1150820,070671,強茂國票5C購02,0.58,0.65
1150820,070672,長榮國票61購01,1.11,0.96
1150820,070674,台郡國票61購01,0.58,0.68
1150820,070675,台表科國票61購01,,0.45
1150820,070677,富世達國票61購01,,0.35
1150820,070678,勤誠國票5C購01,0.23,0.44
1150820,070679,勤誠國票5C購02,,0.34
1150820,070680,富鼎國票61購02,0.79,0.92
1150820,070681,美德醫國票5C購01,,0.83
1150820,070682,臺股指國票5C購02,,0.81
1150820,070683,臺股指國票5C購03,,1.16
1150820,070684,台灣50台新5C購03,0.78,0.87
1150820,070685,台聚台新5C購01,,0.55
1150820,070686,三芳台新5C購01,0.77,0.89
1150820,070687,國喬台新5C購01,0.43,0.47
1150820,070688,國喬台新5C購02,,0.43
1150820,070689,聯成台新5C購01,,0.87
1150820,070690,台化台新5C購01,1.66,1.84
1150820,070693,東元台新5C購01,0.66,0.62
1150820,070694,亞力台新5C購01,,0.26
1150820,070695,光寶科台新5C購03,1.80,1.81
1150820,070696,光寶科台新5C購04,0.88,0.88
1150820,070699,光寶科台新5C購05,1.43,1.32
1150820,070700,大同台新5C購02,0.41,0.38
1150820,070701,瑞昱台新5C購01,2.23,2.79
1150820,070704,瑞昱台新5C購02,1.87,2.30
1150820,070705,研華台新5C購01,3.11,2.99
1150820,070706,保瑞統一5A購01,0.05,0.04
1150820,070707,揚博台新5C購01,,2.23
1150820,070708,揚博台新5C購02,1.10,1.10
1150820,070710,凱基金台新5C購02,2.42,2.75
1150820,070711,今國光台新5C購01,0.42,0.56
1150820,070714,康舒台新5C購03,,0.21
1150820,070715,旭隼台新5C購01,3.95,3.79
1150820,070716,旭隼台新5C購02,3.01,2.84
1150820,070717,旭隼台新5C購03,2.48,2.37
1150820,070718,AES台新5C購01,0.69,0.78
1150820,070719,AES台新5C購02,,0.66
1150820,070720,AES台新5C購03,,0.55
1150820,070721,雲豹台新5C購01,,0.28
1150820,070722,臺股指台新5C購04,0.28,0.37
1150820,070723,臺股指台新5C購05,,0.86
1150820,070724,臺股指台新5C購06,0.49,0.56
1150820,070725,國喬元大5C購01,,0.57
1150820,070726,國喬元大5C購02,0.35,0.37
1150820,070727,國喬元大5C購03,0.38,0.39
1150820,070728,東元元大5C購02,1.00,0.87
1150820,070729,東元元大5C購03,0.39,0.36
1150820,070730,中興電元大5C購01,0.38,0.41
1150820,070731,中興電元大65購01,0.63,0.64
1150820,070732,亞力元大5C購01,0.26,0.30
1150820,070733,華城元大5C購02,0.48,0.49
1150820,070735,華城元大61購07,0.38,0.38
1150820,070736,華城元大66購01,0.40,0.38
1150820,070737,華新元大5C購04,,1.18
1150820,070738,華新元大64購01,0.99,0.98
1150820,070739,光寶科元大5C購06,1.70,1.77
1150820,070741,光寶科元大61購11,,1.42
1150820,070742,聯電元大5C購19,,0.85
1150820,070743,聯電元大5C購20,0.69,0.90
1150820,070744,聯電元大5C購21,0.98,1.15
1150820,070745,聯電元大5C購22,0.64,0.78
1150820,070746,華通元大5C購12,0.79,0.67
1150820,070747,華通元大5C購13,0.95,0.93
1150820,070748,華通元大61購12,0.57,0.54
1150820,070749,華通元大64購03,0.44,0.42
1150820,070750,鴻海元大61購25,,0.73
1150820,070751,台積電元大61購44,0.38,0.44
1150820,070752,智邦元大5C購09,0.56,0.74
1150820,070753,技嘉元大5C購06,0.43,0.58
1150820,070754,微星元大5C購03,0.54,0.70
1150820,070755,微星元大65購03,0.60,0.72
1150820,070756,友達元大5C購06,,1.42
1150820,070759,友達元大5C購07,1.14,1.17
1150820,070760,友達元大61購15,0.91,0.97
1150820,070761,強茂元大5C購06,0.86,0.91
1150820,070762,強茂元大5C購07,0.79,0.86
1150820,070763,強茂元大5C購08,0.57,0.67
1150820,070764,強茂元大64購01,0.64,0.66
1150820,070765,強茂元大65購01,,0.59
1150820,070766,宏達電元大5C購02,,0.40
1150820,070767,富邦金元大5C購01,,0.89
1150820,070768,晶豪科元大5C購01,,1.06
1150820,070769,晶豪科元大61購05,0.65,0.74
1150820,070770,晟銘電元大5C購01,,0.09
1150820,070771,奇鋐元大61購23,,1.82
1150820,070772,緯創元大5C購10,1.13,1.41
1150820,070773,緯創元大5C購11,1.22,1.50
1150820,070774,緯創元大61購11,0.94,1.17
1150820,070775,昇貿元大5C購03,,0.29
1150820,070776,新日興元大5C購02,0.91,0.94
1150820,070777,神達元大5C購02,0.46,0.55
1150820,070778,日月光元大61購02,1.36,1.52
1150820,070779,亞翔元大5C購03,1.45,1.81
1150820,070780,亞翔元大64購03,1.16,1.34
1150820,070781,台郡元大5C購02,1.05,1.17
1150820,070782,台表科元大5C購01,0.46,0.42
1150820,070783,康舒元大5C購02,0.32,0.41
1150820,070784,康舒元大5C購03,,0.20
1150820,070785,康舒元大61購08,0.31,0.37
1150820,070786,康舒元大64購02,,0.41
1150820,070787,緯穎元大5C購12,2.06,2.09
1150820,070788,緯穎元大5C購13,0.99,1.00
1150820,070789,緯穎元大61購14,2.97,2.94
1150820,070790,緯穎元大65購04,,1.56
1150820,070791,AES元大61購05,,0.83
1150820,070792,AES元大64購03,0.76,0.85
1150820,070793,富世達元大5C購02,0.72,0.69
1150820,070794,富鼎元大5C購03,2.04,1.99
1150820,070795,晶豪科中信5C購01,0.71,0.84
1150820,070796,緯創中信5C購01,0.59,0.74
1150820,070797,臺股指中信63購11,,0.46
1150820,070798,聯電永豐5C購04,,0.55
1150820,070799,瑞昱永豐61購01,,1.10
1150820,070800,友達永豐61購05,0.75,0.75
1150820,070801,京元電永豐61購03,0.69,0.81
1150820,070802,晶豪科永豐5C購06,1.29,1.55
1150820,070803,晶豪科永豐61購01,,1.27
1150820,070804,晶豪科永豐64購01,1.52,1.74
1150820,070805,奇鋐永豐5C購10,,1.41
1150820,070806,緯創永豐61購03,1.38,1.58
1150820,070807,新日興永豐5C購02,,0.27
1150820,070808,十銓永豐5C購04,1.08,1.10
1150820,070809,台表科永豐61購01,,0.48
1150820,070810,啟碁永豐61購03,,0.65
1150820,070811,旭隼永豐64購01,1.41,1.35
1150820,070812,GIS永豐64購01,,0.34
1150820,070813,T50正2凱基5C購07,0.71,0.80
1150820,070814,東元凱基5C購02,,0.32
1150820,070815,華新凱基5C購05,,0.45
1150820,070816,光寶科凱基5C購06,0.74,0.71
1150820,070817,智邦凱基63購01,,0.46
1150820,070818,英業達凱基64購02,,0.52
1150820,070819,技嘉凱基64購03,0.42,0.51
1150820,07081U,旺宏國票59售01,,0.10
1150820,070820,億光凱基5C購01,0.69,0.58
1150820,070821,友達凱基5C購03,,0.42
1150820,070822,第一金凱基5C購01,,1.26
1150820,070823,晶豪科凱基5C購03,,0.62
1150820,070824,奇鋐凱基5C購05,0.82,0.88
1150820,070825,增你強凱基5C購01,,0.49
1150820,070826,緯創凱基5C購08,0.53,0.70
1150820,070828,新日興凱基5C購04,,0.18
1150820,070829,日月光凱基5C購05,,0.61
1150820,07082U,旺宏國票5B售02,,0.20
1150820,070830,十銓凱基5C購04,,0.40
1150820,070831,亞翔凱基5C購02,,0.54
1150820,070832,台郡凱基5C購03,,0.35
1150820,070833,台表科凱基5C購01,0.24,0.22
1150820,070834,康舒凱基5C購03,,0.23
1150820,070835,康舒凱基5C購04,,0.28
1150820,070836,康舒凱基61購02,,0.23
1150820,070837,旭隼凱基5C購02,0.81,0.75
1150820,070838,旭隼凱基5C購03,0.90,0.85
1150820,070839,緯穎凱基61購05,0.86,0.89
1150820,070840,富世達凱基5C購01,0.32,0.33
1150820,070841,富世達凱基5C購02,0.28,0.26
1150820,070842,富世達凱基5C購03,0.41,0.40
1150820,070843,富世達凱基5C購04,,0.47
1150820,070845,松川凱基5C購02,0.58,0.59
1150820,070846,至上凱基5C購01,,0.57
1150820,070847,勤誠凱基5C購04,,0.31
1150820,070848,富鼎凱基5C購01,0.46,0.58
1150820,070849,臺股指凱基5C購24,0.79,0.87
1150820,070850,臺股指凱基63購17,0.65,0.72
1150820,070851,滬深2X群益5C購01,,2.32
1150820,070852,元金2X群益5C購03,1.03,0.83
1150820,070853,道瓊銀群益62購09,,1.94
1150820,070854,聯電群益5C購02,1.13,1.52
1150820,070855,華通群益5C購04,1.62,1.54
1150820,070856,台積電群益5C購12,1.64,1.84
1150820,070857,台積電群益5C購13,,1.45
1150820,070858,微星群益65購01,,1.11
1150820,070859,瑞昱群益5C購01,1.42,1.57
1150820,070860,興勤群益5C購01,0.76,0.52
1150820,070861,京元電群益62購03,0.86,1.04
1150820,070862,瑞軒群益5C購01,0.22,0.28
1150820,070863,富邦金群益61購02,1.31,1.46
1150820,070864,國泰金群益61購02,0.76,0.90
1150820,070865,中信金群益5C購01,,1.14
1150820,070866,晶豪科群益5C購06,3.50,3.70
1150820,070867,晟銘電群益5C購02,,0.23
1150820,070868,亞光群益5C購01,0.36,0.40
1150820,070869,神達群益62購01,,1.02
1150820,070870,康舒群益5C購02,,0.60
1150820,070871,GIS群益5C購01,0.47,0.41
1150820,070873,友達富邦5C購04,,0.60
1150820,070874,揚博富邦5C購01,0.69,1.22
1150820,070875,國泰金富邦61購01,,0.89
1150820,070877,至上富邦5C購02,0.69,0.75
1150820,070878,儒鴻國票5C購01,0.53,0.78
1150820,070879,士電國票5C購01,,0.51
1150820,070882,東元國票5C購02,0.68,0.61
1150820,070883,中興電國票61購02,,0.72
1150820,070884,華新國票5C購02,,0.76
1150820,070885,東鹼國票61購02,,0.84
1150820,070886,台玻國票61購01,,0.50
1150820,070887,金寶國票61購01,,0.49
1150820,070888,楠梓電國票61購02,,0.52
1150820,070889,中環國票5C購01,,0.71
1150820,070890,中環國票5C購02,,0.47
1150820,070891,佳世達國票61購01,0.69,0.76
1150820,070892,技嘉國票5C購03,0.70,0.90
1150820,070893,漢唐國票61購01,,0.55
1150820,070894,友達國票5C購01,,0.86
1150820,070895,友達國票5C購02,0.78,0.87
1150820,070896,建準國票61購01,,0.54
1150820,070897,京元電國票5C購03,,0.64
1150820,070898,陽明國票5C購01,1.41,0.98
1150820,070899,長榮航國票5C購01,1.43,1.54
1150820,070900,長榮航國票5C購02,1.18,1.31
1150820,070901,奇鋐國票61購02,0.99,1.06
1150820,070902,信邦國票61購01,0.68,0.68
1150820,070903,增你強國票61購01,,0.52
1150820,070904,華晶科國票61購01,,0.58
1150820,070905,緯創國票61購02,,0.91
1150820,070906,大銀國票61購01,0.60,0.77
1150820,070907,康普國票61購01,,0.34
1150820,070908,致伸國票61購01,0.33,0.37
1150820,070909,中磊國票61購01,,0.85
1150820,070910,飛捷國票61購01,0.69,0.81
1150820,070912,旭隼國票61購01,1.01,0.99
1150820,070913,旭隼國票61購02,0.70,0.69
1150820,070916,惠特國票61購02,,0.17
1150820,070917,松川國票61購01,0.95,0.95
1150820,070918,東鹼台新5C購01,1.41,1.36
1150820,070919,東鹼台新5C購02,0.92,0.94
1150820,070920,中鋼台新5C購01,0.88,0.91
1150820,070921,金寶台新5C購01,,0.41
1150820,070922,群光台新5C購01,0.27,0.29
1150820,070923,友達台新5C購04,,1.61
1150820,070924,友達台新5C購05,,1.19
1150820,070925,國泰金台新5C購01,1.35,1.62
1150820,070927,新日興台新5C購05,,0.36
1150820,070928,旭隼台新5C購04,1.61,1.56
1150820,070929,旭隼台新62購01,3.19,3.06
1150820,070930,GIS台新5C購01,0.76,0.67
1150820,070931,世紀鋼台新5C購01,,0.72
1150820,070932,世紀鋼台新5C購02,0.43,0.62
1150820,070933,T50正2國泰61購01,1.00,1.12
1150820,070934,T50反1國泰61購01,0.96,1.02
1150820,070935,T50反1國泰61購02,0.65,0.70
1150820,070936,金寶國泰61購01,,0.93
1150820,070937,鴻海國泰61購02,,1.34
1150820,070938,鴻海國泰62購01,,1.23
1150820,070939,鴻海國泰63購01,,1.30
1150820,070940,瑞昱國泰62購01,2.34,2.70
1150820,070941,友達國泰61購01,1.04,1.12
1150820,070942,神達國泰62購01,1.46,1.58
1150820,070943,大銀國泰61購01,1.48,1.45
1150820,070944,台郡國泰62購01,,1.83
1150820,070945,泓德國泰61購01,0.47,0.68
1150820,070946,台灣50元大64購03,1.09,1.19
1150820,070947,台灣50元大65購01,0.96,1.03
1150820,070948,台股增元大61購01,0.87,0.92
1150820,070949,士電元大5C購02,0.45,0.47
1150820,070950,東元元大5C購04,1.36,1.18
1150820,070951,華城元大61購08,1.11,1.00
1150820,070952,華新元大5C購05,,1.28
1150820,070953,華新元大64購02,0.90,0.94
1150820,070954,東鹼元大5C購01,0.91,0.88
1150820,070955,聯電元大5C購23,0.76,0.98
1150820,070956,聯電元大5C購24,,0.62
1150820,070957,金寶元大5C購01,0.46,0.74
1150820,070958,金寶元大5C購02,,0.76
1150820,070959,華通元大5C購14,0.96,0.92
1150820,070960,華通元大61購13,1.09,1.00
1150820,070961,華通元大64購04,,0.46
1150820,070962,台積電元大61購45,0.67,0.73
1150820,070963,台積電元大64購14,0.62,0.65
1150820,070964,英業達元大5C購07,1.08,1.18
1150820,070965,所羅門元大5C購01,0.80,0.78
1150820,070966,技嘉元大5C購07,1.22,1.35
1150820,070967,微星元大5C購04,,1.06
1150820,070968,漢唐元大61購04,,0.86
1150820,070969,漢唐元大64購03,0.79,0.88
1150820,070970,漢唐元大65購01,0.62,0.69
1150820,070971,京元電元大5C購06,0.32,0.45
1150820,070972,京元電元大61購12,,1.08
1150820,070973,神基元大5C購02,0.66,0.66
1150820,070974,晶豪科元大5C購02,1.49,1.53
1150820,070975,晶豪科元大5C購03,0.81,0.92
1150820,070976,奇鋐元大5C購16,,1.58
1150820,070977,奇鋐元大61購24,,1.03
1150820,070978,智原元大61購02,1.29,1.31
1150820,070979,益登元大5C購01,,0.92
1150820,070980,華晶科元大5C購02,0.62,0.71
1150820,070981,緯創元大5C購12,1.45,1.79
1150820,070982,緯創元大5C購13,,1.84
1150820,070983,緯創元大61購12,1.62,1.90
1150820,070984,新日興元大5C購03,0.82,0.84
1150820,070985,新日興元大5C購04,0.66,0.70
1150820,070986,新日興元大5C購05,0.37,0.40
1150820,070987,嘉澤元大5C購06,0.34,0.65
1150820,070988,嘉澤元大5C購07,0.27,0.50
1150820,070989,日月光元大61購03,1.08,1.34
1150820,070990,十銓元大5C購02,0.71,0.75
1150820,070991,祥碩元大5C購03,0.71,0.74
1150820,070992,祥碩元大61購04,0.83,0.83
1150820,070993,祥碩元大64購01,0.70,0.70
1150820,070994,中磊元大5C購01,0.46,0.83
1150820,070995,亞翔元大5C購04,0.61,0.84
1150820,070996,亞翔元大64購04,1.70,2.00
1150820,070997,康舒元大5C購04,,0.77
1150820,070998,康舒元大5C購05,,0.34
1150820,070999,康舒元大61購09,0.25,0.31
1150820,071000,旭隼元大5C購01,1.89,1.83
1150820,071001,旭隼元大5C購02,1.80,1.76
1150820,071002,旭隼元大5C購03,2.73,2.62
1150820,071003,旭隼元大5C購04,,2.29
1150820,071004,緯穎元大61購15,2.86,2.85
1150820,071006,緯穎元大64購02,1.26,1.21
1150820,071007,AES元大64購04,0.82,0.90
1150820,071008,富世達元大5C購03,,0.82
1150820,071009,富世達元大64購01,1.00,0.83
1150820,071010,長華元大5C購01,0.60,0.61
1150820,071011,長華元大5C購02,,0.78
1150820,071012,至上元大61購07,1.03,1.06
1150820,071013,士電國泰62購01,1.17,1.19
1150820,071014,矽格國泰61購01,1.22,1.36
1150820,071015,聯電中信5C購02,0.41,0.49
1150820,071016,國泰金中信5C購01,0.38,0.49
1150820,071017,晶技永豐64購01,0.50,0.48
1150820,071018,永光國票61購02,,0.53
1150820,071019,和桐國票61購01,0.89,0.83
1150820,071020,大成鋼國票61購01,1.42,1.24
1150820,071021,光寶科國票61購02,1.77,1.67
1150820,071022,菱生國票61購01,,1.02
1150820,071023,晶技國票61購01,0.66,0.63
1150820,071025,樺漢國票61購01,1.12,1.60
1150820,071026,松川國票61購02,0.73,0.63
1150820,071027,宇瞻國票61購01,1.10,1.16
1150820,071028,新日興統一5A購02,,0.02
1150820,071029,誠美材台新5C購01,0.16,0.22
1150820,07102U,勤誠富邦59售02,,0.04
1150820,071030,鴻海群益5C購18,,1.06
1150820,071031,台積電群益5C購14,1.42,1.56
1150820,071032,台積電群益5C購15,,1.29
1150820,071033,晶技群益5C購02,0.68,0.68
1150820,071034,宇瞻群益5C購01,1.48,1.67
1150820,071035,美時富邦62購01,0.62,0.58
1150820,071037,研華富邦62購03,1.20,1.08
1150820,071038,漢唐富邦62購02,0.56,0.69
1150820,071041,京元電富邦62購02,,0.45
1150820,071042,長榮富邦63購01,0.37,0.29
1150820,071043,奇鋐富邦63購01,0.59,0.59
1150820,071044,晶技富邦5C購01,0.31,0.29
1150820,071046,昇貿富邦63購02,,0.20
1150820,071047,新日興富邦63購01,,0.38
1150820,071048,玉晶光富邦62購02,0.63,0.53
1150820,071049,嘉澤富邦62購02,0.31,0.47
1150820,071050,定穎控富邦62購01,,0.26
1150820,071051,祥碩富邦63購01,0.69,0.69
1150820,071052,精成科富邦62購01,,0.49
1150820,071053,啟碁富邦62購04,,0.50
1150820,071054,啟碁富邦62購05,,0.53
1150820,071055,AES富邦62購03,0.63,0.78
1150820,071056,富鼎富邦62購01,0.69,0.76
1150820,071057,士電元大64購01,0.73,0.73
1150820,071058,瑞昱元大5C購01,1.65,2.08
1150820,071059,晶技元大5C購01,,0.67
1150820,071060,大銀元大5C購02,0.66,0.72
1150820,071061,聯發科永豐5A購01,8.70,10.09
1150820,071062,儒鴻凱基5C購01,,0.79
1150820,071065,永光凱基5C購02,,0.32
1150820,071066,永光凱基5C購03,,0.17
1150820,071067,台玻凱基5C購05,,0.45
1150820,071068,聯電凱基5C購08,,0.62
1150820,071070,鴻海凱基5C購16,0.43,0.55
1150820,071071,所羅門凱基5C購02,0.92,0.87
1150820,071072,菱生凱基5C購02,,0.67
1150820,071073,技嘉凱基5C購02,,0.75
1150820,071074,微星凱基5C購05,0.70,0.96
1150820,071075,漢唐凱基5C購04,0.57,0.74
1150820,071076,京元電凱基5C購07,,0.39
1150820,071077,鉅祥凱基5C購01,,0.80
1150820,071078,陽明凱基5C購01,0.97,0.63
1150820,071079,晶豪科凱基5C購04,,0.73
1150820,071080,奇鋐凱基5C購06,,1.33
1150820,071081,智原凱基5C購04,,0.44
1150820,071082,晶技凱基5C購01,0.37,0.36
1150820,071083,晶技凱基5C購02,0.44,0.40
1150820,071084,華晶科凱基5C購03,0.32,0.37
1150820,071085,嘉澤凱基61購03,0.10,0.12
1150820,071086,十銓凱基5C購05,,0.46
1150820,071087,祥碩凱基5C購04,0.75,0.79
1150820,071088,中磊凱基5C購01,0.35,0.56
1150820,071090,康舒凱基5C購05,,0.40
1150820,071091,啟碁凱基61購06,,0.47
1150820,071093,AES凱基63購01,0.62,0.71
1150820,071094,宇瞻凱基5C購01,0.67,0.69
1150820,071095,群高息中信66購01,,0.52
1150820,071096,華邦電中信5C購01,0.57,0.61
1150820,071097,台新金中信5C購01,,1.07
1150820,071098,聯詠中信5C購01,,0.74
1150820,071099,智原中信66購01,,0.41
1150820,071100,神達中信66購01,0.37,0.39
1150820,071101,台積電國泰61購01,1.79,1.95
1150820,071102,台積電國泰61購02,1.37,1.51
1150820,071103,華邦電國泰61購03,1.60,1.54
1150820,071104,晶技國泰61購01,0.93,0.90
1150820,071105,日月光國泰61購02,1.56,1.98
1150820,071106,東台國泰61購01,,0.52
1150820,071107,松川國泰61購01,1.29,1.26
1150820,071108,上銀永豐61購02,1.34,1.30
1150820,071109,鴻海永豐5C購06,,0.74
1150820,071110,鴻海永豐67購02,0.49,0.56
1150820,071111,華邦電永豐5C購03,1.20,1.20
1150820,071112,華邦電永豐64購02,1.23,1.22
1150820,071113,華邦電永豐66購01,1.24,1.21
1150820,071114,聯強永豐64購01,0.82,0.98
1150820,071115,所羅門永豐64購01,1.33,1.25
1150820,071116,燿華永豐61購02,,0.65
1150820,071117,漢唐永豐61購02,,0.72
1150820,071118,興勤永豐64購01,0.84,0.64
1150820,071119,華航永豐63購01,1.38,1.62
1150820,071120,奇鋐永豐5C購11,1.80,1.82
1150820,071121,聯詠永豐61購02,1.98,2.24
1150820,071122,玉晶光永豐61購03,,0.49
1150820,071123,智易永豐64購01,0.56,0.69
1150820,071124,日月光永豐61購03,0.87,1.06
1150820,071126,十銓永豐64購02,1.03,1.10
1150820,071127,采鈺永豐61購01,,0.58
1150820,071128,松川永豐64購01,1.29,1.04
1150820,071129,松川永豐66購01,1.16,1.00
1150820,071130,宇瞻永豐61購01,1.01,1.05
1150820,071131,華城群益5C購03,1.20,1.05
1150820,071132,技嘉群益5C購05,1.30,1.46
1150820,071133,微星群益62購01,0.82,1.06
1150820,071134,漢唐群益65購01,0.83,0.98
1150820,071135,京元電群益5C購06,0.68,0.83
1150820,071136,臺企銀群益61購01,,1.00
1150820,071137,富邦金群益61購03,0.69,0.73
1150820,071138,國泰金群益61購03,,0.55
1150820,071139,台新金群益61購01,1.84,1.99
1150820,071140,晶豪科群益5C購07,5.60,5.47
1150820,071141,奇鋐群益5C購01,6.00,5.17
1150820,071142,中磊群益64購01,0.60,0.86
1150820,071143,啟碁群益5C購03,,0.82
1150820,071144,AES群益61購02,0.57,0.72
1150820,071145,臺指2X富邦5C購03,0.60,0.66
1150820,071146,聚陽富邦62購01,0.48,0.57
1150820,071147,亞力富邦62購01,0.40,0.42
1150820,071148,亞德客富邦62購01,0.83,0.96
1150820,071149,大成鋼富邦62購01,0.92,0.84
1150820,071150,所羅門富邦62購02,0.74,0.70
1150820,071151,兆赫富邦62購01,,0.16
1150820,071152,陽明富邦63購01,0.70,0.58
1150820,071153,中信金富邦5C購02,0.60,0.80
1150820,071154,智原富邦5C購03,,0.52
1150820,071155,華晶科富邦62購01,,0.47
1150820,071156,達興富邦62購01,,0.24
1150820,071157,乙盛富邦5C購01,0.24,0.26
1150820,071158,佳必琪富邦62購01,0.52,0.60
1150820,071160,宇瞻富邦5C購02,0.59,0.61
1150820,071161,東聯凱基5C購01,0.59,0.54
1150820,071162,光寶科凱基5C購07,0.94,0.92
1150820,071163,聯電凱基5C購09,,0.43
1150820,071164,鴻海凱基5C購17,,0.55
1150820,071165,鴻海凱基5C購18,,0.59
1150820,071166,華邦電凱基5C購08,0.62,0.59
1150820,071167,智邦凱基5C購06,0.57,0.76
1150820,071168,所羅門凱基5C購03,0.48,0.43
1150820,071169,瑞昱凱基5C購01,0.70,0.92
1150820,071170,瑞昱凱基5C購02,0.72,0.92
1150820,071171,友達凱基61購06,,0.75
1150820,071172,強茂凱基5C購02,0.45,0.48
1150820,071173,臺企銀凱基5C購01,0.81,0.85
1150820,071174,富邦金凱基5C購01,,0.66
1150820,071176,神基凱基61購01,,0.72
1150820,071177,緯創凱基5C購09,,1.01
1150820,071178,玉晶光凱基5C購02,0.34,0.28
1150820,071179,嘉澤凱基5C購01,,0.21
1150820,07117U,力積電國票59售01,,0.13
1150820,071180,日月光凱基5C購06,,0.89
1150820,071181,大銀凱基5C購01,0.57,0.58
1150820,071182,亞翔凱基5C購03,,0.83
1150820,071183,樺漢凱基61購01,0.48,0.73
1150820,071184,緯穎凱基61購06,1.31,1.29
1150820,071185,AES凱基5C購02,0.66,0.77
1150820,071186,意騰凱基61購01,,0.12
1150820,071187,華東凱基5C購01,,0.37
1150820,071188,南茂凱基5C購04,,0.54
1150820,071189,勤誠凱基5C購05,,0.12
1150820,071190,T50正2台新5C購09,1.27,1.42
1150820,071191,T50正2台新5C購10,1.13,1.26
1150820,071192,T50正2台新63購02,1.25,1.25
1150820,071193,T50反1台新5C購01,,1.24
1150820,071194,滬深2X台新66購01,2.23,2.64
1150820,071195,東陽台新5C購01,0.63,0.60
1150820,071197,永光台新5C購01,0.88,0.76
1150820,071198,美時台新5C購01,1.39,1.27
1150820,071200,美律台新5C購01,0.71,0.80
1150820,071201,富邦金台新5C購01,,2.34
1150820,071202,富邦金台新5C購02,,1.73
1150820,071203,國泰金台新5C購02,0.62,0.74
1150820,071204,凱基金台新5C購03,1.85,2.18
1150820,071205,玉山金台新5C購01,2.85,3.08
1150820,071206,玉晶光台新5C購01,0.79,0.70
1150820,071207,玉晶光台新5C購02,0.88,0.89
1150820,071208,玉晶光台新63購01,,0.51
1150820,071209,緯穎台新5C購07,2.55,2.31
1150820,071210,緯穎台新5C購08,7.30,7.16
1150820,071211,緯穎台新5C購09,,2.32
1150820,071212,華東台新5C購01,0.83,0.94
1150820,071214,聯電國票5C購02,0.51,0.85
1150820,071215,聯電國票5C購03,0.55,0.72
1150820,071217,仁寶國票61購03,,0.91
1150820,071218,台積電國票5C購01,1.26,1.37
1150820,071219,台積電國票5C購02,1.14,1.24
1150820,071220,台積電國票5C購03,1.21,1.36
1150820,071222,聯強國票61購01,0.53,0.70
1150820,071223,英業達國票61購02,,1.05
1150820,071224,瑞昱國票5C購01,1.51,1.82
1150820,071225,瑞昱國票5C購02,1.20,1.61
1150820,071226,友達國票5C購03,,1.50
1150820,071227,鉅祥國票5C購01,,0.63
1150820,071228,鉅祥國票5C購02,,0.88
1150820,071229,富邦金國票5C購01,1.06,1.17
1150820,07122U,T50正2中信5B售03,,0.18
1150820,071230,晶技國票61購02,0.40,0.41
1150820,071231,華擎國票61購01,,0.84
1150820,071232,東台國票61購01,,0.34
1150820,071233,康普國票61購02,0.17,0.21
1150820,071234,正文國票61購01,,0.39
1150820,071235,誠美材國票61購01,0.16,0.16
1150820,071237,邁達特國票61購01,,0.67
1150820,071238,豐藝國票61購01,0.40,0.45
1150820,071239,帆宣國票61購01,,0.89
1150820,071240,樺漢國票61購02,0.93,1.27
1150820,071241,虎航國票5C購01,1.57,1.54
1150820,071242,南茂國票61購01,,0.54
1150820,071243,可寧衛國票61購01,0.56,0.60
1150820,071244,宏全國票5C購01,0.78,0.89
1150820,071245,世紀鋼國票5C購01,,0.59
1150820,071246,世紀鋼國票5C購02,0.52,0.68
1150820,071247,光寶科元大5C購08,,2.27
1150820,071248,光寶科元大5C購09,2.64,2.59
1150820,071249,聯電元大5C購25,,0.62
1150820,071250,聯電元大5C購26,0.75,0.86
1150820,071251,聯電元大64購03,0.56,0.59
1150820,071252,華通元大61購14,,0.27
1150820,071253,鴻海元大61購26,,1.23
1150820,071254,台積電元大61購46,0.92,0.97
1150820,071255,華邦電元大5C購13,1.59,1.50
1150820,071256,華邦電元大5C購14,,1.31
1150820,071257,華邦電元大5C購15,0.78,0.76
1150820,071258,華邦電元大5C購16,,0.65
1150820,071259,智邦元大5C購10,0.71,0.94
1150820,07125U,臺股指中信59售11,,0.01
1150820,071260,漢唐元大5C購06,0.47,0.61
1150820,071261,漢唐元大64購04,0.76,0.90
1150820,071262,友達元大5C購08,1.31,1.29
1150820,071263,友達元大5C購09,,0.87
1150820,071264,友達元大5C購10,0.66,0.66
1150820,071265,友達元大64購05,,0.67
1150820,071266,京元電元大61購13,1.02,1.22
1150820,071267,晶豪科元大5C購04,1.45,1.56
1150820,071268,晶豪科元大66購02,,0.84
1150820,071269,奇鋐元大61購25,,1.71
1150820,071270,緯創元大5C購14,1.54,1.88
1150820,071271,日月光元大5C購11,1.64,1.87
1150820,071272,日月光元大65購02,0.97,1.02
1150820,071273,亞翔元大5C購05,,2.02
1150820,071274,亞翔元大5C購06,1.82,2.13
1150820,071275,康舒元大5C購06,,0.81
1150820,071276,松川元大5C購01,1.16,1.21
1150820,071277,台灣50中信64購03,0.54,0.55
1150820,071278,鴻海中信64購01,,0.41
1150820,071279,華邦電中信62購01,0.93,0.88
1150820,071280,技嘉中信5C購01,,0.61
1150820,071282,台灣50凱基61購05,1.07,1.20
1150820,071283,T50正2凱基5C購08,0.95,1.00
1150820,071284,T50正2凱基61購05,0.83,0.89
1150820,071285,元黃金凱基5C購07,1.08,0.91
1150820,071286,元金2X凱基5C購04,1.31,1.14
1150820,071287,道瓊銀凱基5C購06,0.99,0.89
1150820,071288,華城凱基5C購03,0.76,0.74
1150820,071289,華通凱基5C購05,,0.24
1150820,071290,鴻海凱基5C購19,,0.73
1150820,071291,仁寶凱基5C購04,0.65,0.67
1150820,071292,華邦電凱基61購04,0.57,0.58
1150820,071293,聯強凱基61購01,,0.57
1150820,071294,英業達凱基5C購03,,0.41
1150820,071295,矽統凱基5C購02,0.36,0.43
1150820,071296,技嘉凱基5C購03,,0.73
1150820,071297,微星凱基65購01,0.64,0.80
1150820,071298,威盛凱基5C購02,0.72,0.94
1150820,071299,漢唐凱基63購04,0.51,0.60
1150820,071300,京元電凱基5C購08,0.34,0.43
1150820,071301,華固凱基5C購01,0.48,0.50
1150820,071302,晶豪科凱基63購01,,0.69
1150820,071303,奇鋐凱基61購08,0.92,1.08
1150820,071304,晶技凱基61購01,0.33,0.30
1150820,071305,帆宣凱基61購01,,0.48
1150820,071306,康舒凱基64購02,0.34,0.37
1150820,071307,啟碁凱基61購07,,0.31
1150820,071308,虎航凱基5C購01,,0.81
1150820,071309,松川凱基61購01,0.50,0.50
1150820,071310,至上凱基61購03,0.63,0.67
1150820,071311,T50正2國泰61購02,1.18,1.29
1150820,071312,晶技國泰62購01,0.93,0.90
1150820,071313,帆宣國泰61購02,,1.43
1150820,071314,東陽永豐61購01,0.34,0.33
1150820,071316,友達永豐64購02,1.53,1.56
1150820,071317,昇貿永豐61購01,,0.57
1150820,071318,上銀統一62購01,,0.26
1150820,071319,潤泰新永豐61購01,1.70,1.43
1150820,071320,華固群益61購01,0.57,0.63
1150820,071321,樺漢群益5C購01,,1.96
1150820,071323,裕民統一5C購01,0.20,0.19
1150820,071325,慧洋統一5C購01,0.53,0.44
1150820,071326,樺漢群益5C購02,,1.79
1150820,071327,松川群益5C購02,0.84,1.03
1150820,071328,T50正2富邦5C購02,,0.92
1150820,071331,T50反1富邦63購06,0.93,0.95
1150820,071333,T50反1富邦66購05,0.68,0.70
1150820,071334,光寶科富邦5C購05,1.60,1.43
1150820,071335,鴻海富邦62購02,,0.46
1150820,071338,大銀統一5A購01,0.70,0.70
1150820,071339,大銀統一62購01,0.49,0.55
1150820,071340,技嘉富邦66購01,0.70,0.77
1150820,071341,友達富邦66購01,0.90,0.89
1150820,071342,慧洋富邦62購02,1.06,0.88
1150820,071344,台新金富邦76購01,1.19,1.20
1150820,071345,永豐金富邦76購01,,1.24
1150820,071346,中信金富邦76購01,0.69,0.77
1150820,071347,玉晶光富邦63購01,,0.52
1150820,071348,日月光富邦5C購06,0.93,1.06
1150820,071349,正文富邦5C購01,,0.30
1150820,071350,眾達富邦5C購01,0.34,0.31
1150820,071351,台郡富邦5C購01,,0.48
1150820,071352,臺股指富邦5C購21,0.92,1.01
1150820,071353,臺股指富邦66購09,,1.14
1150820,071354,臺股指富邦66購10,,1.21
1150820,071355,金寶國票61購02,0.46,0.58
1150820,071356,矽統國票61購01,0.64,0.79
1150820,071357,佳能國票61購01,,0.94
1150820,071358,美律國票61購01,0.38,0.36
1150820,071359,瑞軒國票61購02,,0.30
1150820,071360,晶技國票61購04,0.49,0.47
1150820,071361,新日興國票5C購01,,0.62
1150820,071362,新日興國票5C購02,,0.64
1150820,071364,神達國票5C購01,1.09,1.21
1150820,071365,神達國票5C購02,,0.96
1150820,071366,亞翔國票5C購01,,1.14
1150820,071367,亞翔國票5C購02,,1.31
1150820,071368,佳必琪國票5C購01,,0.74
1150820,071369,佳必琪國票5C購02,,0.70
1150820,071370,今國光國票5C購01,,0.73
1150820,071371,今國光國票5C購02,,0.76
1150820,071373,松川國票61購03,,0.52
1150820,071374,美費半台新63購01,1.27,1.43
1150820,071375,鴻海台新66購01,1.58,1.89
1150820,071376,華邦電台新5C購07,1.30,1.29
1150820,071377,華邦電台新5C購08,1.58,1.63
1150820,071378,英業達台新5C購04,0.64,0.91
1150820,071379,英業達台新61購01,,1.78
1150820,071380,菱生台新5C購01,0.89,1.19
1150820,071381,友達台新5C購06,1.96,2.13
1150820,071382,友達台新5C購07,,1.82
1150820,071383,京元電台新5C購02,1.36,1.90
1150820,071384,志聖台新5C購03,1.37,1.30
1150820,071385,慧洋台新5C購01,2.20,1.75
1150820,071386,國泰金台新5C購04,,0.89
1150820,071387,帆宣台新5C購01,0.92,1.06
1150820,071388,帆宣台新5C購02,,1.38
1150820,071389,佳必琪台新5C購01,1.04,1.28
1150820,071390,佳必琪台新5C購02,,1.17
1150820,071391,佳必琪台新5C購03,,1.24
1150820,071392,啟碁台新5C購01,,1.05
1150820,071393,保瑞台新5C購01,2.35,2.07
1150820,071394,松川台新5C購02,0.87,0.85
1150820,071395,至上台新5C購01,0.87,1.21
1150820,071396,寶成台新5C購01,0.72,0.69
1150820,071399,東陽統一63購01,0.33,0.28
1150820,071401,士電統一64購02,0.37,0.36
1150820,071402,華城統一66購02,,0.46
1150820,071404,上銀統一64購05,0.58,0.61
1150820,071405,聯電統一64購03,0.40,0.47
1150820,071406,聯電統一6C購01,,0.52
1150820,071407,楠梓電統一6C購01,,0.56
1150820,071408,仁寶統一64購01,0.53,0.56
1150820,071409,華邦電統一64購02,0.77,0.75
1150820,071410,華邦電統一64購03,0.66,0.63
1150820,071411,華邦電統一64購04,0.68,0.63
1150820,071412,華邦電統一66購02,0.92,0.89
1150820,071413,華邦電統一6A購03,0.65,0.64
1150820,071414,英業達統一63購01,,0.57
1150820,071415,矽統統一66購01,0.46,0.49
1150820,071417,燿華統一66購01,,0.18
1150820,071418,微星統一64購01,0.66,0.75
1150820,071419,微星統一66購01,0.75,0.87
1150820,071420,漢唐統一67購01,0.45,0.50
1150820,071421,友達統一64購03,,0.66
1150820,071422,友達統一66購01,0.79,0.79
1150820,071423,興勤統一63購01,0.49,0.39
1150820,071424,興勤統一65購01,0.46,0.36
1150820,071425,京元電統一65購04,,0.51
1150820,071427,志聖統一67購01,0.53,0.51
1150820,071428,強茂統一64購01,0.51,0.55
1150820,071429,揚博統一66購01,0.59,0.76
1150820,071430,宏達電統一66購01,0.44,0.45
1150820,071431,奇鋐統一64購02,0.82,0.83
1150820,071432,威強電統一63購01,0.67,0.75
1150820,071433,聯詠統一65購01,0.69,0.74
1150820,071434,晶技統一63購01,0.28,0.27
1150820,071435,晶技統一65購01,,0.31
1150820,071436,晶技統一66購01,0.31,0.29
1150820,071437,晶技統一6A購01,0.52,0.50
1150820,071438,緯創統一63購02,0.77,0.90
1150820,071439,緯創統一64購01,,0.87
1150820,071440,緯創統一64購02,0.83,0.96
1150820,071442,新日興統一6A購01,,0.46
1150820,071443,玉晶光統一6A購01,0.49,0.49
1150820,071444,玉晶光統一6C購01,,0.60
1150820,071445,神達統一64購02,,0.60
1150820,071446,日月光統一64購04,0.62,0.73
1150820,071447,日月光統一6C購01,0.67,0.71
1150820,071448,材料統一63購02,,0.68
1150820,071450,佳必琪統一63購03,,0.37
1150820,071451,佳必琪統一6A購01,,0.50
1150820,071452,台表科統一64購02,,0.33
1150820,071453,台表科統一66購01,,0.41
1150820,071454,台表科統一6C購01,,0.47
1150820,071455,GIS統一66購02,,0.45
1150820,071456,GIS統一6C購01,0.51,0.47
1150820,071457,富世達統一66購01,0.85,0.80
1150820,071459,松川統一6A購01,,0.67
1150820,071460,長華統一63購01,0.35,0.35
1150820,071462,勤誠統一66購01,,0.36
1150820,071463,宇瞻統一66購01,0.71,0.71
1150820,071464,宇瞻統一6A購01,,0.71
1150820,071465,台灣50元大5C購07,0.73,0.91
1150820,071466,元黃金元大5C購05,2.47,2.10
1150820,071467,元黃金元大61購01,1.93,1.63
1150820,071468,國企2X元大5C購01,1.46,1.28
1150820,071469,國企2X元大61購01,,1.13
1150820,071470,元金反元大61購01,0.58,0.79
1150820,071471,元金2X元大5C購05,1.90,1.60
1150820,071472,元金2X元大61購03,1.55,1.27
1150820,071473,南亞元大5C購05,,3.69
1150820,071474,南亞元大5C購06,,3.17
1150820,071475,士電元大5C購03,,0.65
1150820,071476,上銀元大5C購01,1.87,1.67
1150820,071477,光寶科元大5C購10,1.77,1.68
1150820,071478,聯電元大5C購27,3.84,4.82
1150820,071479,金寶元大5C購03,0.68,0.82
1150820,071480,仁寶元大5C購08,0.83,0.89
1150820,071481,華邦電元大5C購17,,1.18
1150820,071482,英業達元大5C購08,,0.76
1150820,071483,燿華元大5C購04,,0.25
1150820,071484,漢唐元大5C購07,3.65,4.60
1150820,071485,友達元大5C購11,2.50,2.54
1150820,071486,鉅祥元大5C購01,0.52,0.55
1150820,071487,晶豪科元大5C購05,1.48,1.60
1150820,071488,智原元大5C購06,,0.70
1150820,071489,晶技元大5C購02,1.00,0.97
1150820,071490,玉晶光元大5C購02,,0.48
1150820,071491,華擎元大5C購02,0.64,0.71
1150820,071492,TPK元大5C購04,0.34,0.33
1150820,071493,日月光元大5C購12,1.45,1.80
1150820,071494,亞翔元大5C購07,1.20,1.42
1150820,071495,佳必琪元大5C購05,0.62,0.74
1150820,071496,今國光元大5C購03,,0.69
1150820,071497,群電元大5C購03,,0.55
1150820,071498,保瑞元大5C購01,1.68,1.44
1150820,071500,惠特元大5C購06,0.31,0.35
1150820,071501,富世達元大5C購04,,0.84
1150820,071502,南茂元大5C購06,,0.93
1150820,071503,勤誠元大5C購04,,0.34
1150820,071504,臺股指元大5C購25,1.01,1.06
1150820,071505,臺指反中信66購01,0.73,0.76
1150820,071506,南亞科中信5C購01,1.11,0.97
1150820,071507,南亞科中信64購01,1.54,1.38
1150820,071508,緯穎中信5C購05,,1.18
1150820,071509,臺股指中信63購13,,0.43
1150820,071510,英業達富邦66購01,0.84,0.90
1150820,071511,可成富邦66購01,0.89,0.83
1150820,071512,兆豐金富邦5C購01,0.86,1.16
1150820,071513,亞翔富邦61購03,0.73,0.88
1150820,071514,帆宣富邦5C購01,0.79,0.89
1150820,071515,聯茂富邦61購01,,16.92
1150820,071516,聯茂富邦62購02,,1.92
1150820,071517,緯穎富邦61購07,,1.62
1150820,071518,富世達富邦5C購01,0.82,0.75
1150820,071519,富世達富邦61購02,0.73,0.68
1150820,071520,華新永豐5C購02,1.85,1.96
1150820,071521,長興永豐64購01,,1.18
1150820,071522,宏碁永豐63購01,1.04,1.03
1150820,071523,微星永豐61購02,1.11,1.37
1150820,071524,南亞科永豐65購01,1.90,1.71
1150820,071525,南亞科永豐69購02,1.70,1.70
1150820,071526,南亞科永豐73購01,1.88,1.74
1150820,071527,可成永豐5C購01,0.91,0.95
1150820,071529,康舒永豐61購02,,0.59
1150820,071530,南亞統一64購02,,2.75
1150820,071531,華新統一63購02,0.51,0.59
1150820,071532,華新統一64購02,0.61,0.63
1150820,071533,永光統一66購01,0.43,0.39
1150820,071534,光寶科統一6A購03,0.78,0.75
1150820,071535,鴻海統一66購02,,0.60
1150820,071536,鴻海統一66購03,0.45,0.54
1150820,071537,鴻海統一6C購01,,0.47
1150820,071538,仁寶統一63購01,0.52,0.55
1150820,071539,台積電統一64購05,,0.79
1150820,071540,台積電統一66購01,,0.81
1150820,071541,台積電統一66購02,,0.69
1150820,071542,宏碁統一63購01,,0.36
1150820,071543,英業達統一6A購01,,0.53
1150820,071544,技嘉統一6A購02,,0.58
1150820,071545,微星統一63購01,0.57,0.72
1150820,071546,微星統一6A購01,0.60,0.67
1150820,071547,漢唐統一63購04,0.32,0.38
1150820,071548,南亞科統一64購03,1.02,0.91
1150820,071549,南亞科統一64購04,1.10,1.00
1150820,071550,南亞科統一6A購01,1.06,0.98
1150820,071551,南亞科統一6C購01,1.13,1.08
1150820,071552,友達統一63購02,0.73,0.76
1150820,071553,友達統一66購02,0.64,0.66
1150820,071554,興勤統一64購01,0.46,0.39
1150820,071555,京元電統一63購02,,0.48
1150820,071556,京元電統一6A購01,,0.51
1150820,071557,可成統一63購01,0.48,0.48
1150820,071558,可成統一6A購01,0.61,0.61
1150820,071559,強茂統一63購03,0.67,0.68
1150820,071560,強茂統一6A購02,,0.48
1150820,071561,長榮統一63購04,0.87,0.65
1150820,071562,智原統一6A購01,,0.46
1150820,071563,玉晶光統一67購01,,0.42
1150820,071564,日月光統一63購02,,0.94
1150820,071565,日月光統一66購01,0.71,0.77
1150820,071566,正文統一66購02,,0.39
1150820,071567,亞翔統一68購01,0.73,0.81
1150820,071568,盛群統一68購01,,0.74
1150820,071569,聯茂統一6A購01,1.31,1.06
1150820,071570,台郡統一6A購01,0.45,0.48
1150820,071571,康舒統一63購01,0.26,0.30
1150820,071572,康舒統一6A購04,0.36,0.36
1150820,071573,AES統一69購01,,0.48
1150820,071574,采鈺統一6A購01,,0.50
1150820,071575,富世達統一66購02,0.68,0.71
1150820,071576,富世達統一66購03,,0.65
1150820,071577,至上統一63購02,0.57,0.61
1150820,071578,元黃金凱基61購08,1.36,1.19
1150820,071579,元金2X凱基5C購05,,1.38
1150820,071580,台灣5G凱基5C購01,1.39,1.54
1150820,071581,永續半凱基61購01,1.31,1.34
1150820,071582,科技息凱基61購01,2.00,2.21
1150820,071583,台股增凱基63購02,,1.32
1150820,071585,上銀凱基5C購05,0.95,0.98
1150820,071586,光寶科凱基5C購08,,1.12
1150820,071587,聯電凱基5C購10,0.48,0.61
1150820,071589,台積電凱基5C購16,0.77,0.85
1150820,071590,台積電凱基5C購17,,0.90
1150820,071591,台積電凱基5C購18,,0.74
1150820,071594,佳能凱基5C購02,0.50,0.55
1150820,071595,南亞科凱基5C購03,,1.67
1150820,071596,南亞科凱基61購06,1.64,1.49
1150820,071597,友達凱基5C購04,0.63,0.64
1150820,071598,美律凱基5C購01,0.40,0.41
1150820,071599,可成凱基5C購04,0.60,0.57
1150820,071600,鉅祥凱基5C購02,0.45,0.47
1150820,071601,新日興凱基5C購05,,0.50
1150820,071602,玉晶光凱基5C購03,0.45,0.36
1150820,071603,神達凱基5C購02,0.57,0.65
1150820,071604,日月光凱基5C購07,0.77,0.95
1150820,071605,亞翔凱基5C購04,0.76,0.91
1150820,071606,佳必琪凱基5C購04,,0.47
1150820,071607,聯茂凱基5C購03,,2.25
1150820,071608,聯茂凱基61購02,3.47,2.37
1150820,071609,聯茂凱基63購02,,2.10
1150820,071610,群電凱基5C購02,,0.44
1150820,071611,樺漢凱基5C購01,0.61,0.90
1150820,071612,保瑞凱基5C購02,0.90,0.78
1150820,071613,富世達凱基5C購05,,0.51
1150820,071614,南茂凱基61購02,,0.58
1150820,071615,台灣50國票5C購01,1.13,1.25
1150820,071616,T50正2國票5C購01,1.00,1.10
1150820,071617,T50正2國票5C購02,,1.01
1150820,071618,美費半國票5C購01,0.93,1.08
1150820,071619,聚陽國票61購01,0.73,0.89
1150820,071620,宏碁國票61購03,,0.56
1150820,071621,大同國票5C購01,,0.72
1150820,071622,華航國票5C購01,1.35,1.70
1150820,071623,國泰金國票61購01,,0.76
1150820,071624,中信金國票61購01,,1.21
1150820,071625,全科國票61購01,,0.40
1150820,071626,聯茂國票61購02,5.25,3.35
1150820,071627,保瑞國票5C購01,,1.15
1150820,071628,保瑞國票5C購02,1.27,1.11
1150820,071629,致新國票61購01,,0.97
1150820,071630,福懋科國票5C購01,,0.92
1150820,071631,明基材國票61購01,,0.50
1150820,071632,華城國泰61購01,1.95,1.73
1150820,071633,華通國泰61購01,,0.59
1150820,071634,智邦國泰61購01,,1.02
1150820,071635,宏碁國泰61購01,1.07,1.10
1150820,071636,南亞科國泰61購01,4.42,3.88
1150820,071637,南亞科國泰61購02,,4.07
1150820,071638,飛宏國泰61購01,,1.03
1150820,071639,志聖國泰61購01,1.93,1.86
1150820,071640,可成國泰61購02,1.39,1.31
1150820,071641,晶豪科國泰62購01,2.48,2.71
1150820,071642,奇鋐國泰61購01,2.67,2.58
1150820,071643,聯茂國泰61購01,5.95,4.18
1150820,071644,康舒國泰62購01,,1.14
1150820,071645,緯穎國泰61購01,2.79,2.75
1150820,071646,元黃金群益5C購04,1.99,1.66
1150820,071647,元金2X群益5C購04,2.08,1.72
1150820,071648,道瓊銀群益5C購03,1.65,1.48
1150820,071649,可成群益5C購06,1.04,0.99
1150820,071650,南亞元大5C購07,3.59,3.57
1150820,071651,聯電元大5C購28,0.73,0.88
1150820,071652,金寶元大5C購04,,0.90
1150820,071653,台積電元大66購17,2.37,2.51
1150820,071654,台積電元大69購05,2.61,2.72
1150820,071655,台積電元大6C購12,3.91,4.00
1150820,071656,台積電元大73購05,2.78,2.86
1150820,071657,台積電元大76購07,3.74,3.81
1150820,071658,敬鵬元大5C購03,,0.51
1150820,071659,南亞科元大63購07,3.36,3.09
1150820,071661,京元電元大5C購07,1.44,1.72
1150820,071662,奇鋐元大5C購17,,1.61
1150820,071663,日月光元大5C購13,1.84,2.13
1150820,071664,AES元大5C購02,0.48,0.59
1150820,071665,勤誠元大5C購05,,0.36
1150820,071666,台灣50台新5C購05,,1.33
1150820,071667,元黃金台新5C購01,,1.06
1150820,071668,華城台新5C購02,1.30,1.17
1150820,071669,華城台新5C購03,1.63,1.48
1150820,071670,華新台新5C購01,,2.17
1150820,071671,南亞科台新5C購09,,1.63
1150820,071672,南亞科台新5C購10,3.02,2.69
1150820,071673,南亞科台新5C購11,,3.23
1150820,071674,可成台新5C購03,1.21,1.12
1150820,071675,亞翔台新5C購01,2.00,2.44
1150820,071676,亞翔台新5C購02,,2.00
1150820,071677,亞翔台新5C購03,,1.60
1150820,071678,緯穎台新5C購10,,1.91
1150820,071679,緯穎台新5C購11,,1.75
1150820,071680,至上台新61購01,1.56,1.62
1150820,071681,華通中信63購01,0.31,0.30
1150820,071682,台積電中信66購01,0.54,0.57
1150820,071684,十銓中信5C購01,,0.42
1150820,071685,南茂中信5C購01,0.32,0.36
1150820,071686,華新永豐61購01,,1.05
1150820,071687,美時永豐66購01,1.28,1.19
1150820,071688,華邦電永豐61購04,0.69,0.71
1150820,071689,華邦電永豐64購03,0.83,0.87
1150820,071690,漢唐永豐61購03,0.49,0.61
1150820,071691,南亞科永豐61購03,1.27,1.26
1150820,071692,京元電永豐5C購03,0.48,0.60
1150820,071693,揚博永豐64購01,1.03,1.48
1150820,071694,日月光永豐5C購04,0.64,0.80
1150820,071695,亞翔永豐61購02,,0.96
1150820,071696,盛群永豐61購01,,0.85
1150820,071697,意騰永豐64購01,,0.55
1150820,071698,至上永豐61購01,,0.64
1150820,071699,華新國票61購01,,1.16
1150820,071700,大亞國票61購01,0.81,0.88
1150820,071701,中碳國票61購01,,0.65
1150820,071702,上銀國票61購01,1.18,1.29
1150820,071703,台積電國票5C購04,,1.17
1150820,071705,台積電國票61購02,1.21,1.33
1150820,071706,台積電國票61購03,,1.15
1150820,071707,漢唐國票61購02,,0.43
1150820,071709,偉詮電國票61購01,0.81,0.99
1150820,071710,志聖國票61購01,0.79,0.81
1150820,071711,揚博國票5C購01,,1.01
1150820,071712,宏達電國票5C購02,0.78,0.84
1150820,071713,宏達電國票5C購03,,0.76
1150820,071714,凱基金國票61購01,,1.66
1150820,071715,元大金國票61購01,,1.64
1150820,071716,永豐金國票61購01,,1.77
1150820,071717,聯陽國票61購01,,0.61
1150820,071718,威強電國票5C購01,1.27,1.53
1150820,071719,聯詠國票5C購02,,1.52
1150820,071720,明泰國票61購01,,0.53
1150820,071721,融程電國票61購01,,0.98
1150820,071722,川湖統一58購02,,8.94
1150820,071723,智易國票61購01,,0.79
1150820,071724,上品國票61購01,0.67,0.82
1150820,071725,建國國票61購01,,1.11
1150820,071726,盛群國票61購01,,0.70
1150820,071728,至上國票61購01,0.62,0.67
1150820,071729,鼎炫國票61購01,,0.42
1150820,071731,百和國票61購01,0.47,0.51
1150820,071732,電子類國票5C購01,,0.98
1150820,071734,金融類國票5C購01,,1.26
1150820,071736,揚博國泰61購01,,1.83
1150820,071737,文曄國泰62購01,1.05,1.29
1150820,071738,新日興國泰61購01,1.07,1.05
1150820,071739,亞翔國泰61購01,1.06,1.27
1150820,07173U,華新凱基59售01,0.26,0.38
1150820,071740,聯茂國泰61購02,,2.53
1150820,071741,台灣50台新5C購07,1.65,1.75
1150820,071742,T50正2台新61購03,1.31,1.38
1150820,071743,穎崴統一59購01,4.57,5.61
1150820,071744,志強統一58購02,0.18,0.17
1150820,071745,T50正2台新66購01,1.59,1.67
1150820,071746,南亞台新5C購01,,3.88
1150820,071747,華邦電台新5C購09,2.62,2.50
1150820,071748,華邦電台新5C購10,1.97,2.14
1150820,071749,順德台新5C購01,,0.75
1150820,071750,順德台新5C購02,0.81,0.72
1150820,071751,南亞科台新5C購12,8.60,7.68
1150820,071752,南亞科台新61購02,2.82,2.46
1150820,071753,揚博台新5C購03,1.12,1.74
1150820,071754,陽明台新5C購02,1.64,1.11
1150820,071755,華航台新5C購01,1.47,1.93
1150820,071756,萬海台新5C購01,3.28,1.76
1150820,071757,奇鋐台新5C購01,3.48,3.38
1150820,071758,亞翔台新5C購04,,0.88
1150820,071759,台郡台新5C購01,,0.79
1150820,071760,台郡台新5C購02,0.44,0.52
1150820,071761,台虹台新5C購01,5.50,3.72
1150820,071762,至上台新5C購02,,0.56
1150820,071763,南亞統一6A購01,1.18,1.20
1150820,071764,士電統一66購01,,0.48
1150820,071765,中興電統一66購01,,0.48
1150820,071768,華新統一6C購02,,0.62
1150820,071769,台玻統一65購04,,0.41
1150820,071770,光寶科統一66購01,0.67,0.67
1150820,071771,聯電統一66購01,,0.42
1150820,071772,金寶統一64購03,0.39,0.46
1150820,071774,台積電統一66購03,,0.64
1150820,071775,華邦電統一66購03,0.49,0.50
1150820,071776,華邦電統一66購04,0.55,0.56
1150820,071777,華邦電統一6A購04,,0.71
1150820,071778,微星統一64購02,0.59,0.70
1150820,071779,南亞科統一66購02,1.29,1.13
1150820,071780,南亞科統一66購03,0.89,0.83
1150820,071781,南亞科統一6A購02,1.13,1.04
1150820,071782,興勤統一6C購01,0.63,0.59
1150820,071783,京元電統一66購01,0.40,0.47
1150820,071784,志聖統一63購01,0.53,0.50
1150820,071785,志聖統一64購02,0.45,0.45
1150820,071786,可成統一66購01,,0.45
1150820,071787,強茂統一6A購03,0.66,0.66
1150820,071788,揚博統一63購01,0.33,0.54
1150820,071789,揚博統一66購02,0.45,0.66
1150820,071790,揚博統一6A購01,,0.72
1150820,071791,奇鋐統一64購03,1.31,1.27
1150820,071792,健鼎統一6C購01,,0.68
1150820,071793,神達統一63購02,0.65,0.69
1150820,071794,乙盛統一63購01,,0.35
1150820,071795,亞翔統一64購01,,0.48
1150820,071796,帆宣統一6A購02,,0.49
1150820,071798,盛群統一63購01,,0.55
1150820,071799,台郡統一66購01,,0.45
1150820,071800,台表科統一63購01,0.38,0.33
1150820,071801,台表科統一65購01,0.44,0.39
1150820,071802,康舒統一67購01,,0.39
1150820,071803,保瑞統一6C購01,0.68,0.65
1150820,071805,采鈺統一65購01,,0.44
1150820,071806,富世達統一64購02,0.74,0.70
1150820,071807,致新統一68購01,0.56,0.58
1150820,071808,南茂統一64購03,,0.37
1150820,071809,南茂統一6A購01,0.54,0.56
1150820,071810,富鼎統一65購02,0.55,0.60
1150820,071811,南亞凱基5C購05,2.24,2.48
1150820,071813,中碳凱基5C購01,,0.57
1150820,071814,光寶科凱基5C購10,1.11,1.17
1150820,071815,聯電凱基5C購11,0.26,0.36
1150820,071816,金寶凱基5C購02,,0.49
1150820,071817,鴻海凱基5C購20,0.31,0.44
1150820,071819,台積電凱基5C購20,0.68,0.72
1150820,071820,台積電凱基5C購21,0.36,0.57
1150820,071821,華邦電凱基5C購10,,0.55
1150820,071822,順德凱基5C購01,0.52,0.47
1150820,071823,宏碁凱基5C購06,0.33,0.34
1150820,071824,大同凱基5C購01,0.49,0.44
1150820,071826,漢唐凱基5C購05,,0.23
1150820,071827,南亞科凱基5C購05,0.98,0.87
1150820,071828,可成凱基5C購05,,0.67
1150820,071829,中信金凱基5C購01,,0.45
1150820,071830,奇鋐凱基5C購08,1.32,1.14
1150820,071831,日月光凱基61購03,0.56,0.65
1150820,071832,亞翔凱基5C購05,,0.50
1150820,071833,帆宣凱基5C購01,0.29,0.34
1150820,071834,富世達凱基5C購06,0.71,0.67
1150820,071835,致新凱基5C購01,0.34,0.38
1150820,071836,勤誠凱基5C購06,,0.16
1150820,071837,華城富邦62購02,,0.53
1150820,071839,台積電富邦5C購10,0.92,1.01
1150820,071840,南亞科富邦63購02,1.26,1.09
1150820,071841,南亞科富邦63購03,1.44,1.32
1150820,071842,揚博富邦5C購02,0.76,1.32
1150820,071843,祥碩富邦62購03,0.87,0.87
1150820,071845,亞翔富邦63購02,,0.63
1150820,071846,康舒富邦63購02,,0.35
1150820,071848,元金2X群益62購07,2.31,1.87
1150820,071850,大亞群益66購01,,1.53
1150820,071851,光寶科群益5C購07,2.57,2.52
1150820,071854,台積電群益63購05,,1.12
1150820,071856,宏碁群益5C購05,,0.55
1150820,071857,宏碁群益5C購06,,0.70
1150820,071858,宏碁群益5C購07,0.97,1.06
1150820,071859,揚博群益5C購01,0.64,1.11
1150820,071860,永豐金群益5C購02,1.81,2.01
1150820,071861,新日興群益5C購04,,1.21
1150820,071862,日月光群益5C購05,0.91,1.11
1150820,071863,帆宣群益63購02,,0.66
1150820,071864,佳必琪群益5C購02,,1.37
1150820,071865,聯茂群益5C購03,10.80,7.80
1150820,071866,康舒群益5C購03,,0.75
1150820,071868,臺股指群益5C購12,,1.13
1150820,071869,臺股指群益5C購13,,1.49
1150820,071870,臺股指群益5C購14,,1.44
1150820,071871,臺股指群益5C購15,,1.45
1150820,071874,臺股指群益5C購18,,0.79
1150820,071875,電子類群益5C購01,,0.93
1150820,071876,FB科技元大5C購02,,1.50
1150820,071877,T50反1元大64購11,0.83,0.86
1150820,071878,台股增元大64購01,,1.52
1150820,071879,台股增元大65購01,1.26,1.25
1150820,071880,台強棒元大5C購01,1.00,1.11
1150820,071881,南亞元大5C購08,3.74,3.72
1150820,071882,聯電元大61購17,,0.44
1150820,071883,鴻海元大61購27,0.90,1.14
1150820,071884,台積電元大5C購16,1.22,1.32
1150820,071885,台積電元大61購47,0.98,1.10
1150820,071886,智邦元大5C購11,0.70,1.11
1150820,071887,順德元大5C購01,,0.46
1150820,071888,燿華元大5C購05,,0.17
1150820,071889,技嘉元大5C購08,1.46,1.59
1150820,071890,毅嘉元大5C購05,,0.90
1150820,071892,漢唐元大5C購08,0.32,0.45
1150820,071893,南亞科元大63購08,2.35,2.15
1150820,071894,京元電元大5C購08,1.31,1.59
1150820,071895,中興電統一58購01,,0.02
1150820,071896,晶豪科元大63購03,1.10,1.12
1150820,071897,益登元大5C購02,,0.47
1150820,071898,亞翔元大5C購08,,1.38
1150820,071899,聯茂元大5C購02,2.32,1.77
1150820,071900,AES元大5C購03,0.45,0.55
1150820,071902,臺股指元大61購26,0.82,0.91
1150820,071903,元黃金永豐66購01,0.82,0.74
1150820,071904,華邦電永豐67購02,,0.80
1150820,071905,智邦永豐61購02,,0.71
1150820,071907,凌陽永豐64購01,0.37,0.44
1150820,071908,友達永豐66購01,2.26,2.26
1150820,071909,揚博永豐66購01,0.89,1.20
1150820,071910,華航永豐61購02,,0.74
1150820,071911,漢翔永豐61購01,2.53,2.28
1150820,071912,亞翔永豐65購01,,0.93
1150820,071913,永擎永豐5C購01,1.67,1.61
1150820,071915,永擎永豐64購01,1.25,1.29
1150820,071916,富鼎永豐5C購02,0.69,0.82
1150820,071917,華邦電富邦63購01,0.58,0.57
1150820,071918,強茂富邦5C購03,0.54,0.57
1150820,071919,新興富邦5C購02,1.19,0.97
1150820,071921,長榮航富邦5C購01,1.03,1.26
1150820,071922,佳必琪富邦63購02,,0.49
1150820,071923,兆聯富邦63購01,0.49,0.61
1150820,071924,至上富邦63購01,0.70,0.74
1150820,071926,南亞統一64購03,1.51,1.46
1150820,071927,南亞統一66購01,1.67,1.73
1150820,071928,南亞統一66購02,1.34,1.48
1150820,071929,華城統一66購03,,0.49
1150820,071930,東鹼統一64購01,0.69,0.67
1150820,071931,聯電統一66購02,0.44,0.50
1150820,071932,聯電統一6C購02,0.57,0.60
1150820,071933,鴻海統一64購02,,0.52
1150820,071935,台積電統一76購01,,0.94
1150820,071936,華邦電統一63購02,0.44,0.47
1150820,071937,鴻準統一6C購01,0.57,0.60
1150820,071938,菱生統一66購02,,0.55
1150820,071939,瑞昱統一6A購01,0.89,0.98
1150820,071940,威盛統一6C購01,,0.56
1150820,071941,南亞科統一63購03,0.89,0.82
1150820,071943,興勤統一66購01,0.50,0.49
1150820,071944,鉅祥統一63購03,,0.52
1150820,071945,強茂統一66購01,0.69,0.66
1150820,071946,揚博統一62購01,,0.45
1150820,071947,揚博統一66購03,0.46,0.68
1150820,071948,晶豪科統一66購03,,1.00
1150820,071949,亞光統一62購05,,0.38
1150820,071950,玉晶光統一66購02,,0.46
1150820,071951,辛耘統一66購02,,0.44
1150820,071952,辛耘統一6C購01,,0.46
1150820,071953,神達統一65購01,,0.60
1150820,071954,智伸科統一6C購01,,0.68
1150820,071955,材料統一66購01,,0.82
1150820,071956,精成科統一65購01,,0.46
1150820,071957,帆宣統一66購01,,0.53
1150820,071958,佳必琪統一66購01,,0.58
1150820,071959,洋基統一66購01,0.41,0.51
1150820,071960,AES統一66購01,0.50,0.58
1150820,071962,南茂統一66購01,,0.50
1150820,071963,FB科技凱基5C購02,,1.17
1150820,071964,南亞凱基5C購06,,1.94
1150820,071965,東鹼凱基5C購01,,0.45
1150820,071966,台積電凱基64購09,0.93,1.01
1150820,071967,台積電凱基66購04,0.56,0.80
1150820,071968,華邦電凱基61購05,,0.49
1150820,071969,智邦凱基64購02,,0.70
1150820,071971,揚博凱基5C購03,0.24,0.45
1150820,071972,晶豪科凱基61購02,,0.42
1150820,071973,玉晶光凱基5C購04,0.35,0.29
1150820,071974,辛耘凱基5C購04,0.29,0.34
1150820,071975,辛耘凱基5C購05,,0.37
1150820,071976,辛耘凱基5C購06,0.34,0.39
1150820,071977,亞翔凱基5C購06,,0.48
1150820,071978,佳必琪凱基5C購05,,0.34
1150820,071979,聯茂凱基5C購05,2.76,1.91
1150820,071980,康舒凱基61購03,,0.31
1150820,071981,保瑞凱基5C購03,0.50,0.51
1150820,071982,力智凱基61購01,0.24,0.32
1150820,071983,永擎凱基5C購01,1.07,1.06
1150820,071984,泰金寶凱基5C購02,0.32,0.34
1150820,071985,電子類凱基61購01,,0.93
1150820,071986,金融類凱基61購01,1.10,1.23
1150820,071987,S&P反1元大63購01,0.57,0.59
1150820,071988,華新元大5C購06,,0.77
1150820,071989,華新元大5C購07,,0.85
1150820,071990,聯電元大61購18,,0.44
1150820,071991,台積電元大5C購17,,0.73
1150820,071992,台積電元大61購48,0.73,0.83
1150820,071993,燿華元大5C購06,0.35,0.34
1150820,071994,漢唐元大5C購09,,0.40
1150820,071995,揚博元大5C購01,,1.04
1150820,071996,長榮航元大5C購01,1.05,1.15
1150820,071997,凱基金元大5C購01,1.30,1.53
1150820,071998,辛耘元大5C購05,0.75,0.84
1150820,071999,祥碩元大5C購04,0.90,0.90
1150820,072000,亞翔元大5C購09,,0.97
1150820,072001,南茂元大5C購07,,0.83
1150820,072002,臺股指元大63購24,0.96,1.01
1150820,072003,臺股指元大64購17,1.42,1.48
1150820,072004,聯電國泰61購03,0.55,0.70
1150820,072005,聯電國泰61購04,0.50,0.63
1150820,072006,智邦國泰61購02,,1.04
1150820,072007,興勤國泰61購01,1.21,1.15
1150820,072008,飛宏國泰61購02,,1.01
1150820,072009,強茂國泰61購01,0.96,0.98
1150820,072010,辛耘國泰61購03,0.81,0.87
1150820,072011,十銓國泰61購01,,0.95
1150820,072012,台灣50台新5C購09,,1.41
1150820,072014,南亞台新5C購03,2.85,3.05
1150820,072015,華通台新5C購01,0.84,0.79
1150820,072018,燿華台新5C購03,,0.37
1150820,072019,凌陽台新5C購01,,0.86
1150820,072020,漢唐台新5C購02,0.26,0.38
1150820,072021,漢唐台新5C購03,,0.66
1150820,072022,南亞科台新5C購13,,7.68
1150820,072023,揚博台新5C購04,,1.19
1150820,072024,揚博台新5C購05,,1.08
1150820,072025,聯陽台新5C購01,,0.81
1150820,072026,聯陽台新5C購02,0.96,1.06
1150820,072027,聯陽台新5C購03,0.73,0.83
1150820,072028,玉晶光台新5C購03,0.93,0.89
1150820,072029,玉晶光台新5C購04,,0.55
1150820,072030,辛耘台新5C購01,0.71,0.79
1150820,072031,辛耘台新5C購02,0.72,0.84
1150820,072032,辛耘台新61購01,,1.15
1150820,072033,辛耘台新63購01,0.74,0.74
1150820,072034,日月光台新5C購03,1.49,1.66
1150820,072035,和碩台新5C購01,1.33,1.42
1150820,072036,亞翔台新5C購05,,0.75
1150820,072037,騰輝電台新5C購01,2.08,1.51
1150820,072038,洋基台新5C購01,,1.02
1150820,072039,永擎台新5C購01,2.39,1.90
1150820,072040,華邦電中信63購01,0.40,0.42
1150820,072041,漢唐中信5C購01,,0.32
1150820,072042,南亞科中信63購01,0.84,0.78
1150820,072043,京元電中信66購01,0.32,0.35
1150820,072044,富鼎中信63購01,,0.70
1150820,072045,台灣50國票5C購02,0.62,0.75
1150820,072046,T50反1國票5C購03,0.91,0.85
1150820,072047,上証2X國票61購02,0.56,0.79
1150820,072049,南亞國票61購03,2.06,2.15
1150820,072050,華夏國票61購01,,0.36
1150820,072052,台達化國票61購01,0.32,0.35
1150820,072053,亞力國票5C購01,,0.30
1150820,072054,堤維西國票61購01,0.41,0.45
1150820,072055,中砂國票61購01,,1.04
1150820,072056,華榮國票61購01,,1.14
1150820,072057,合機國票5C購01,0.65,0.67
1150820,072058,裕隆國票61購01,0.69,0.65
1150820,072059,華邦電國票61購05,,0.69
1150820,072060,漢唐國票61購03,,0.41
1150820,072061,興勤國票5C購01,,0.54
1150820,072062,超豐國票5C購01,,0.58
1150820,072063,飛宏國票5C購01,0.22,0.26
1150820,072064,飛宏國票5C購02,,0.41
1150820,072065,可成國票5C購05,,0.71
1150820,072066,鉅祥國票61購01,,0.64
1150820,072067,瑞軒國票61購04,,0.31
1150820,072068,揚博國票61購01,0.50,0.81
1150820,072069,普安國票5C購01,,1.18
1150820,072070,華航國票5C購02,,1.32
1150820,072071,漢翔國票61購01,3.43,2.54
1150820,072072,聯詠國票5C購03,,1.77
1150820,072073,聯詠國票5C購04,1.29,1.50
1150820,072074,健鼎國票61購02,,0.53
1150820,072075,耀登國票5C購01,,0.26
1150820,072076,玉晶光國票5C購01,,0.34
1150820,072077,智伸科國票61購02,,0.96
1150820,072078,和碩國票61購01,1.02,1.11
1150820,072079,亞翔國票5C購03,,0.81
1150820,072080,帆宣國票61購02,,0.59
1150820,072081,盛群國票61購02,,0.49
1150820,072082,聯茂國票61購03,3.71,2.63
1150820,072083,晶碩國票61購01,1.03,1.02
1150820,072084,騰輝電國票5C購01,1.12,0.87
1150820,072085,洋基國票61購01,,0.78
1150820,072086,泓德國票5C購01,,0.64
1150820,072088,ITH國票61購01,,0.53
1150820,072089,永擎國票5C購01,1.50,1.50
1150820,072090,泰金寶國票5C購01,0.36,0.40
1150820,072091,潤泰新國票61購01,0.87,0.75
1150820,072092,T50反1群益61購01,1.02,1.02
1150820,072093,元石油群益5C購04,1.88,1.64
1150820,072094,SGBR2X群益5C購04,,3.08
1150820,072095,南亞群益5C購03,,2.92
1150820,072096,國喬群益5C購01,0.40,0.44
1150820,072097,華邦電群益5C購07,,0.89
1150820,072098,華邦電群益5C購08,,1.15
1150820,072099,佳能群益5C購01,,0.87
1150820,072100,凌陽群益5C購01,,0.45
1150820,072101,友達群益5C購04,1.08,1.22
1150820,072102,漢翔群益5C購01,5.05,4.43
1150820,072103,亞翔群益61購01,,0.80
1150820,072104,臺股指群益63購09,1.56,1.65
1150820,072105,臺股指群益63購10,0.84,0.88
1150820,072106,智邦中信65購01,,0.46
1150820,072107,台股增永豐61購03,,0.79
1150820,072109,國喬永豐61購01,,0.56
1150820,072110,華邦電永豐65購02,0.61,0.60
1150820,072111,南亞科永豐61購04,1.10,0.90
1150820,072112,鉅祥永豐5C購01,,0.75
1150820,072113,國泰金永豐5C購01,,0.78
1150820,072114,國泰金永豐5C購02,0.45,0.55
1150820,072115,凱基金永豐5C購01,,0.83
1150820,072116,凱基金永豐61購01,,1.11
1150820,072118,台新金永豐5C購01,0.98,1.08
1150820,072119,台新金永豐5C購02,,2.01
1150820,072121,亞力統一58購01,,0.01
1150820,072124,晶豪科永豐64購02,,1.18
1150820,072125,華城統一62購01,0.54,0.52
1150820,072126,奇鋐永豐66購02,1.79,1.74
1150820,072127,玉晶光永豐64購01,0.58,0.42
1150820,072129,台積電統一5A購03,2.43,2.46
1150820,072131,辛耘永豐61購01,,0.85
1150820,072133,智伸科永豐61購01,,0.76
1150820,072134,誠美材永豐5C購01,0.29,0.32
1150820,072135,天鈺永豐5C購01,1.12,1.19
1150820,072137,力智永豐5C購02,0.56,0.73
1150820,072139,台灣50富邦69購01,,0.96
1150820,072140,T50正2富邦5C購03,0.41,0.46
1150820,072141,南亞富邦63購01,1.54,1.57
1150820,072142,南亞富邦63購02,1.51,1.58
1150820,072143,華新富邦5C購04,,0.55
1150820,072144,光寶科富邦63購01,1.41,1.43
1150820,072145,南亞科富邦63購04,1.00,0.92
1150820,072146,國泰金富邦62購02,0.45,0.53
1150820,072147,中信金富邦5C購03,,0.52
1150820,072148,健鼎富邦5C購02,0.54,0.60
1150820,072149,華擎富邦5C購01,0.48,0.52
1150820,072150,辛耘富邦5C購01,,0.46
1150820,072151,大銀富邦5C購01,0.53,0.63
1150820,072152,富鼎富邦62購02,0.39,0.44
1150820,072153,富鼎富邦63購01,0.45,0.45
1150820,072154,中502X凱基61購02,,0.64
1150820,072155,華新凱基5C購07,,0.60
1150820,072156,大亞凱基61購01,,0.52
1150820,072157,聯電凱基5C購12,0.26,0.36
1150820,072158,鴻海凱基5C購22,,0.57
1150820,072159,台積電凱基5C購22,0.36,0.44
1150820,072160,台積電凱基5C購23,,0.47
1150820,072161,台積電凱基5C購24,0.47,0.56
1150820,072162,台積電凱基5C購25,,0.72
1150820,072163,台積電凱基64購10,,0.86
1150820,072165,華碩凱基61購01,,0.89
1150820,072166,漢唐凱基5C購06,,0.51
1150820,072167,漢唐凱基64購01,0.44,0.54
1150820,072168,南亞科凱基5C購06,1.00,0.92
1150820,072169,南亞科凱基5C購07,0.82,0.88
1150820,072170,友達凱基5C購05,,0.66
1150820,072171,興勤凱基5C購02,0.42,0.36
1150820,072172,瑞軒凱基5C購01,,0.18
1150820,072173,智伸科凱基5C購01,0.36,0.45
1150820,072174,祥碩凱基5C購05,0.44,0.52
1150820,072175,盛群凱基61購01,,0.51
1150820,072176,旭隼凱基61購02,1.00,0.94
1150820,072177,南茂凱基5C購05,,0.44
1150820,072178,元日2X國票5C購01,1.18,1.41
1150820,072179,華紙國票61購01,,0.58
1150820,072180,國泰金國票61購02,,0.64
1150820,072181,文曄國票5C購02,0.80,1.00
1150820,072182,文曄國票5C購03,,1.01
1150820,072183,智伸科國票61購03,0.54,0.63
1150820,072184,華碩國泰61購01,2.62,2.24
1150820,072185,毅嘉國泰61購01,,1.35
1150820,072186,漢唐國泰61購01,0.88,0.97
1150820,072187,南亞科國泰61購03,2.52,2.19
1150820,072188,南亞科國泰61購04,2.70,2.36
1150820,072189,鉅祥國泰61購02,1.10,1.24
1150820,072190,亞翔國泰61購02,1.05,1.25
1150820,072191,今國光國泰62購01,,0.81
1150820,072192,旭隼國泰61購01,2.22,2.09
1150820,072193,美時台新5C購02,0.81,0.76
1150820,072194,鴻海台新5C購05,0.74,1.05
1150820,072195,智邦台新5C購01,0.74,1.02
1150820,072196,微星台新5C購02,0.76,1.10
1150820,072197,群光台新5C購02,0.54,0.54
1150820,072198,南亞科台新61購03,,1.83
1150820,072199,京元電台新5C購03,0.78,0.97
1150820,072200,瑞軒台新61購01,0.30,0.31
1150820,072201,凱基金台新5C購04,,1.18
1150820,072202,晟銘電台新5C購01,,0.32
1150820,072203,玉晶光台新5C購05,,0.69
1150820,072204,玉晶光台新61購02,0.81,0.65
1150820,072205,智伸科台新5C購01,,1.33
1150820,072206,立積台新5C購01,0.70,0.90
1150820,072207,眾達台新5C購01,0.75,0.62
1150820,072208,豐藝台新5C購01,,0.64
1150820,072210,今國光台新5C購02,,0.50
1150820,072211,今國光台新62購01,,0.56
1150820,072212,GIS台新5C購02,0.75,0.61
1150820,072213,緯穎台新63購01,,2.19
1150820,072214,富世達台新5C購01,1.26,1.17
1150820,072215,富世達台新5C購02,1.21,1.09
1150820,072216,富世達台新5C購03,1.26,1.19
1150820,072217,福懋科台新5C購01,,1.00
1150820,072218,元石油元大5C購03,,1.37
1150820,072219,元石油元大61購04,1.31,1.19
1150820,072220,元金反元大5C購02,,1.15
1150820,072221,元日2X元大61購01,1.83,1.94
1150820,072222,元日2X元大63購01,1.71,1.78
1150820,072223,南亞元大5C購09,,1.93
1150820,072224,華新元大5C購08,1.02,1.08
1150820,072225,聯電元大5C購29,0.29,0.40
1150820,072226,鴻海元大5C購22,0.86,1.09
1150820,072227,台積電元大5C購18,,0.81
1150820,072228,華邦電元大5C購18,0.36,0.40
1150820,072229,華邦電元大5C購19,0.48,0.37
1150820,072230,華邦電元大63購03,0.40,0.43
1150820,072231,漢唐元大5C購10,0.45,0.57
1150820,072232,亞光元大5C購02,,0.27
1150820,072233,健鼎元大5C購01,0.93,0.83
1150820,072234,玉晶光元大5C購03,0.31,0.26
1150820,072235,日月光元大5C購14,0.40,0.59
1150820,072236,亞翔元大5C購10,0.41,0.54
1150820,072237,AES元大5C購04,0.38,0.48
1150820,072238,至上元大5C購01,0.55,0.57
1150820,072239,T50正2群益5C購02,,0.91
1150820,072240,元石油群益5C購05,,1.86
1150820,072241,元油反群益5C購01,0.97,1.27
1150820,072242,SGBR2X群益5C購05,2.00,1.64
1150820,072243,華邦電群益5C購09,,0.88
1150820,072244,華碩群益5C購03,1.25,1.08
1150820,072245,富邦金群益61購04,0.48,0.60
1150820,072246,國泰金群益61購04,,0.37
1150820,072247,台新金群益61購02,1.26,1.40
1150820,072248,亞光群益5C購02,,0.51
1150820,072249,臺股指群益64購03,,1.45
1150820,072250,台灣50中信66購03,0.40,0.42
1150820,072251,台積電中信66購02,0.47,0.50
1150820,072253,英業達中信64購01,,0.42
1150820,072254,華碩中信66購01,0.69,0.64
1150820,072255,友達中信66購01,,0.53
1150820,072256,富邦金中信5C購01,0.45,0.52
1150820,072257,凱基金中信66購01,0.48,0.51
1150820,072258,亞光中信5C購01,,0.33
1150820,072259,台化永豐61購01,1.55,1.60
1150820,072260,華城永豐64購01,0.97,0.94
1150820,072261,華邦電永豐73購01,0.77,0.77
1150820,072262,鴻準永豐63購01,1.48,1.57
1150820,072263,瑞昱永豐5C購01,0.56,0.75
1150820,072264,威盛永豐5C購02,,1.32
1150820,072265,威盛永豐5C購03,,1.04
1150820,072266,南亞科永豐74購01,1.25,1.15
1150820,072267,友達永豐64購03,1.27,1.32
1150820,072268,建準永豐64購01,,0.75
1150820,072269,興勤永豐68購01,,0.51
1150820,072270,美律永豐5C購01,0.60,0.65
1150820,072271,可成永豐64購01,1.13,1.19
1150820,072272,兆赫永豐5C購01,,0.20
1150820,072273,宏達電永豐5C購01,0.67,0.66
1150820,072274,華航永豐64購01,0.88,1.03
1150820,072275,富邦金永豐61購01,0.58,0.62
1150820,072276,國泰金永豐5C購03,,0.94
1150820,072277,奇鋐永豐5C購12,,1.93
1150820,072278,智原永豐64購01,,0.65
1150820,072279,健鼎永豐63購01,,0.46
1150820,072280,定穎控永豐63購01,,0.66
1150820,072281,旭隼永豐61購01,,0.87
1150820,072282,富鼎永豐65購01,,0.79
1150820,072283,南亞國票61購04,1.71,1.79
1150820,072284,遠東新國票61購01,0.96,0.82
1150820,072287,楠梓電國票61購03,0.37,0.43
1150820,072288,南亞科國票61購07,,1.55
1150820,072289,華航國票5C購03,,1.14
1150820,07228U,臺股指中信59售13,,0.02
1150820,072290,華航國票61購01,,1.11
1150820,072291,長榮航國票5C購03,,0.84
1150820,072292,凱基金國票61購02,,1.02
1150820,072293,元大金國票61購02,,1.13
1150820,072296,智伸科國票61購04,0.44,0.51
1150820,072297,台郡國票61購02,0.51,0.57
1150820,072298,矽創國票61購01,,0.95
1150820,072299,明基材國票61購02,,0.42
1150820,072300,富鼎國票61購03,0.55,0.64
1150820,072301,華邦電國泰61購04,0.89,0.85
1150820,072302,華邦電國泰61購05,,0.81
1150820,072303,華邦電國泰61購06,0.73,0.67
1150820,072304,友達國泰61購02,1.22,1.24
1150820,072305,新興國泰61購01,2.67,2.20
1150820,072306,奇鋐國泰61購02,2.80,2.77
1150820,072307,健鼎國泰61購01,0.64,0.70
1150820,072308,今國光國泰61購02,0.59,0.74
1150820,072309,勤誠國泰61購01,0.44,0.66
1150820,072310,南亞台新5C購04,2.49,2.64
1150820,072311,儒鴻台新5C購01,1.59,2.04
1150820,072312,楠梓電台新5C購01,0.65,0.76
1150820,072313,楠梓電台新5C購02,0.66,0.73
1150820,072314,長榮台新5C購01,2.86,2.13
1150820,072315,誠美材台新5C購02,,0.18
1150820,072316,AES台新5C購04,,1.60
1150820,072317,AES台新5C購05,1.16,1.37
1150820,072318,富鼎台新61購01,1.01,1.13
1150820,072319,富鼎台新62購01,0.98,1.08
1150820,072320,元石油凱基5C購03,,1.36
1150820,072321,元日2X凱基63購01,1.04,1.10
1150820,072323,台強棒凱基61購01,0.94,1.01
1150820,072324,南亞凱基5C購07,1.75,1.83
1150820,072326,華紙凱基5C購02,,0.19
1150820,072327,光寶科凱基5C購11,,1.28
1150820,072329,華邦電凱基5C購11,,0.41
1150820,072330,南亞科凱基64購02,0.90,0.84
1150820,072331,友達凱基5C購06,,0.54
1150820,072334,國泰金凱基61購01,,0.22
1150820,072335,晶豪科凱基5C購05,,0.61
1150820,072338,健鼎凱基5C購02,,0.31
1150820,072339,聯發科統一5A購01,,6.60
1150820,072340,緯創凱基5C購10,,0.86
1150820,072341,玉晶光凱基63購01,0.48,0.41
1150820,072343,日月光凱基5C購09,,0.49
1150820,072344,亞翔凱基61購03,,0.58
1150820,072345,豐藝凱基5C購01,,0.50
1150820,072348,緯穎凱基64購04,,1.52
1150820,072349,富鼎凱基5C購02,0.46,0.55
1150820,072350,富鼎凱基5C購03,0.54,0.59
1150820,072351,臺股指凱基5C購25,0.80,0.87
1150820,072352,SGBR2X富邦5C購02,,0.76
1150820,072353,南亞富邦62購01,1.66,1.54
1150820,072354,華城富邦62購03,0.74,0.69
1150820,072355,楠梓電富邦62購01,0.39,0.46
1150820,072356,仁寶富邦62購01,0.65,0.65
1150820,072357,仁寶富邦62購02,,0.50
1150820,072358,智邦富邦62購04,0.50,0.62
1150820,072359,南亞科富邦63購05,,0.80
1150820,072360,建準富邦63購01,,0.43
1150820,072361,晶豪科富邦62購03,0.57,0.74
1150820,072362,昇貿富邦62購02,0.33,0.37
1150820,072363,新日興富邦62購02,,0.68
1150820,072364,旭隼富邦62購01,1.08,1.03
1150820,072365,旭隼富邦63購01,0.94,0.89
1150820,072367,力智富邦62購02,0.46,0.55
1150820,072368,力智富邦63購01,,0.53
1150820,072369,福懋科富邦5C購01,,0.31
1150820,072370,T50反1群益5C購04,,1.29
1150820,072371,南亞群益61購01,2.61,2.73
1150820,072372,鴻海群益5C購19,1.20,1.56
1150820,072373,鴻海群益5C購20,,1.46
1150820,072374,瑞昱群益5C購02,0.88,1.17
1150820,072375,威盛群益5C購02,,1.58
1150820,072376,聯發科元富62購01,,10.95
1150820,072377,友達群益5C購05,5.20,4.27
1150820,072379,盛群群益5C購01,,1.66
1150820,072381,旭隼群益5C購01,1.15,1.06
1150820,072382,道瓊銅元大5C購03,1.18,1.41
1150820,072383,美費半元大5C購03,,0.75
1150820,072384,台積電元大5C購19,0.66,0.77
1150820,072386,技嘉元大5C購09,,1.52
1150820,072388,瑞昱元大5C購02,1.92,2.36
1150820,072389,毅嘉元大5C購06,,0.81
1150820,072390,毅嘉元大65購01,,0.89
1150820,072391,漢唐元大5C購11,0.42,0.52
1150820,072392,漢唐元大65購02,0.75,0.86
1150820,072393,智原元大5C購07,0.90,1.04
1150820,072394,健鼎元大5C購02,0.79,0.61
1150820,072395,玉晶光元大5C購04,0.36,0.32
1150820,072397,亞翔元大5C購11,,1.01
1150820,072398,今國光元大5C購04,,0.34
1150820,072399,今國光元大63購01,,0.47
1150820,072400,聯茂元大5C購03,,2.53
1150820,072401,富鼎元大5C購04,,0.85
1150820,072402,南亞中信5C購03,0.97,1.02
1150820,072403,台積電中信66購03,0.43,0.45
1150820,072404,南亞科中信66購01,0.69,0.63
1150820,072405,京元電中信66購02,,0.31
1150820,072406,定穎控中信64購01,,0.33
1150820,072408,元黃金永豐5C購02,0.94,0.81
1150820,072409,元金2X永豐5C購01,1.06,0.93
1150820,072411,士電永豐64購01,0.62,0.63
1150820,072412,亞德客永豐5C購02,0.81,0.92
1150820,072413,華紙永豐63購01,,0.51
1150820,072414,鴻海永豐5C購07,,0.74
1150820,072415,鴻海永豐65購05,0.73,0.87
1150820,072416,華邦電永豐5C購04,,0.42
1150820,072417,華邦電永豐6C購02,,0.69
1150820,072418,華邦電永豐73購02,,0.85
1150820,072419,華邦電永豐76購01,1.37,1.35
1150820,072420,所羅門永豐5C購01,1.08,1.02
1150820,072421,友達永豐66購02,,1.07
1150820,072422,強茂永豐65購01,0.69,0.69
1150820,072423,奇鋐永豐5C購13,,1.44
1150820,072424,智原永豐61購02,,0.47
1150820,072425,新日興永豐61購02,,0.92
1150820,072426,辛耘永豐64購01,0.62,0.69
1150820,072427,TPK永豐61購02,,0.37
1150820,072428,TPK永豐67購01,,0.52
1150820,072429,日月光永豐66購01,1.48,1.65
1150820,072430,智伸科永豐63購01,0.47,0.57
1150820,072431,眾達永豐64購02,0.74,0.66
1150820,072432,聯茂永豐5C購02,3.50,2.49
1150820,072433,洋基永豐64購01,,0.68
1150820,072434,采鈺永豐61購02,0.40,0.46
1150820,072435,致新永豐5C購01,,0.47
1150820,072436,南茂永豐61購01,,0.52
1150820,072437,富鼎永豐6C購01,,0.77
1150820,072438,T50反1富邦63購07,,1.30
1150820,072439,南亞富邦62購02,1.20,1.21
1150820,072440,中鋼富邦62購01,0.71,0.72
1150820,072441,楠梓電富邦61購01,,0.26
1150820,072442,台積電富邦5C購11,,0.52
1150820,072443,敬鵬富邦63購01,,0.17
1150820,072444,華碩富邦5C購01,1.17,0.96
1150820,072445,友達富邦5C購05,,0.67
1150820,072446,華航富邦5C購01,,0.50
1150820,072448,聯茂富邦63購01,2.15,1.57
1150820,072449,台虹富邦5C購02,,1.58
1150820,072451,富鼎富邦63購02,0.44,0.50
1150820,072452,南亞國票61購05,1.37,1.37
1150820,072455,聯電國票5C購04,0.54,0.68
1150820,072456,楠梓電國票61購04,0.29,0.34
1150820,072457,華邦電國票61購06,,0.54
1150820,072458,華邦電國票61購07,,0.44
1150820,072460,技嘉國票5C購04,1.39,1.59
1150820,072461,研華國票5C購01,3.18,2.99
1150820,072463,友達國票61購02,,0.65
1150820,072464,仲琦國票5C購01,,0.45
1150820,072465,志聖國票61購02,,0.65
1150820,072466,陽明國票5C購02,2.12,1.50
1150820,072467,陽明國票61購01,2.20,1.63
1150820,072468,慧洋國票5C購01,2.11,1.67
1150820,072469,慧洋國票5C購02,2.15,1.71
1150820,072470,富邦金國票5C購02,,0.56
1150820,072471,永豐金國票61購02,,1.33
1150820,072472,第一金國票61購01,0.98,1.09
1150820,072473,亞光國票5C購01,,0.49
1150820,072475,智伸科國票61購05,,0.37
1150820,072477,矽格國票61購05,,0.49
1150820,072478,致新國票61購02,,0.73
1150820,072479,南茂國票61購02,,0.56
1150820,072480,富鼎國票61購04,0.41,0.47
1150820,072481,羅昇國票61購01,,0.42
1150820,072482,台積電國泰61購05,1.08,1.20
1150820,072483,瑞昱國泰63購01,1.02,1.25
1150820,072484,南亞科國泰62購02,2.00,1.87
1150820,072485,南亞科國泰62購03,1.83,1.64
1150820,072486,南亞科國泰63購04,2.67,2.41
1150820,072487,友達國泰61購03,,1.07
1150820,072488,亞光國泰61購01,,0.78
1150820,072489,虎航國泰61購01,1.86,1.88
1150820,072490,富世達國泰61購01,1.56,1.49
1150820,072491,南亞台新5C購05,1.90,2.08
1150820,072492,楠梓電台新5C購03,,0.51
1150820,072493,台積電台新5C購06,,1.37
1150820,072494,台積電台新5C購07,,3.93
1150820,072495,台積電台新5C購08,,0.90
1150820,072496,台積電台新63購03,,1.20
1150820,072497,台積電台新66購01,,1.46
1150820,072498,台積電台新6C購01,,1.73
1150820,072499,華邦電台新5C購11,,0.68
1150820,072500,南亞科台新61購05,7.15,6.32
1150820,072501,南亞科台新66購03,2.06,1.84
1150820,072502,友達台新5C購09,,0.81
1150820,072503,強茂台新5C購03,0.98,1.04
1150820,072504,智伸科台新5C購02,,0.94
1150820,072505,三集瑞台新61購01,,0.39
1150820,072506,南茂台新5C購03,,0.62
1150820,072507,富鼎台新5C購02,0.63,0.81
1150820,072508,富鼎台新63購02,0.54,0.65
1150820,072509,台灣50凱基66購01,,1.14
1150820,07250U,大立光群益5B售01,,0.28
1150820,072510,上証2X凱基5C購01,0.50,0.68
1150820,072511,滬深2X凱基5C購02,,0.61
1150820,072512,南亞凱基61購05,1.19,1.25
1150820,072513,東鹼凱基5C購02,,0.51
1150820,072515,楠梓電凱基5C購01,0.21,0.27
1150820,072516,瑞昱凱基5C購03,0.38,0.50
1150820,072517,毅嘉凱基65購01,0.27,0.28
1150820,072518,漢唐凱基5C購07,0.36,0.43
1150820,072519,南亞科凱基61購07,,0.69
1150820,07251U,景碩群益5B售01,0.04,0.07
1150820,072520,友達凱基61購07,,0.46
1150820,072521,京元電凱基61購05,,0.31
1150820,072522,強茂凱基5C購03,0.43,0.44
1150820,072523,華航凱基5C購02,,0.50
1150820,072524,長榮航凱基5C購02,,0.64
1150820,072525,智伸科凱基5C購02,0.12,0.24
1150820,072526,台郡凱基61購01,,0.33
1150820,072527,采鈺凱基61購01,0.21,0.25
1150820,072528,矽創凱基61購01,,0.52
1150820,072529,富鼎凱基5C購04,0.34,0.41
1150820,072530,臺指反元大5C購04,0.36,0.38
1150820,072531,永續半元大5C購01,0.72,0.80
1150820,072532,鴻海元大5C購23,0.72,0.94
1150820,072533,鴻海元大5C購24,,0.93
1150820,072534,台積電元大5C購20,,0.46
1150820,072535,華邦電元大5C購20,,0.70
1150820,072536,華邦電元大5C購21,,0.41
1150820,072537,華邦電元大63購04,,0.70
1150820,072538,華邦電元大65購01,,0.79
1150820,072539,漢唐元大5C購12,0.54,0.66
1150820,072540,友達元大5C購12,,1.32
1150820,072541,友達元大5C購13,0.79,0.92
1150820,072542,智原元大5C購08,,0.67
1150820,072543,緯創元大5C購15,1.49,1.80
1150820,072544,智伸科元大5C購01,0.68,0.84
1150820,072545,聯茂元大5C購04,2.75,2.08
1150820,072546,聯茂元大5C購05,2.18,1.61
1150820,072547,富世達元大5C購05,,1.06
1150820,072548,南亞群益5C購04,2.13,2.29
1150820,072549,長興群益5C購01,,1.01
1150820,072550,光寶科群益5C購08,8.15,7.88
1150820,072551,聯電群益5C購03,0.63,0.77
1150820,072552,聯電群益5C購04,0.58,0.81
1150820,072553,華邦電群益5C購10,,0.55
1150820,072554,華邦電群益5C購11,0.63,0.64
1150820,072555,南亞科群益5C購05,1.28,1.14
1150820,072556,南亞科群益5C購06,1.55,1.42
1150820,072558,京元電群益62購04,0.77,0.90
1150820,072559,凱基金群益5C購01,,2.05
1150820,072560,晶豪科群益5C購08,2.73,2.95
1150820,072561,晶豪科群益62購01,1.34,1.55
1150820,072562,緯創群益5C購07,5.30,6.28
1150820,072563,日月光群益5C購06,1.85,2.12
1150820,072564,AES群益5C購01,0.70,0.93
1150820,072565,富世達群益5C購02,1.40,1.43
1150820,072566,富世達群益5C購03,0.78,0.71
1150820,072567,台灣50中信66購04,0.38,0.40
1150820,072568,T50正2中信66購06,0.39,0.41
1150820,072569,南亞中信66購01,0.80,0.82
1150820,072570,南亞科中信64購02,0.57,0.52
1150820,072571,京元電中信66購03,0.36,0.39
1150820,072572,智原中信66購02,,0.31
1150820,072573,富鼎中信5C購01,0.21,0.25
1150820,072574,臺股指中信64購01,0.32,0.35
1150820,072575,華新永豐5C購03,,0.70
1150820,072576,宇隆永豐61購01,,0.43
1150820,072577,順德永豐61購01,0.82,0.84
1150820,072578,南亞科永豐5C購05,0.87,0.76
1150820,072579,南亞科永豐64購04,1.00,1.08
1150820,072580,南亞科永豐68購02,1.80,1.73
1150820,072581,南亞科永豐6B購02,1.28,1.19
1150820,072582,友達永豐61購06,,0.46
1150820,072583,京元電永豐5C購04,,0.43
1150820,072584,京元電永豐64購01,,0.54
1150820,072586,晶豪科永豐64購03,,1.29
1150820,072587,聯陽永豐5C購01,,0.43
1150820,072588,聯詠永豐61購03,,0.81
1150820,072589,昇貿永豐5C購02,,0.46
1150820,072590,京鼎永豐61購01,,0.74
1150820,072591,日月光永豐61購04,0.42,0.49
1150820,072592,日月光永豐64購01,0.87,1.02
1150820,072593,大銀永豐64購01,0.59,0.63
1150820,072595,盛群永豐61購02,,0.72
1150820,072596,聯茂永豐64購03,,1.98
1150820,072597,聯茂永豐68購01,2.35,1.81
1150820,072598,康舒永豐62購01,,0.59
1150820,072599,力智永豐64購01,0.28,0.33
1150820,072600,松川永豐5C購01,,0.70
1150820,072601,富鼎永豐6A購01,,0.71
1150820,072602,南亞國票61購06,1.01,1.08
1150820,072603,華紙國票61購04,0.26,0.26
1150820,072604,南亞科國票61購08,1.00,0.90
1150820,072605,南亞科國票61購09,0.89,0.94
1150820,072606,采鈺國票5C購01,,0.35
1150820,072607,富鼎國票61購05,0.33,0.39
1150820,072608,台灣50台新5C購11,1.06,1.28
1150820,072609,T50正2台新5C購12,0.63,0.72
1150820,072610,南亞台新5C購06,1.73,1.80
1150820,072611,華新台新5C購02,,1.11
1150820,072612,華新台新5C購03,,0.58
1150820,072613,台積電台新5C購09,,0.56
1150820,072614,台積電台新61購05,,0.88
1150820,072616,南亞科台新5C購14,0.97,0.89
1150820,072617,南亞科台新5C購15,1.12,1.00
1150820,072618,南亞科台新63購04,1.27,1.12
1150820,072619,志聖台新5C購04,0.61,0.59
1150820,072620,強茂台新5C購04,,0.79
1150820,072621,宏達電台新62購01,,0.53
1150820,072622,聯詠台新5C購01,1.41,1.55
1150820,072623,聯詠台新5C購02,,1.16
1150820,072624,智原台新5C購01,0.60,0.68
1150820,072626,日月光台新5C購04,,1.26
1150820,072628,力智台新5C購01,,0.47
1150820,072630,南茂台新5C購04,,0.56
1150820,072631,富鼎台新61購02,0.57,0.68
1150820,072632,南亞富邦62購03,0.91,0.96
1150820,072634,南亞富邦63購03,0.95,0.99
1150820,072636,強茂富邦63購01,0.34,0.34
1150820,072637,威強電統一59購01,,0.05
1150820,072639,兆聯富邦62購02,,0.55
1150820,072640,富鼎富邦63購03,0.37,0.41
1150820,072641,乙盛國泰61購01,,0.64
1150820,072642,T50反1凱基61購06,,1.17
1150820,072643,T50反1凱基61購07,,1.69
1150820,072645,NASDAQ凱基5C購01,0.64,0.73
1150820,072646,臺指反凱基5C購04,0.62,0.61
1150820,072647,南亞凱基5C購09,0.90,0.98
1150820,072648,聯電凱基5C購13,0.18,0.23
1150820,072649,台積電凱基63購13,,0.70
1150820,072650,台積電凱基66購05,,0.97
1150820,072651,台積電凱基76購01,0.93,0.98
1150820,072652,台積電凱基76購02,0.97,1.01
1150820,072653,瑞昱凱基5C購04,0.24,0.32
1150820,072654,瑞昱凱基5C購05,,0.31
1150820,072655,南亞科凱基5C購08,0.53,0.48
1150820,072656,友達凱基5C購07,,0.37
1150820,072657,強茂凱基5C購04,0.22,0.24
1150820,072658,德律凱基5C購02,,0.31
1150820,072659,聯詠凱基5C購02,,0.53
1150820,072660,智原凱基5C購05,,0.10
1150820,072661,日月光凱基5C購10,0.21,0.28
1150820,072662,盛群凱基5C購01,,0.27
1150820,072663,聯茂凱基5C購06,2.20,1.47
1150820,072664,台郡凱基5C購04,,0.16
1150820,072665,松川凱基5C購03,0.33,0.36
1150820,072666,南茂凱基5C購06,0.18,0.21
1150820,072667,富鼎凱基5C購05,0.16,0.21
1150820,072668,臺股指凱基63購19,0.50,0.56
1150820,072669,臺股指凱基66購02,0.66,0.73
1150820,072670,台灣50元大5C購10,0.68,0.75
1150820,072671,南亞元大5C購10,1.83,1.87
1150820,072672,南亞元大5C購11,1.57,1.64
1150820,072673,南亞元大5C購12,1.26,1.31
1150820,072674,南亞元大61購05,1.38,1.47
1150820,072675,亞力元大5C購02,,0.45
1150820,072676,台玻元大5C購09,,0.29
1150820,072677,台積電元大5C購21,0.27,0.32
1150820,072678,台積電元大5C購22,,0.39
1150820,072679,瑞昱元大5C購03,0.58,0.76
1150820,072680,瑞昱元大66購01,0.52,0.60
1150820,072681,凌陽元大5C購01,0.57,0.73
1150820,072682,南亞科元大5C購12,1.23,1.16
1150820,072683,南亞科元大63購09,1.38,1.23
1150820,072684,南亞科元大66購07,1.01,0.97
1150820,072685,興勤元大5C購01,0.93,0.73
1150820,072686,超豐元大5C購03,0.53,0.71
1150820,072687,超豐元大63購01,,0.48
1150820,072688,華航元大5C購01,,1.28
1150820,072689,長榮航元大5C購02,1.28,1.42
1150820,072690,神基元大5C購03,1.06,1.04
1150820,072695,佳必琪元大5C購06,0.52,0.81
1150820,072696,台郡元大5C購03,0.32,0.44
1150820,072697,力智元大5C購01,,0.73
1150820,072698,采鈺元大5C購09,,0.75
1150820,072699,采鈺元大5C購10,,0.67
1150820,07269U,台灣50凱基5B售02,,0.03
1150820,072700,三集瑞元大5C購04,,0.49
1150820,072701,福懋科元大5C購01,,1.50
1150820,072702,富鼎元大5C購05,,0.59
1150820,072703,富鼎元大65購02,0.58,0.67
1150820,072704,台灣50群益5C購01,,1.17
1150820,072705,台灣50群益5C購02,,1.05
1150820,072706,台灣50群益61購01,,1.00
1150820,072710,滬深2X群益66購01,,0.82
1150820,072711,台塑群益5C購01,1.37,1.39
1150820,072712,南亞群益62購03,2.05,2.18
1150820,072713,華新群益5C購02,,0.57
1150820,072714,永光群益5C購01,,0.60
1150820,072716,聯電群益5C購05,,0.45
1150820,072717,聯電群益5C購06,0.34,0.46
1150820,072718,鴻海群益5C購21,,0.97
1150820,072719,中環群益5C購01,0.87,0.91
1150820,072720,台積電群益5C購16,,0.90
1150820,072722,台積電群益61購09,1.59,1.85
1150820,072724,矽統群益5C購01,,0.72
1150820,072725,瑞昱群益5C購03,,0.53
1150820,072726,瑞昱群益5C購04,0.36,0.46
1150820,072727,凌陽群益5C購02,,0.38
1150820,072729,漢唐群益64購02,0.46,0.58
1150820,072730,南亞科群益5C購07,1.48,1.39
1150820,072731,友達群益5C購07,,0.93
1150820,072733,義隆群益5C購01,,0.53
1150820,072734,華航群益5C購01,,1.00
1150820,072735,長榮航群益5C購01,1.30,1.49
1150820,072736,漢翔群益5C購02,3.90,3.40
1150820,072737,聯詠群益66購01,0.81,0.87
1150820,072740,日月光群益5C購07,,0.91
1150820,072742,聯茂群益5C購04,3.32,2.50
1150820,072743,台郡群益5C購03,0.20,0.22
1150820,072744,保瑞群益5C購01,,1.20
1150820,072745,力智群益5C購01,,0.44
1150820,072746,矽創群益61購01,0.57,0.60
1150820,072747,富鼎群益5C購01,0.40,0.52
1150820,072748,T50反1中信66購03,0.95,0.95
1150820,072749,台股增中信66購01,0.57,0.57
1150820,072750,聯電中信66購01,0.19,0.25
1150820,072751,瑞昱中信61購01,,0.30
1150820,072752,晶技中信66購01,,0.50
1150820,072753,T50正2富邦5C購04,2.32,2.65
1150820,072755,中興電富邦5C購01,0.49,0.52
1150820,072756,聯電富邦5C購02,0.25,0.39
1150820,072757,聯電富邦66購01,0.33,0.39
1150820,072758,威盛富邦5C購01,,0.49
1150820,072759,友達富邦76購01,0.59,0.60
1150820,072760,長榮航富邦5C購02,,0.67
1150820,072761,玉山金富邦5C購02,0.82,0.94
1150820,072762,元大金富邦5C購02,0.35,0.50
1150820,072763,永豐金富邦5C購03,0.59,0.65
1150820,072764,中信金富邦63購01,0.38,0.47
1150820,072765,德律富邦63購01,,0.45
1150820,072766,聯詠富邦6C購01,0.73,0.76
1150820,072767,晶技富邦5C購02,0.47,0.45
1150820,072768,聯茂富邦63購02,2.15,1.71
1150820,072769,矽格富邦5C購01,0.33,0.37
1150820,072770,台郡富邦5C購02,,0.23
1150820,072771,香港2X國票5C購01,3.18,3.36
1150820,072772,國企2X國票5C購01,1.82,1.77
1150820,072773,直得國票61購02,0.34,0.42
1150820,072774,聯電國票61購01,,0.60
1150820,072775,楠梓電國票61購05,,0.29
1150820,072776,華碩國票5C購03,2.26,2.12
1150820,072777,菱生國票61購03,,0.55
1150820,072778,瑞昱國票5C購03,,0.61
1150820,072779,瑞昱國票61購01,,0.73
1150820,072780,強茂國票5C購03,0.32,0.35
1150820,072781,台新金國票5C購01,1.77,1.85
1150820,072782,聯陽國票61購02,,0.49
1150820,072784,瑞鼎國票61購01,0.43,0.57
1150820,072785,日月光國票61購03,,0.77
1150820,072786,瀚宇博國票5C購01,,0.52
1150820,072789,AES國票5C購01,,0.59
1150820,072790,雲豹國票61購01,,0.54
1150820,072791,矽創國票61購02,,0.79
1150820,072794,菱生台新61購01,,0.72
1150820,072795,威盛台新5C購01,,0.64
1150820,072797,華航台新5C購02,0.71,0.88
1150820,072798,盛群台新5C購01,0.66,0.85
1150820,072799,盛群台新5C購02,,0.62
1150820,072800,啟碁台新5C購02,,1.65
1150820,072802,台灣50永豐5C購03,,1.21
1150820,072804,聯電永豐5C購05,0.24,0.30
1150820,072805,聯電永豐5C購06,,0.44
1150820,072806,聯電永豐5C購07,,0.26
1150820,072807,聯電永豐5C購08,,0.50
1150820,072808,聯電永豐5C購09,0.24,0.32
1150820,072809,中環永豐5C購01,0.38,0.38
1150820,072810,中環永豐64購01,0.47,0.48
1150820,072811,仁寶永豐61購03,1.11,1.06
1150820,072813,技嘉永豐5C購03,,1.19
1150820,072814,技嘉永豐5C購04,1.28,1.46
1150820,072815,漢唐永豐61購04,0.39,0.64
1150820,072816,友達永豐61購07,,0.59
1150820,072818,長榮航永豐5C購02,,1.25
1150820,072819,長榮航永豐5C購03,,0.78
1150820,072820,德律永豐5C購03,,0.71
1150820,072821,德律永豐5C購04,,0.72
1150820,072822,德律永豐5C購05,,0.56
1150820,072823,晶技永豐5C購02,,0.68
1150820,072824,晶技永豐5C購03,0.92,0.85
1150820,072825,晶技永豐5C購04,1.04,0.97
1150820,072826,晶技永豐5C購05,0.89,0.82
1150820,072827,晶技永豐5C購06,,0.43
1150820,072828,緯創永豐5C購04,,1.55
1150820,072829,定穎控永豐5C購03,0.31,0.41
1150820,072830,致伸永豐61購01,0.44,0.50
1150820,072831,啟碁永豐5C購04,,1.31
1150820,072832,啟碁永豐5C購05,,1.17
1150820,072833,啟碁永豐5C購06,,0.63
1150820,072834,緯穎永豐5C購05,,1.53
1150820,072835,緯穎永豐5C購06,,3.35
1150820,072836,富世達永豐5C購02,1.80,1.62
1150820,072837,富世達永豐5C購03,1.22,1.26
1150820,072838,富世達永豐5C購04,0.57,0.56
1150820,072839,至上永豐61購02,0.78,0.80
1150820,072840,華新國泰61購01,1.23,1.20
1150820,072841,聯電國泰61購05,,0.57
1150820,072845,聯電國泰61購06,0.54,0.67
1150820,072846,楠梓電國泰61購01,0.63,0.73
1150820,072847,智邦國泰61購03,0.84,1.08
1150820,072848,偉詮電國泰61購01,,0.90
1150820,072849,義隆國泰61購01,0.86,0.94
1150820,07284U,臺股指中信59售15,,0.02
1150820,072850,強茂國泰61購02,0.57,0.63
1150820,072851,益登國泰61購01,0.55,0.65
1150820,072852,TPK國泰61購02,0.63,0.62
1150820,072853,瀚宇博國泰61購01,,1.00
1150820,072854,佳必琪國泰61購01,,0.84
1150820,072855,聯茂國泰61購03,,4.02
1150820,072856,力智國泰61購01,,0.71
1150820,072857,福懋科國泰61購01,,0.80
1150820,072858,元金反凱基61購03,0.50,0.66
1150820,072860,宇隆凱基5C購02,0.17,0.25
1150820,072861,光寶科凱基5C購12,1.02,1.01
1150820,072862,聯電凱基5C購14,0.12,0.29
1150820,072863,聯電凱基5C購15,0.14,0.20
1150820,072864,楠梓電凱基5C購02,,0.22
1150820,072865,鴻海凱基5C購24,0.47,0.60
1150820,072867,矽統凱基5C購03,,0.29
1150820,072868,菱生凱基5C購03,0.10,0.16
1150820,072871,偉詮電凱基5C購01,,0.24
1150820,072872,超豐凱基5C購02,,0.38
1150820,072873,京元電凱基61購06,,0.31
1150820,072874,強茂凱基5C購05,0.20,0.21
1150820,072875,強茂凱基61購04,0.20,0.23
1150820,072876,晶技凱基5C購03,0.32,0.34
1150820,072877,玉晶光凱基5C購05,0.15,0.18
1150820,072878,佳必琪凱基5C購06,0.18,0.22
1150820,072879,保瑞凱基5C購04,0.39,0.37
1150820,072880,力智凱基5C購01,,0.20
1150820,072881,采鈺凱基5C購06,,0.24
1150820,072882,矽創凱基5C購01,,0.42
1150820,072883,中興電群益5C購03,,0.83
1150820,072884,聯電群益5C購07,0.29,0.39
1150820,072885,楠梓電群益5C購01,0.45,0.47
1150820,072888,技嘉群益5C購06,,0.67
1150820,072889,友達群益5C購08,,1.42
1150820,072890,超豐群益5C購01,0.44,0.43
1150820,072891,強茂群益5C購05,,0.34
1150820,072894,精成科群益5C購01,,0.41
1150820,072895,盛群群益5C購02,,0.43
1150820,072896,富世達群益61購02,,1.16
1150820,072897,致新群益5C購01,,0.42
1150820,072898,南茂群益5C購04,0.79,0.90
1150820,072899,勤誠群益61購02,0.38,0.61
1150820,072900,臺股指群益61購07,,0.64
1150820,072901,T50正2元大5C購04,0.75,0.83
1150820,072902,T50正2元大5C購05,0.69,0.76
1150820,072903,聯電元大5C購30,0.25,0.42
1150820,072904,聯電元大5C購31,0.37,0.44
1150820,072905,聯電元大5C購32,0.15,0.21
1150820,072906,聯電元大61購19,0.43,0.52
1150820,072907,聯電元大61購20,0.31,0.40
1150820,072908,聯電元大63購03,0.21,0.29
1150820,072909,楠梓電元大5C購04,0.63,0.74
1150820,072910,楠梓電元大5C購05,0.36,0.43
1150820,072911,楠梓電元大5C購06,,0.35
1150820,072912,楠梓電元大65購01,0.34,0.37
1150820,072913,楠梓電元大66購01,0.29,0.33
1150820,072914,台積電元大5C購23,0.29,0.35
1150820,072915,矽統元大5C購02,,0.48
1150820,072916,矽統元大63購01,,0.67
1150820,072918,菱生元大5C購05,0.17,0.24
1150820,072919,瑞昱元大5C購04,0.62,0.77
1150820,072920,瑞昱元大5C購05,0.67,0.89
1150820,072921,瑞昱元大65購01,0.80,0.94
1150820,072922,瑞昱元大66購02,0.43,0.49
1150820,072923,威盛元大5C購02,,1.06
1150820,072924,友達元大5C購14,,0.81
1150820,072925,友達元大5C購15,0.77,0.81
1150820,072926,友達元大61購16,0.95,0.97
1150820,072927,偉詮電元大5C購01,,0.46
1150820,072928,可成元大5C購04,0.93,0.88
1150820,072929,智原元大5C購09,,0.37
1150820,072930,晶技元大5C購03,1.14,1.08
1150820,072931,晶技元大63購02,0.48,0.47
1150820,072932,日月光元大5C購15,,0.69
1150820,072933,盛群元大5C購01,,1.21
1150820,072934,聯茂元大5C購06,,2.62
1150820,072935,台郡元大5C購04,0.37,0.37
1150820,072936,采鈺元大5C購11,,0.50
1150820,072937,富世達元大5C購06,1.30,1.24
1150820,072938,南茂元大5C購09,,0.40
1150820,072939,南茂元大5C購10,,0.41
1150820,072940,道瓊銀中信66購02,0.56,0.52
1150820,072942,聯茂中信66購01,1.18,0.94
1150820,072944,T50正2永豐61購03,,0.66
1150820,072945,元債2X永豐66購01,0.46,0.46
1150820,072947,台化永豐5C購03,,0.80
1150820,072948,中興電永豐5C購02,,1.00
1150820,072949,華城永豐63購02,,0.96
1150820,072950,中砂永豐5C購02,1.13,1.18
1150820,072951,中砂永豐5C購03,0.35,0.40
1150820,072952,光寶科永豐5C購03,,1.48
1150820,072953,金寶永豐5C購02,,0.71
1150820,072954,華通永豐5C購08,,0.53
1150820,072955,華通永豐5C購09,,0.86
1150820,072956,鴻海永豐5C購08,0.68,0.89
1150820,072957,台積電永豐5C購26,,1.11
1150820,072958,台積電永豐5C購27,,0.65
1150820,072959,台積電永豐5C購28,0.60,0.76
1150820,072960,台積電永豐5C購29,,0.90
1150820,072961,友達永豐66購03,0.98,0.99
1150820,072962,仲琦永豐5C購01,0.41,0.47
1150820,072963,仲琦永豐65購01,0.56,0.56
1150820,072964,鉅祥永豐61購01,0.45,0.55
1150820,072966,台積電元大59購01,8.90,9.31
1150820,072967,華航永豐66購01,0.95,1.10
1150820,072968,晶豪科永豐5C購07,0.68,0.75
1150820,072969,聯陽永豐64購01,0.70,0.77
1150820,072970,亞光永豐5C購01,,0.69
1150820,072971,聯發科元大59購01,,9.60
1150820,072972,亞光永豐5C購02,0.65,0.59
1150820,072973,智原永豐5C購03,,0.45
1150820,072974,緯創永豐5C購05,,1.74
1150820,072975,佳必琪永豐5C購05,0.58,0.69
1150820,072976,佳必琪永豐5C購06,,0.67
1150820,072977,佳必琪永豐5C購07,,0.49
1150820,072978,聯茂永豐66購01,,2.70
1150820,072979,台郡永豐63購01,,0.59
1150820,072980,矽創永豐5C購03,,0.98
1150820,072981,永光國泰61購01,,0.88
1150820,072982,上銀國泰61購01,2.42,2.56
1150820,072983,台積電國泰61購06,1.28,1.38
1150820,072984,順德國泰61購01,0.88,0.80
1150820,072985,菱生國泰61購01,0.58,0.76
1150820,072987,瑞鼎國泰61購01,0.89,1.15
1150820,072988,緯穎國泰61購02,5.30,4.78
1150820,072989,采鈺國泰61購01,,0.79
1150820,072990,富世達國泰61購02,1.35,1.51
1150820,072991,亞泥國票61購01,0.60,0.56
1150820,072992,統一國票5C購01,1.40,1.19
1150820,072993,統一國票5C購02,1.15,1.01
1150820,072994,三芳國票5C購02,,0.67
1150820,072995,儒鴻國票5C購02,1.01,1.30
1150820,072996,東元國票5C購03,1.11,0.97
1150820,072997,和大國票61購01,0.66,0.71
1150820,072998,中砂國票61購02,,0.89
1150820,072999,大亞國票61購02,,0.89
1150820,073000,東鹼國票61購03,,0.73
1150820,073001,台橡國票61購01,1.21,1.18
1150820,073002,中橡國票61購01,0.61,0.60
1150820,073003,宇隆國票61購01,,0.58
1150820,073004,順德國票61購04,,0.45
1150820,073005,鴻準國票5C購01,1.20,1.28
1150820,073006,鴻準國票61購01,,1.11
1150820,073007,矽統國票61購02,,0.48
1150820,073008,凌陽國票61購02,,0.50
1150820,073009,友達國票5C購04,,0.68
1150820,073010,強茂國票5C購04,0.33,0.36
1150820,073011,裕民國票61購01,1.04,0.96
1150820,073012,雄獅國票61購01,0.59,0.62
1150820,073013,八方國票61購01,0.63,0.62
1150820,073014,洋華國票61購01,,0.57
1150820,073015,達運國票61購01,,0.60
1150820,073016,精成科國票5C購01,,0.49
1150820,073018,聯茂國票61購04,2.47,1.85
1150820,073019,力智國票5C購02,,0.38
1150820,073021,虎航國票5C購02,0.73,0.74
1150820,073022,虎航國票5C購03,0.76,0.77
1150820,073023,泰金寶國票5C購02,0.58,0.62
1150820,073024,T50正2凱基5C購09,0.76,0.85
1150820,073025,T50正2凱基63購06,,1.06
1150820,073027,台化凱基5C購02,,0.69
1150820,073029,中砂凱基5C購03,,0.65
1150820,073030,華新凱基63購01,,0.51
1150820,073031,金寶凱基5C購03,0.21,0.29
1150820,073032,華通凱基5C購06,,0.46
1150820,073034,智邦凱基5C購08,0.42,0.61
1150820,073035,順德凱基5C購02,0.28,0.31
1150820,073036,順德凱基5C購03,0.37,0.37
1150820,073037,技嘉凱基5C購04,,1.10
1150820,073038,威盛凱基5C購03,,0.72
1150820,073039,友達凱基5C購08,,0.34
1150820,073040,友達凱基5C購09,,0.52
1150820,073043,可成凱基5C購06,0.66,0.64
1150820,073044,強茂凱基5C購06,0.25,0.28
1150820,073047,新日興凱基5C購06,,0.57
1150820,073048,日月光凱基5C購11,0.43,0.54
1150820,073050,聯茂凱基5C購07,2.36,1.66
1150820,073051,聯茂凱基5C購08,,1.56
1150820,073052,聯茂凱基5C購09,2.45,1.57
1150820,073053,台郡凱基5C購05,,0.28
1150820,073054,力智凱基5C購02,,0.34
1150820,073056,力智凱基5C購03,,0.25
1150820,073057,富世達凱基5C購07,,0.74
1150820,073058,長華凱基5C購01,0.34,0.36
1150820,073059,致新凱基5C購02,,0.23
1150820,073060,南茂凱基61購03,0.34,0.41
1150820,073061,臺股指凱基61購18,,0.83
1150820,073062,臺股指凱基63購20,,0.93
1150820,073063,台化富邦63購01,,0.68
1150820,073064,華通富邦5C購04,,0.36
1150820,073065,聯茂富邦63購03,1.75,1.34
1150820,073066,臺股指富邦5C購23,0.72,0.79
1150820,073068,臺股指富邦66購14,,3.30
1150820,073069,臺股指富邦69購01,,1.07
1150820,073070,台化群益5C購02,,1.40
1150820,073071,華通群益5C購05,,1.13
1150820,073072,順德群益5C購01,0.57,0.52
1150820,073073,智原群益5C購04,,0.60
1150820,073074,晶技群益5C購03,0.94,0.91
1150820,073075,智易群益5C購01,,0.53
1150820,073076,聯茂群益5C購05,4.78,3.38
1150820,073077,力智群益5C購02,,0.40
1150820,073078,潤泰新群益5C購01,1.58,1.39
1150820,073079,台塑台新61購01,2.12,2.13
1150820,073080,台化台新5C購02,,1.08
1150820,073081,中砂台新5C購01,0.62,0.68
1150820,073082,永光台新5C購03,,0.30
1150820,073083,永光台新5C購04,,0.34
1150820,073084,鉅祥台新61購01,0.93,1.00
1150820,073085,華航台新5C購03,,0.79
1150820,073086,亞光台新5C購01,,0.59
1150820,073087,亞光台新5C購02,,0.41
1150820,073088,神達台新5C購02,,1.79
1150820,073089,聯茂台新5C購01,,2.02
1150820,073090,聯茂台新5C購02,,9.01
1150820,073091,聯茂台新5C購03,9.45,6.83
1150820,073092,聯茂台新61購01,,1.69
1150820,073093,聯茂台新63購01,6.15,4.49
1150820,073094,聯茂台新63購02,,2.16
1150820,073095,聯茂台新64購01,,1.94
1150820,073096,聯茂台新66購01,3.50,2.64
1150820,073097,聯茂台新6C購01,,2.57
1150820,073098,力智台新5C購02,,0.29
1150820,073099,力智台新5C購03,,0.29
1150820,073100,泓德台新5C購01,,1.13
1150820,073101,臺股指台新5C購14,,1.19
1150820,073102,臺股指台新5C購15,,0.85
1150820,073104,T50正2元大61購03,0.80,0.88
1150820,073105,臺指2X元大5C購01,0.67,0.75
1150820,073106,台玻元大5C購10,1.07,0.91
1150820,073107,金寶元大5C購05,0.66,0.77
1150820,073108,仁寶元大5C購09,1.18,1.22
1150820,073109,台積電元大5C購24,,0.50
1150820,073110,台亞元大5C購01,,0.58
1150820,073111,宏碁元大5C購05,1.00,1.02
1150820,073112,矽統元大5C購03,,0.87
1150820,073113,微星元大5C購05,0.61,0.75
1150820,073114,可成元大5C購05,1.21,1.13
1150820,073115,鉅祥元大5C購02,0.53,0.61
1150820,073116,強茂元大5C購09,0.59,0.60
1150820,073117,強茂元大5C購10,0.43,0.48
1150820,073118,強茂元大5C購11,0.28,0.35
1150820,073119,強茂元大61購03,0.65,0.67
1150820,073120,強茂元大61購04,0.54,0.57
1150820,073121,強茂元大63購01,0.38,0.40
1150820,073122,陽明元大66購01,3.47,2.67
1150820,073123,華航元大5C購02,0.76,0.95
1150820,073124,晶豪科元大5C購07,0.53,0.63
1150820,073125,亞光元大5C購03,0.75,0.72
1150820,073126,智原元大5C購10,,0.52
1150820,073127,晶技元大5C購04,0.55,0.54
1150820,073128,新日興元大5C購06,1.04,1.10
1150820,073129,玉晶光元大5C購05,0.32,0.32
1150820,07312U,世芯中信59售01,,0.16
1150820,073130,精成科元大5C購01,0.35,0.40
1150820,073131,佳必琪元大5C購07,0.79,0.92
1150820,073132,聯茂元大5C購07,3.07,2.25
1150820,073133,聯茂元大5C購08,1.62,1.16
1150820,073134,台表科元大5C購02,0.90,0.83
1150820,073136,保瑞元大5C購02,1.42,1.24
1150820,073137,力智元大5C購02,0.20,0.35
1150820,073138,富世達元大5C購07,1.15,0.99
1150820,073139,南茂元大5C購11,,0.70
1150820,073140,南茂元大5C購12,,0.80
1150820,073141,元金2X中信66購01,1.06,0.93
1150820,073142,台塑中信5C購02,0.41,0.42
1150820,073143,台化中信5C購01,0.42,0.45
1150820,073145,力智中信65購01,,0.34
1150820,073146,金像電國泰61購02,0.88,0.78
1150820,073149,金像電國泰61購03,0.83,0.88
1150820,073150,友達國泰61購05,,1.13
1150820,073151,香港2X國票5C購02,2.23,2.25
1150820,073152,矽統國票61購03,,0.39
1150820,073153,金像電國票63購01,0.49,0.52
1150820,073154,大同國票5C購02,0.99,0.88
1150820,073155,佳能國票61購02,,0.72
1150820,073157,華固國票61購01,0.58,0.59
1150820,073158,萬海國票61購01,2.33,1.47
1150820,073160,宏致國票5C購01,2.02,2.10
1150820,073161,中磊國票61購02,,0.94
1150820,073162,旭隼國票61購03,,0.80
1150820,073163,洋基國票61購02,,0.66
1150820,073164,福懋科國票5C購02,,0.55
1150820,073165,美利達國票5C購01,1.82,1.68
1150820,073167,台灣50台新5C購14,0.91,1.03
1150820,073168,T50正2台新5C購13,0.58,0.64
1150820,073169,T50正2台新5C購14,,0.92
1150820,073170,台化台新5C購04,0.63,0.69
1150820,073171,順德台新5C購03,0.54,0.52
1150820,073172,矽統台新5C購01,1.99,2.46
1150820,073173,金像電台新5C購01,0.60,0.55
1150820,073174,友達台新5C購11,,0.56
1150820,073175,友達台新5C購12,,0.64
1150820,073176,友達台新5C購13,,0.54
1150820,073178,京元電台新5C購04,,0.41
1150820,073179,長榮航台新5C購01,,1.32
1150820,073182,長榮航台新5C購02,,1.01
1150820,073183,長榮航台新5C購03,,0.74
1150820,073184,聯陽台新5C購04,,0.46
1150820,073185,聯陽台新5C購05,,0.44
1150820,073187,亞翔台新5C購06,,0.60
1150820,073190,旭隼台新61購01,,1.30
1150820,073191,騰輝電台新5C購02,0.90,0.70
1150820,073192,騰輝電台新5C購03,1.26,0.97
1150820,073194,虎航台新5C購01,0.68,0.69
1150820,073195,虎航台新5C購02,0.64,0.64
1150820,073198,臺指2X凱基61購02,,0.83
1150820,073199,元金2X凱基5C購06,2.42,2.03
1150820,073200,道瓊銀凱基5C購07,1.90,1.74
1150820,073201,東元凱基5C購03,1.08,0.91
1150820,073202,華通凱基5C購07,0.81,0.85
1150820,073203,仁寶凱基5C購05,0.92,0.97
1150820,073204,台積電凱基5C購26,,1.14
1150820,073205,順德凱基5C購04,0.63,0.58
1150820,073206,鴻準凱基5C購01,1.43,1.58
1150820,073207,矽統凱基5C購04,,0.32
1150820,073208,金像電凱基5C購02,0.43,0.43
1150820,073209,金像電凱基61購02,0.83,0.73
1150820,073210,漢唐凱基61購04,,0.57
1150820,073211,友達凱基5C購10,,0.44
1150820,073212,義隆凱基5C購01,,0.28
1150820,073213,義隆凱基5C購02,,0.45
1150820,073214,鉅祥凱基61購01,,0.49
1150820,073215,裕民凱基5C購01,1.73,1.52
1150820,073216,陽明凱基5C購02,2.37,1.55
1150820,073217,華航凱基5C購03,,0.95
1150820,073218,亞光凱基5C購01,0.58,0.56
1150820,073219,文曄凱基5C購01,0.86,1.12
1150820,073220,晶技凱基5C購04,1.14,1.13
1150820,073221,玉晶光凱基5C購06,0.38,0.47
1150820,073222,智易凱基5C購01,,0.64
1150820,073223,亞翔凱基5C購07,0.86,1.09
1150820,073224,精成科凱基5C購02,,0.65
1150820,073225,佳必琪凱基5C購07,,0.72
1150820,073226,台表科凱基5C購02,,0.75
1150820,073227,旭隼凱基5C購04,0.79,0.82
1150820,073228,虎航凱基5C購02,,0.51
1150820,073229,矽創凱基61購02,,0.68
1150820,073231,臺股指凱基66購03,,1.08
1150820,073232,台灣50元大5C購11,0.94,1.00
1150820,073233,台塑元大5C購01,,2.14
1150820,073234,台塑元大65購02,2.04,1.99
1150820,073235,台塑元大66購01,1.54,1.50
1150820,073236,台化元大5C購03,1.61,2.05
1150820,073237,台化元大5C購04,1.61,1.71
1150820,073238,台化元大65購02,1.55,1.61
1150820,073239,台積電元大5C購25,0.99,1.09
1150820,073240,順德元大5C購02,0.71,0.65
1150820,073241,順德元大66購01,0.48,0.45
1150820,073242,矽統元大5C購04,,0.60
1150820,073243,矽統元大66購01,,0.79
1150820,073244,金像電元大5C購03,0.47,0.48
1150820,073245,金像電元大5C購04,0.41,0.37
1150820,073246,金像電元大61購08,,0.45
1150820,073247,菱生元大5C購06,,0.76
1150820,073248,技嘉元大5C購10,1.46,1.72
1150820,073249,漢唐元大5C購13,0.47,0.54
1150820,073250,友達元大5C購16,,1.14
1150820,073251,華航元大5C購03,,0.90
1150820,073253,長榮航元大5C購03,0.55,0.61
1150820,073254,新日興元大5C購07,1.28,1.27
1150820,073255,玉晶光元大5C購06,0.84,0.67
1150820,073256,玉晶光元大66購01,0.53,0.46
1150820,073257,亞翔元大5C購12,0.95,1.26
1150820,073258,佳必琪元大5C購08,,0.82
1150820,073260,矽格元大65購01,0.35,0.43
1150820,073261,騰輝電元大5C購02,1.06,0.83
1150820,073262,力智元大5C購03,,0.47
1150820,073263,富世達元大5C購08,1.02,0.86
1150820,073264,華東元大5C購02,0.41,0.59
1150820,073265,南茂元大5C購13,0.85,0.94
1150820,073266,台灣50永豐5C購05,,0.37
1150820,073267,台灣50永豐63購02,,1.89
1150820,073268,台灣50永豐63購03,,2.06
1150820,073269,台灣50永豐63購04,1.86,2.02
1150820,073270,上証2X永豐5C購02,,0.83
1150820,073272,香港2X永豐5C購01,,1.59
1150820,073273,元日2X永豐5C購01,,1.07
1150820,073274,元日2X永豐5C購02,,0.59
1150820,073276,SGBR2X永豐5C購03,,2.01
1150820,073277,美費半永豐5C購01,,0.70
1150820,073280,台泥永豐5C購01,0.90,0.87
1150820,073281,台泥永豐5C購02,0.78,0.76
1150820,073282,台塑永豐5C購02,0.62,0.76
1150820,073283,台化永豐63購01,,0.69
1150820,073284,聚陽永豐5C購01,,0.98
1150820,073285,亞力永豐5C購02,,0.56
1150820,073286,華城永豐5C購03,0.87,0.84
1150820,073288,大亞永豐63購01,0.74,0.81
1150820,073289,大成鋼永豐5C購02,1.81,1.57
1150820,073290,鴻海永豐5C購09,0.57,0.80
1150820,073291,鴻海永豐61購04,1.20,1.48
1150820,073292,精英永豐5C購01,0.53,0.55
1150820,073293,華碩永豐5C購01,26.00,22.01
1150820,073294,華碩永豐5C購02,2.15,1.93
1150820,073295,矽統永豐5C購01,,0.22
1150820,073296,金像電永豐5C購03,,0.68
1150820,073297,金像電永豐5C購04,,0.37
1150820,073298,金像電永豐5C購05,,0.26
1150820,073299,金像電永豐63購01,1.16,1.11
1150820,073300,金像電永豐63購02,0.69,0.71
1150820,073301,金像電永豐66購01,1.05,0.95
1150820,073302,漢唐永豐64購01,0.60,0.71
1150820,073303,八方永豐5C購01,1.24,1.26
1150820,073304,聯詠永豐5C購02,,0.78
1150820,073305,文曄永豐5C購02,,1.12
1150820,073306,華晶科永豐5C購01,0.32,0.36
1150820,073307,華晶科永豐5C購02,,0.31
1150820,073308,新日興永豐5C購03,,0.74
1150820,073309,TPK永豐5C購02,0.59,0.66
1150820,073310,精成科永豐5C購01,,0.82
1150820,073311,精成科永豐5C購02,,0.93
1150820,073312,帆宣永豐5C購01,,0.66
1150820,073313,帆宣永豐5C購02,,0.49
1150820,073314,帆宣永豐5C購03,,0.40
1150820,073315,旭隼永豐5C購02,0.49,0.48
1150820,073316,樺漢永豐5C購02,,1.62
1150820,073317,緯穎永豐63購01,4.34,4.19
1150820,073318,緯穎永豐63購02,,3.56
1150820,073319,龍德船永豐5C購01,1.30,1.22
1150820,073320,虎航永豐5C購01,,0.58
1150820,073322,虎航永豐5C購02,0.64,0.66
1150820,073324,台積電統一63購01,,2.54
1150820,073325,台積電富邦76購01,1.13,1.17
1150820,073326,華碩富邦5C購02,1.19,1.10
1150820,073330,友達富邦5C購06,0.40,0.42
1150820,073332,台新金富邦5C購02,1.11,1.20
1150820,073333,亞光富邦5C購02,,0.24
1150820,073334,勤誠富邦5C購01,,0.38
1150820,073335,元黃金群益5C購06,4.18,3.74
1150820,073336,元黃金群益5C購07,4.36,3.86
1150820,073337,元金2X群益5C購05,4.05,3.44
1150820,073339,道瓊銀群益5C購04,,1.66
1150820,073341,台塑群益5C購02,1.24,1.26
1150820,073342,台化群益5C購03,,0.94
1150820,073343,中興電群益5C購04,1.62,1.67
1150820,073344,中砂群益5C購02,2.27,2.37
1150820,073345,華新群益5C購03,1.59,1.59
1150820,073346,華通群益5C購06,0.86,0.82
1150820,073347,智邦群益5C購04,0.66,0.89
1150820,073348,技嘉群益61購01,,1.68
1150820,073349,威盛群益5C購03,,1.32
1150820,073350,漢唐群益63購02,,0.41
1150820,073351,友達群益5C購09,,1.89
1150820,073352,可成群益64購01,2.24,2.10
1150820,073353,晶豪科群益5C購10,1.90,2.37
1150820,073354,聯陽群益5C購01,0.66,0.73
1150820,073355,新日興群益63購02,,0.63
1150820,073356,日月光群益5C購09,,0.88
1150820,073357,緯穎群益5C購02,4.95,5.02
1150820,073358,中砂中信5C購01,0.39,0.50
1150820,073359,友達中信65購01,,0.48
1150820,073360,宏達電中信5C購01,,0.45
1150820,073361,華航中信5C購01,,0.39
1150820,073362,亞翔中信65購01,,0.48
1150820,073363,元黃金凱基5C購08,2.29,2.00
1150820,073364,香港2X凱基5C購02,,3.79
1150820,073365,元金2X凱基5C購07,3.26,2.80
1150820,073366,台塑凱基5C購01,,1.82
1150820,073367,三芳凱基5C購01,0.68,0.67
1150820,073368,中砂凱基5C購04,1.33,1.41
1150820,073369,華新凱基62購01,,1.21
1150820,073370,宇隆凱基5C購03,0.81,1.09
1150820,073371,智邦凱基5C購09,0.64,0.88
1150820,073372,技嘉凱基5C購05,,1.69
1150820,073373,可成凱基65購01,1.98,1.88
1150820,073374,長榮航凱基5C購03,0.85,1.02
1150820,073375,慧洋凱基5C購01,2.53,2.06
1150820,073376,晶豪科凱基63購02,1.09,0.76
1150820,073377,聯陽凱基5C購01,0.41,0.52
1150820,073378,新日興凱基62購01,,1.01
1150820,073379,日月光凱基5C購12,,0.69
1150820,073380,瀚宇博凱基5C購01,,0.58
1150820,073381,亞翔凱基63購02,,1.10
1150820,073382,緯穎凱基5C購10,4.94,4.92
1150820,073383,洋基凱基62購01,0.27,0.43
1150820,073384,富世達凱基5C購08,1.46,1.38
1150820,073385,福懋科凱基5C購02,,0.92
1150820,073386,美利達凱基5C購01,2.40,2.11
1150820,073387,潤泰新凱基5C購01,1.65,1.35
1150820,073388,台灣50永豐5C購06,0.38,0.40
1150820,073389,台灣50永豐5C購07,0.38,0.41
1150820,073390,台灣50永豐5C購08,,0.36
1150820,073391,台灣50永豐5C購09,,1.47
1150820,073392,台灣50永豐62購01,,1.28
1150820,073393,台灣50永豐62購02,,1.66
1150820,073395,T50正2永豐5C購05,,0.98
1150820,073396,T50正2永豐5C購06,,0.76
1150820,073397,東陽永豐5C購01,1.10,0.99
1150820,073398,正新永豐5C購01,1.29,1.29
1150820,073399,裕隆永豐5C購01,1.16,1.08
1150820,073400,華通永豐5C購10,,0.63
1150820,073401,華通永豐5C購11,0.92,0.91
1150820,073402,華通永豐5C購12,,0.75
1150820,073403,華通永豐62購02,,0.81
1150820,073404,華通永豐62購03,0.67,0.65
1150820,073405,華通永豐62購04,0.94,0.95
1150820,073406,華通永豐63購02,1.04,1.02
1150820,073407,華通永豐66購01,,1.63
1150820,073408,台積電永豐62購03,1.10,1.18
1150820,073409,台積電永豐62購04,1.33,1.46
1150820,073412,台積電永豐62購07,,0.59
1150820,073413,台積電永豐62購08,3.47,3.74
1150820,073414,台積電永豐62購09,,0.79
1150820,073415,金像電永豐62購01,,0.69
1150820,073416,金像電永豐62購02,0.76,0.76
1150820,073417,金像電永豐62購03,,0.57
1150820,073418,金像電永豐66購02,,1.16
1150820,073419,京元電永豐5C購05,0.52,0.67
1150820,073420,裕民永豐5C購01,1.60,1.40
1150820,073421,萬海永豐5C購01,3.33,1.93
1150820,073422,德律永豐5C購06,,0.69
1150820,073423,德律永豐5C購07,,0.52
1150820,073424,晶技永豐63購01,1.25,1.22
1150820,073425,晶技永豐63購02,,0.67
1150820,073426,晶技永豐66購01,1.59,1.46
1150820,073428,TPK永豐5C購03,0.61,0.57
1150820,073429,日月光永豐5C購05,0.88,1.08
1150820,073430,精銳永豐5C購01,0.58,0.65
1150820,073431,精銳永豐63購01,1.09,1.24
1150820,073432,祥碩永豐5C購03,1.03,0.99
1150820,073433,祥碩永豐63購02,1.47,1.41
1150820,073434,亞翔永豐63購02,,0.69
1150820,073435,亞翔永豐63購03,,0.90
1150820,073437,盛群永豐5C購01,,0.83
1150820,073438,台郡永豐5C購01,,0.75
1150820,073439,啟碁永豐63購01,,2.00
1150820,073440,啟碁永豐63購02,1.03,1.53
1150820,073442,啟碁永豐63購03,,1.40
1150820,073443,緯穎永豐63購03,,2.17
1150820,073444,緯穎永豐66購02,4.70,4.57
1150820,073445,虎航永豐63購01,,0.64
1150820,073446,富世達永豐63購01,1.54,1.39
1150820,073447,富世達永豐63購02,,2.03
1150820,073448,世紀鋼永豐5C購02,,1.30
1150820,073450,鴻海統一63購01,,1.16
1150820,073451,信錦國票62購01,,0.43
1150820,073452,東聯國票62購01,,0.70
1150820,073453,正新國票62購01,0.71,0.71
1150820,073454,宇隆國票62購01,0.55,0.72
1150820,073455,昆盈統一5C購01,,0.02
1150820,073457,仁寶國票62購01,,1.27
1150820,073460,富世達統一5B購01,,1.18
1150820,073469,騰輝電國票5C購02,,0.56
1150820,073471,意騰國票62購01,,0.40
1150820,073472,台虹國票62購01,3.41,2.53
1150820,073473,泰金寶國票5C購03,0.64,0.66
1150820,073475,滬深2X台新5C購01,1.33,1.84
1150820,073476,華夏台新5C購01,,0.62
1150820,073477,華城台新5C購04,,1.33
1150820,073478,華城台新5C購05,,1.35
1150820,073479,合機台新5C購01,,1.35
1150820,073480,台郡台新5C購04,,1.05
1150820,073481,台郡台新5C購05,,0.88
1150820,073482,長華台新5C購02,0.58,0.60
1150820,073483,致新台新5C購01,,0.53
1150820,073484,福懋科台新5C購02,,0.71
1150820,073485,福懋科台新5C購03,,0.71
1150820,073486,臺指2X富邦5C購04,0.29,0.30
1150820,073489,中砂富邦63購01,0.42,0.45
1150820,073490,光寶科富邦63購02,,1.67
1150820,073491,建準富邦63購02,0.49,0.54
1150820,073492,晶豪科富邦63購02,0.49,0.58
1150820,073493,昇貿富邦63購03,0.38,0.42
1150820,073494,新日興富邦63購02,,0.56
1150820,073495,新日興富邦63購03,,0.37
1150820,073496,玉晶光富邦63購02,0.43,0.47
1150820,073497,玉晶光富邦63購03,,0.35
1150820,073499,康舒富邦5C購04,,0.40
1150820,073501,群電富邦63購02,,0.32
1150820,073503,緯穎富邦5C購03,,1.87
1150820,073504,洋基富邦5C購02,,0.28
1150820,073505,力智富邦63購02,,0.32
1150820,073506,力智富邦63購03,,0.33
1150820,073507,台塑國泰62購01,,2.03
1150820,073508,華通國泰62購01,1.21,1.02
1150820,073509,長榮國泰62購01,3.78,2.95
1150820,073510,晶豪科國泰62購02,1.97,2.27
1150820,073511,玉晶光國泰62購01,,0.44
1150820,073512,玉晶光國泰62購02,,0.59
1150820,073513,騰輝電國泰62購01,,1.09
1150820,073514,虎航國泰63購01,1.56,1.62
1150820,073515,東鹼群益5C購01,,1.02
1150820,073516,順德群益62購01,0.83,0.81
1150820,073517,金像電群益5C購02,0.43,0.47
1150820,073518,技嘉群益5C購07,1.41,1.61
1150820,073519,洋基群益5C購02,0.39,0.53
1150820,073520,采鈺群益62購01,,0.69
1150820,073521,台化元大5C購05,2.07,2.09
1150820,073522,台積電元大5C購26,1.14,1.21
1150820,073523,順德元大5C購03,0.41,0.37
1150820,073524,矽統元大5C購05,,0.55
1150820,073525,矽統元大5C購06,,0.68
1150820,073526,金像電元大5C購05,0.58,0.57
1150820,073527,金像電元大5C購06,,0.35
1150820,073528,金像電元大5C購07,,0.61
1150820,073529,技嘉元大5C購11,1.86,2.03
1150820,073530,漢唐元大5C購14,0.30,0.47
1150820,073531,友達元大5C購17,,1.08
1150820,073532,義隆元大5C購01,0.46,0.56
1150820,073533,可成元大5C購06,1.24,1.18
1150820,073534,長榮航元大5C購04,0.62,0.67
1150820,073535,晶豪科元大5C購08,2.05,2.14
1150820,073536,聯詠元大5C購02,1.20,1.34
1150820,073537,智原元大5C購11,0.70,0.74
1150820,073538,智原元大65購01,0.66,0.66
1150820,073539,晶技元大5C購05,1.02,0.99
1150820,073540,晶技元大66購03,0.75,0.76
1150820,073541,華晶科元大5C購03,,0.66
1150820,073542,玉晶光元大5C購07,0.95,0.77
1150820,073543,玉晶光元大66購02,0.49,0.41
1150820,073544,日月光元大5C購16,,0.97
1150820,073545,帆宣元大5C購01,0.46,0.52
1150820,073546,台郡元大5C購05,,0.45
1150820,073547,旭隼元大5C購05,0.66,0.62
1150820,073548,旭隼元大63購01,,0.80
1150820,073549,騰輝電元大66購01,1.12,0.96
1150820,073550,AES元大5C購05,0.71,0.79
1150820,073551,富世達元大5C購09,1.54,1.50
1150820,073552,富世達元大5C購10,1.34,1.33
1150820,073553,臺股指元大62購10,,1.30
1150820,073554,T50反1中信71購01,1.16,1.16
1150820,073555,道瓊銀中信67購01,1.03,0.95
1150820,073556,南亞科中信65購01,0.68,0.61
1150820,073557,友達中信66購02,,0.43
1150820,073558,和碩中信63購01,,0.53
1150820,073559,保瑞中信61購01,,0.65
1150820,073560,台灣50富邦61購09,,1.15
1150820,073561,T50正2富邦61購12,0.84,0.89
1150820,073562,T50正2富邦61購13,2.33,2.61
1150820,073563,T50反1富邦64購02,,0.83
1150820,073564,金像電富邦61購02,0.41,0.43
1150820,073565,新代富邦63購01,1.28,1.31
1150820,073566,新代富邦65購01,1.27,1.23
1150820,073567,泰金寶富邦63購01,,0.36
1150820,073569,義隆國泰63購01,0.76,0.84
1150820,073570,正文國泰62購01,,0.95
1150820,073571,jpp國泰62購01,0.84,0.80
1150820,073572,亞翔國泰62購01,0.59,0.73
1150820,073573,新代國泰62購01,1.34,1.31
1150820,073574,矽創國泰62購01,,1.10
1150820,073575,中502X國票62購01,1.82,2.02
1150820,073576,台化國票61購01,,1.14
1150820,073579,東聯國票62購02,,0.59
1150820,073580,光寶科國票62購01,1.26,1.27
1150820,073581,華通國票62購03,,0.74
1150820,073582,鴻海國票62購02,0.90,1.16
1150820,073583,漢翔國票62購01,2.43,1.91
1150820,073585,凌航國票62購01,0.55,0.57
1150820,073586,精銳國票64購01,,0.50
1150820,073587,中租國票62購01,0.67,0.71
1150820,073588,今國光國票61購01,,0.76
1150820,073589,力智國票61購02,,0.68
1150820,073590,新代國票61購01,1.23,1.24
1150820,073591,新代國票61購02,1.47,1.49
1150820,073592,振樺電國票61購01,0.74,0.99
1150820,073593,日友國票68購01,0.61,0.62
1150820,073594,億豐國票61購01,,1.26
1150820,073595,台灣50台新61購01,,1.34
1150820,073597,滬深2X台新61購01,,2.56
1150820,073598,台股增台新61購01,,1.04
1150820,073599,華通台新61購01,1.75,1.63
1150820,073600,華通台新61購02,,1.35
1150820,073601,佳世達台新61購01,,1.11
1150820,073602,南亞科台新64購01,2.14,1.98
1150820,073603,友達台新61購01,0.83,0.92
1150820,073604,京鼎台新61購01,0.81,1.07
1150820,073605,材料台新61購01,,1.30
1150820,073606,瀚宇博台新61購01,,0.70
1150820,073607,瀚宇博台新64購01,0.53,0.61
1150820,073608,亞翔台新61購01,,0.46
1150820,073609,緯穎台新61購02,,3.72
1150820,073610,振樺電台新61購01,,1.68
1150820,073611,振樺電台新61購02,1.91,2.64
1150820,073612,T50反1永豐61購02,,0.58
1150820,073613,T50反1永豐61購03,0.40,0.39
1150820,073614,T50反1永豐61購04,0.54,0.53
1150820,073615,T50反1永豐62購01,,1.08
1150820,073617,T50反1永豐64購01,0.77,0.76
1150820,073618,堤維西永豐64購01,1.07,1.15
1150820,073619,中砂永豐61購02,,0.76
1150820,073620,中砂永豐64購01,,1.44
1150820,073621,中砂永豐64購02,1.11,1.26
1150820,073622,華新永豐61購02,,1.79
1150820,073623,上銀永豐61購03,2.79,2.97
1150820,073624,光寶科永豐65購02,2.38,2.19
1150820,073625,智邦永豐64購01,0.70,0.87
1150820,073626,燿華永豐61購03,,1.06
1150820,073627,微星永豐61購03,1.47,2.04
1150820,073628,漢唐永豐61購05,,0.49
1150820,073629,南亞科永豐61購06,1.64,1.49
1150820,073630,南亞科永豐64購05,1.20,1.27
1150820,073631,南亞科永豐66購04,1.96,1.83
1150820,073632,南亞科永豐67購02,1.30,1.18
1150820,073633,友達永豐61購08,1.21,1.26
1150820,073634,京元電永豐61購04,1.17,1.41
1150820,073635,創見永豐64購01,,1.20
1150820,073636,長榮永豐65購02,2.33,1.85
1150820,073637,智原永豐65購01,0.68,0.71
1150820,073638,健鼎永豐64購01,1.12,1.02
1150820,073639,緯創永豐61購04,2.88,3.47
1150820,073640,定穎控永豐61購02,,0.63
1150820,073641,材料永豐61購01,,1.08
1150820,073642,jpp永豐61購01,0.69,0.74
1150820,073643,力智永豐61購01,,0.52
1150820,073644,力智永豐67購01,,0.50
1150820,073645,新代永豐67購01,0.93,0.93
1150820,073646,至上永豐61購03,2.04,2.11
1150820,073647,美利達永豐61購01,1.41,1.29
1150820,073648,神達群益61購01,1.68,1.81
1150820,073649,瀚宇博群益61購01,,0.27
1150820,073650,亞翔群益61購02,,1.05
1150820,073651,采鈺群益62購02,,0.95
1150820,073652,長興凱基61購02,,1.10
1150820,073653,矽統凱基61購01,,0.46
1150820,073654,金像電凱基61購03,,0.54
1150820,073655,南亞科凱基62購01,,1.64
1150820,073656,南亞科凱基64購03,0.96,1.07
1150820,073657,友達凱基61購08,,0.41
1150820,073658,聯詠凱基61購01,0.72,0.99
1150820,073659,晶技凱基61購02,,0.75
1150820,073660,玉晶光凱基61購03,,0.87
1150820,073661,敦泰凱基61購01,,0.93
1150820,073662,材料凱基61購01,,1.05
1150820,073663,祥碩凱基61購03,0.74,0.81
1150820,073664,亞翔凱基62購01,,0.43
1150820,073665,台郡凱基61購02,0.93,0.99
1150820,073666,旭隼凱基61購03,1.02,1.02
1150820,073667,緯穎凱基61購07,2.94,2.95
1150820,073668,采鈺凱基61購02,,0.74
1150820,073669,雲豹凱基62購01,0.38,0.44
1150820,073670,新代凱基61購01,1.30,1.32
1150820,073671,上証2X元大61購01,,0.95
1150820,073672,上証2X元大63購06,1.35,1.62
1150820,073673,滬深2X元大61購04,0.80,0.96
1150820,073674,滬深2X元大63購06,1.15,1.35
1150820,073675,華通元大61購15,1.65,1.58
1150820,073676,鴻海元大61購28,1.50,1.86
1150820,073677,台積電元大61購50,,1.13
1150820,073678,金像電元大61購09,0.52,0.51
1150820,073679,金像電元大61購10,0.42,0.44
1150820,073680,菱生元大61購01,,1.15
1150820,073681,漢唐元大61購05,,0.32
1150820,073682,漢唐元大61購06,0.21,0.28
1150820,073683,南亞科元大64購02,1.68,1.52
1150820,073684,友達元大61購17,,0.85
1150820,073685,京元電元大61購14,,1.15
1150820,073686,義隆元大61購01,0.67,0.72
1150820,073687,陽明元大66購02,3.07,2.26
1150820,073688,晶豪科元大61購06,2.13,2.32
1150820,073689,奇鋐元大62購04,,2.18
1150820,073690,智原元大61購03,0.63,0.66
1150820,073691,智原元大66購02,0.62,0.65
1150820,073692,晶技元大61購02,0.82,0.77
1150820,073693,健鼎元大61購01,1.04,0.86
1150820,073694,TPK元大61購01,,0.74
1150820,073695,神達元大61購03,,1.54
1150820,073696,日月光元大61購04,1.56,1.77
1150820,073697,精成科元大61購01,,0.31
1150820,073698,帆宣元大61購02,1.24,1.31
1150820,073699,盛群元大61購01,,0.98
1150820,073700,旭隼元大61購01,0.80,0.77
1150820,073701,旭隼元大64購01,0.77,0.73
1150820,073702,保瑞元大61購02,1.01,0.97
1150820,073703,松川元大61購01,0.84,0.82
1150820,073704,矽創元大61購02,0.89,1.09
1150820,073705,士電國泰64購01,,1.34
1150820,073710,華城國泰62購01,1.99,1.74
1150820,073711,長興國泰62購01,,1.36
1150820,073712,華通國泰62購02,1.13,1.00
1150820,073713,旭隼國泰62購01,1.25,1.16
1150820,073714,龍德船國泰62購01,2.09,1.83
1150820,073715,松川國泰62購01,1.21,1.08
1150820,073716,T50正2中信67購01,0.52,0.52
1150820,073717,臺指反中信67購01,0.95,0.97
1150820,073719,奇鋐中信61購02,0.86,0.86
1150820,073720,AES中信61購02,0.44,0.53
1150820,073721,滬深2X凱基61購04,,1.39
1150820,073722,華城凱基61購04,1.31,1.24
1150820,073723,東聯凱基61購01,,0.41
1150820,073724,光寶科凱基61購03,2.66,2.69
1150820,073725,華通凱基61購08,0.97,0.97
1150820,073726,台積電凱基61購13,1.01,1.10
1150820,073727,台積電凱基61購14,0.87,0.98
1150820,073728,台積電凱基61購15,0.78,0.91
1150820,073729,技嘉凱基61購03,,1.50
1150820,073730,瑞昱凱基61購01,,1.17
1150820,073732,漢唐凱基63購05,,0.52
1150820,073733,友達凱基61購09,0.31,0.36
1150820,073734,京元電凱基64購02,,1.23
1150820,073735,義隆凱基61購01,0.54,0.72
1150820,073736,漢翔凱基61購01,2.89,2.44
1150820,073737,奇鋐凱基61購09,1.95,1.89
1150820,073738,和大統一5B購01,,0.08
1150820,073740,智原凱基66購01,,0.74
1150820,073741,健鼎凱基61購01,0.83,0.95
1150820,073742,神達凱基61購02,0.95,1.10
1150820,073744,上緯控凱基64購01,0.80,0.77
1150820,073745,日月光凱基61購04,,0.86
1150820,073746,精銳凱基64購01,0.61,0.70
1150820,073747,精成科凱基61購01,,0.27
1150820,073748,帆宣凱基61購02,0.86,0.98
1150820,073749,台表科凱基64購01,,0.60
1150820,073751,旭隼凱基61購04,0.81,0.78
1150820,073752,力智凱基61購02,,0.61
1150820,073753,台虹凱基61購02,4.27,3.32
1150820,073754,長華凱基64購01,1.09,1.10
1150820,073755,泰金寶凱基61購01,,0.41
1150820,073756,愛普統一59購01,,4.19
1150820,073758,香港2X永豐61購01,3.13,3.36
1150820,073760,FBNQ2X永豐61購01,,1.01
1150820,073761,SGBR2X永豐61購02,,1.87
1150820,073762,台塑永豐64購01,,1.36
1150820,073763,華夏永豐64購01,0.84,0.82
1150820,073764,亞聚永豐64購01,,0.83
1150820,073765,和大永豐61購01,1.07,1.16
1150820,073766,東聯永豐61購01,0.59,0.58
1150820,073767,仁寶永豐61購04,,2.13
1150820,073768,順德永豐61購02,0.78,0.77
1150820,073769,英業達永豐61購05,,1.76
1150820,073770,鴻海凱基61購01,,5.33
1150820,073771,大同永豐61購01,0.66,0.59
1150820,073772,大同永豐61購02,,0.56
1150820,073773,瑞昱永豐61購02,0.55,0.67
1150820,073774,瑞昱永豐61購03,,0.56
1150820,073775,瑞昱永豐61購04,,0.41
1150820,073776,瑞昱永豐64購01,1.45,1.51
1150820,073777,瑞昱永豐64購02,,1.24
1150820,073778,南亞科永豐66購05,1.35,1.23
1150820,073779,友達永豐61購09,,0.44
1150820,073780,友達永豐65購01,0.84,0.86
1150820,073781,友達永豐67購01,0.86,0.87
1150820,073782,義隆永豐61購01,,0.51
1150820,073783,中航永豐64購01,1.73,1.57
1150820,073784,漢翔永豐64購01,1.93,1.67
1150820,073785,中信金永豐61購01,0.51,0.67
1150820,073786,中信金永豐61購02,0.38,0.38
1150820,073787,神基永豐61購01,0.87,0.87
1150820,073788,晶豪科永豐61購02,1.42,1.43
1150820,073789,亞光永豐64購01,1.15,1.13
1150820,073791,昇貿永豐61購02,,0.47
1150820,073792,新日興永豐61購03,,0.96
1150820,073793,玉晶光永豐61購04,,1.24
1150820,073794,牧德永豐64購02,,1.05
1150820,073795,精銳永豐64購01,0.49,0.54
1150820,073796,精銳永豐67購01,,0.90
1150820,073797,華懋永豐65購01,,0.70
1150820,073799,帆宣永豐64購01,,0.82
1150820,073800,矽格永豐61購03,,0.65
1150820,073801,矽格永豐61購04,,0.95
1150820,073802,台表科永豐64購01,0.86,0.79
1150820,073803,旭隼永豐65購01,,0.67
1150820,073804,樺漢永豐61購01,,1.51
1150820,073805,樺漢永豐64購01,1.38,1.88
1150820,073806,ITH永豐61購01,,0.94
1150820,073807,台虹永豐64購01,,2.94
1150820,073808,T50正2國票61購01,0.71,0.79
1150820,073809,台化國票61購02,1.31,1.35
1150820,073810,東聯國票64購01,,0.59
1150820,073811,台玻國票64購01,0.62,0.62
1150820,073812,允強國票64購01,0.86,0.82
1150820,073813,台積電國票61購04,,1.15
1150820,073814,台積電國票61購05,,1.16
1150820,073818,佳世達國票64購01,0.59,0.62
1150820,073819,超豐國票61購01,,0.60
1150820,073820,可成國票61購01,0.98,0.95
1150820,073821,中航國票64購01,0.81,0.78
1150820,073822,長榮航國票61購01,,1.17
1150820,073823,漢翔國票64購01,1.80,1.32
1150820,073824,永豐金國票64購01,,1.27
1150820,073826,耀登國票61購01,,0.41
1150820,073827,京鼎國票64購01,,0.79
1150820,073828,神達國票61購01,1.43,1.51
1150820,073829,日月光國票64購01,0.64,0.68
1150820,073830,祥碩國票61購01,1.04,1.01
1150820,073831,祥碩國票61購02,1.05,0.99
1150820,073832,晶碩國票64購01,0.87,0.88
1150820,073833,龍德船國票61購01,1.05,1.04
1150820,073834,龍德船國票61購02,,1.04
1150820,073836,巨大國票64購01,1.33,1.22
1150820,073837,台塑富邦61購03,0.67,0.67
1150820,073838,台化富邦63購02,,0.65
1150820,073839,台化富邦64購01,0.75,0.78
1150820,073840,大成鋼富邦63購01,1.51,1.30
1150820,073841,宏碁富邦63購02,0.61,0.61
1150820,073842,矽統富邦64購01,,0.33
1150820,073843,燿華富邦63購01,,0.25
1150820,073844,菱生富邦63購01,,0.41
1150820,073845,南亞科富邦63購06,0.78,0.69
1150820,073846,瑞軒富邦63購01,0.42,0.42
1150820,073847,陽明富邦64購02,1.38,0.97
1150820,073848,漢翔富邦61購01,1.14,0.88
1150820,073849,聯陽富邦63購01,0.49,0.53
1150820,073850,緯創富邦61購04,,1.10
1150820,073851,達興富邦63購01,0.27,0.33
1150820,073852,中磊富邦63購01,0.61,0.79
1150820,073853,亞翔富邦63購03,0.33,0.39
1150820,073854,台表科富邦61購01,0.34,0.34
1150820,073855,旭隼富邦63購02,0.75,0.71
1150820,073856,旭隼富邦64購01,0.77,0.73
1150820,073857,龍德船富邦61購01,0.87,0.75
1150820,073858,富世達富邦63購01,0.81,0.74
1150820,073859,泰金寶富邦63購02,,0.53
1150820,073860,T50正2群益61購01,1.24,1.37
1150820,073861,T50反1群益62購02,,1.36
1150820,073862,三芳群益61購01,,0.58
1150820,073863,東鹼群益61購01,1.09,1.08
1150820,073864,裕隆群益67購01,0.98,0.92
1150820,073865,智邦群益61購02,0.90,1.34
1150820,073866,順德群益62購02,0.85,0.81
1150820,073867,佳世達群益61購01,0.94,1.00
1150820,073868,金像電群益61購01,0.43,0.45
1150820,073869,金像電群益61購02,0.74,0.81
1150820,073870,南亞科群益61購04,3.78,3.38
1150820,073871,友達群益63購01,1.32,1.39
1150820,073872,友達群益63購02,1.40,1.41
1150820,073873,漢翔群益61購01,4.29,4.35
1150820,073874,奇鋐群益61購02,4.26,4.21
1150820,073875,日月光群益61購02,0.53,0.67
1150820,073876,精銳群益61購01,0.58,0.68
1150820,073877,亞翔群益61購03,0.80,1.04
1150820,073878,台表科群益61購01,1.08,0.95
1150820,073879,旭隼群益66購01,0.78,0.76
1150820,073880,洋基群益61購01,,0.67
1150820,073881,松川群益61購01,1.08,1.04
1150820,073882,台虹群益61購01,,7.76
1150820,073883,南茂群益61購01,1.44,1.64
1150820,073884,A50正2台新61購01,1.54,2.05
1150820,073886,台塑台新61購02,1.60,1.62
1150820,073887,華紙台新61購01,0.48,0.50
1150820,073889,為升台新61購01,1.24,1.42
1150820,073890,鴻海台新61購01,6.00,7.85
1150820,073891,台積電台新61購06,,0.87
1150820,073892,佳世達台新61購02,0.74,0.82
1150820,073893,友達台新61購02,0.66,0.68
1150820,073894,超豐台新61購01,,0.91
1150820,073895,超豐台新61購02,,0.72
1150820,073896,超豐台新61購03,,0.76
1150820,073897,兆赫台新61購01,0.36,0.40
1150820,073898,奇鋐台新61購01,2.80,2.62
1150820,073899,奇鋐台新61購02,,2.18
1150820,073900,智原台新61購01,,0.94
1150820,073901,健鼎台新61購01,1.03,1.13
1150820,073902,定穎控台新61購01,,0.35
1150820,073903,定穎控台新61購02,,0.40
1150820,073904,定穎控台新61購03,,0.38
1150820,073905,康普台新61購01,,0.73
1150820,073907,康普台新61購03,,0.36
1150820,073908,台郡台新61購01,,0.99
1150820,073909,達發台新61購01,0.81,1.00
1150820,073910,緯穎台新61購03,,7.74
1150820,073911,南茂台新61購01,,1.07
1150820,073912,臺指反元大61購02,0.61,0.62
1150820,073913,中砂元大66購01,1.52,1.53
1150820,073914,台積電元大61購51,,1.02
1150820,073915,台積電元大64購15,0.53,0.58
1150820,073916,順德元大61購02,0.84,0.78
1150820,073917,金像電元大61購11,,0.47
1150820,073918,金像電元大64購03,0.68,0.74
1150820,073919,瑞昱元大61購01,0.88,1.14
1150820,073920,瑞昱元大61購02,0.74,0.96
1150820,073921,南亞科元大64購03,1.95,1.84
1150820,073922,友達元大61購18,0.56,0.58
1150820,073923,友達元大64購06,,0.41
1150820,073924,友達元大64購07,1.08,1.07
1150820,073925,興勤元大61購01,0.29,0.29
1150820,073926,台新金元大61購02,,2.12
1150820,073927,奇鋐元大61購26,2.91,2.84
1150820,073928,亞光元大61購02,,0.88
1150820,073929,智原元大64購02,0.88,0.94
1150820,073930,玉晶光元大61購02,,0.71
1150820,073931,瀚宇博元大61購01,,0.35
1150820,073932,旭隼元大61購02,0.55,0.55
1150820,073933,達發元大61購01,0.35,0.42
1150820,073934,洋基元大67購01,0.82,0.89
1150820,073936,龍德船元大66購01,1.50,1.34
1150820,073937,福懋科元大61購01,,1.20
1150820,073938,臺股指元大61購28,0.52,0.58
1150820,073939,長榮太中信63購01,0.39,0.46
1150820,073940,日月光中信62購01,,0.46
1150820,073941,臺股指中信64購03,0.65,0.67
1150820,073943,臺股指中信64購04,0.41,0.43
1150820,073944,中華化國泰62購01,1.66,1.29
1150820,073945,映泰國泰62購01,1.26,1.26
1150820,073946,蔚華科國泰62購01,0.68,0.78
1150820,073947,松翰國泰62購01,2.01,1.96
1150820,073948,鈞寶國泰62購01,,0.74
1150820,073949,捷敏國泰62購01,0.94,0.96
1150820,073951,道瓊銀國票61購01,2.10,1.81
1150820,073952,大亞國票65購01,,0.98
1150820,073953,東聯國票65購01,,0.45
1150820,073954,世紀WP國票65購01,,0.71
1150820,073955,南港國票65購01,0.76,0.81
1150820,073956,南帝國票65購01,,0.78
1150820,073957,百達國票65購01,0.44,0.52
1150820,073958,智邦國票65購01,0.63,0.70
1150820,073959,華碩國票61購02,,2.43
1150820,073960,國碩國票61購01,,0.52
1150820,073962,新巨國票65購01,,0.59
1150820,073963,聯詠國票61購01,1.18,1.27
1150820,073965,蔚華科國票61購01,0.53,0.64
1150820,073966,蔚華科國票63購01,0.76,0.84
1150820,073967,豐祥國票65購01,,0.89
1150820,073968,鈞寶國票61購01,,0.28
1150820,073969,志強國票65購01,,0.57
1150820,073970,南茂國票65購01,,0.59
1150820,073971,宇瞻國票65購02,1.68,1.76
1150820,073972,亞德客永豐61購01,0.97,1.09
1150820,073973,直得永豐61購01,0.52,0.55
1150820,073974,中華化永豐61購01,1.15,0.94
1150820,073975,中華化永豐61購02,0.96,0.81
1150820,073976,新光鋼永豐61購01,1.76,1.59
1150820,073977,世紀WP永豐65購01,0.83,0.90
1150820,073978,南港永豐61購01,1.10,1.27
1150820,073979,南帝永豐61購01,1.18,1.16
1150820,073980,為升永豐65購01,,0.73
1150820,073981,光罩永豐61購01,0.33,0.38
1150820,073982,光罩永豐64購01,,0.63
1150820,073983,智邦永豐61購03,,0.63
1150820,073984,正崴永豐64購01,1.06,1.00
1150820,073985,國碩永豐61購01,,0.44
1150820,073986,國碩永豐61購02,,0.49
1150820,073988,國碩永豐64購01,,0.84
1150820,073989,敦陽科永豐61購01,1.04,1.02
1150820,073990,敦陽科永豐64購01,,1.25
1150820,073992,國建永豐61購01,0.99,0.95
1150820,073993,興富發永豐61購01,1.15,1.00
1150820,073994,亞航永豐61購01,0.93,0.85
1150820,073997,星宇永豐65購01,1.41,1.38
1150820,073998,中再保永豐61購01,1.90,1.19
1150820,074000,統一超永豐61購01,0.94,0.97
1150820,074001,健和興永豐61購01,0.60,0.68
1150820,074003,健和興永豐61購02,,0.82
1150820,074005,全漢永豐61購01,0.55,0.66
1150820,074006,益登永豐61購01,0.45,0.68
1150820,074007,緯穎統一59購01,,3.82
1150820,074008,益登永豐61購02,0.49,0.65
1150820,074010,蔚華科永豐61購01,,1.07
1150820,074011,蔚華科永豐64購01,1.06,1.18
1150820,074012,凌航永豐61購01,0.89,0.94
1150820,074013,全科永豐61購01,0.62,0.84
1150820,074014,牧德永豐61購02,0.66,0.76
1150820,074015,宏致永豐61購01,2.65,3.04
1150820,074016,宏致永豐64購01,3.03,3.03
1150820,074017,東台永豐61購01,,0.25
1150820,074019,康普永豐64購01,,0.92
1150820,07401U,旺宏中信5A售02,0.03,0.03
1150820,074020,望隼永豐61購01,1.21,1.18
1150820,074021,立積永豐61購01,,0.77
1150820,074022,立積永豐64購01,,1.32
1150820,074023,豐祥永豐61購01,,1.49
1150820,074024,豐祥永豐61購02,,1.26
1150820,074025,崇越永豐61購01,0.96,1.01
1150820,074026,松翰永豐61購01,0.69,0.69
1150820,074027,凌華永豐61購01,0.59,0.87
1150820,074028,今國光永豐61購01,,0.77
1150820,07402U,聯發科中信5C售02,,0.03
1150820,074030,迅得永豐64購01,,0.66
1150820,074031,保瑞永豐61購02,,0.98
1150820,074033,保瑞永豐64購01,1.38,1.32
1150820,074034,捷敏永豐61購01,1.12,1.08
1150820,074035,研揚永豐61購01,,1.29
1150820,074036,帝寶永豐61購01,0.89,0.87
1150820,074037,惠特永豐61購01,0.34,0.38
1150820,074038,惠特永豐64購01,0.42,0.43
1150820,074040,志強永豐61購01,,0.86
1150820,074041,三集瑞永豐61購02,,0.38
1150820,074042,連加永豐61購01,,1.03
1150820,074044,豐泰永豐61購01,1.06,1.07
1150820,074045,裕融永豐61購01,1.22,1.23
1150820,074046,順德富邦61購01,0.35,0.33
1150820,074047,威盛富邦61購01,0.41,0.62
1150820,074049,友達富邦61購02,0.31,0.33
1150820,074050,鉅祥富邦61購01,0.42,0.52
1150820,074051,普安富邦63購01,,0.28
1150820,074052,長榮太富邦62購01,,0.47
1150820,074053,京鼎富邦61購01,,0.54
1150820,074054,帆宣富邦61購01,0.36,0.42
1150820,074055,旭隼富邦64購02,0.47,0.46
1150820,074056,聯發科凱基61購01,,19.40
1150820,074057,三集瑞富邦63購01,0.25,0.26
1150820,074058,T50正2凱基61購07,0.69,0.76
1150820,074059,中砂凱基61購02,0.77,0.73
1150820,074060,直得凱基61購01,1.09,1.17
1150820,074061,東聯凱基61購02,,0.24
1150820,074062,中華化凱基61購01,0.96,0.75
1150820,074063,世紀WP凱基61購01,1.49,1.67
1150820,074064,南帝凱基61購01,1.94,2.17
1150820,074065,台積電凱基61購16,,0.90
1150820,074066,台積電凱基61購17,,0.91
1150820,074067,世芯凱基61購01,3.94,3.80
1150820,074069,金像電凱基63購03,0.54,0.56
1150820,074070,正崴凱基61購01,1.45,1.42
1150820,074071,國碩凱基61購01,,0.26
1150820,074073,普安凱基61購01,,0.40
1150820,074074,冠德凱基61購01,1.98,1.79
1150820,074075,興富發凱基61購01,1.92,1.63
1150820,074078,亞航凱基61購01,0.87,0.78
1150820,074079,長榮太凱基61購01,0.41,0.56
1150820,074080,健和興凱基61購01,,1.81
1150820,074081,全漢凱基61購01,,0.60
1150820,074083,益登凱基61購01,0.36,0.52
1150820,074084,蔚華科凱基61購01,0.38,0.74
1150820,074085,蔚華科凱基61購02,0.55,0.70
1150820,074086,凌航凱基61購01,0.99,1.05
1150820,074087,全科凱基61購01,,1.03
1150820,074088,弘憶股凱基61購01,,0.51
1150820,074090,宏致凱基61購01,,2.44
1150820,074091,碩天凱基61購01,1.97,1.78
1150820,074093,東台凱基61購01,,0.39
1150820,074094,康普凱基61購01,,0.44
1150820,074097,崇越凱基61購01,1.06,1.13
1150820,074098,松翰凱基61購01,,0.87
1150820,074099,凌華凱基61購01,0.74,1.05
1150820,074100,今國光凱基61購01,0.46,0.57
1150820,074101,今國光凱基61購02,,0.73
1150820,074102,旭隼凱基61購05,0.38,0.42
1150820,074103,旭隼凱基63購01,0.58,0.54
1150820,074104,旭隼凱基63購02,0.56,0.58
1150820,074105,捷敏凱基61購01,,1.03
1150820,074106,達發凱基61購01,,0.52
1150820,074107,研揚凱基61購01,0.91,1.32
1150820,074108,緯穎凱基61購09,2.53,2.50
1150820,074109,龍德船凱基61購01,0.86,0.87
1150820,074110,三集瑞凱基61購01,0.24,0.30
1150820,074112,T50反1群益62購03,,1.62
1150820,074113,大成群益63購01,3.79,3.76
1150820,074115,台玻群益61購01,,0.69
1150820,074116,華紙群益61購01,0.46,0.89
1150820,074117,台積電群益61購11,,0.97
1150820,074119,海悅群益61購01,1.63,1.60
1150820,074121,瑞昱群益61購01,,0.72
1150820,074122,瑞昱群益61購02,,0.73
1150820,074123,國碩群益61購01,,0.53
1150820,074124,國碩群益61購02,,0.53
1150820,074125,普安群益61購01,0.42,0.50
1150820,074126,普安群益61購02,,0.69
1150820,074127,亞航群益61購01,1.00,0.92
1150820,074128,星宇群益61購01,0.86,0.93
1150820,074129,中再保群益63購01,4.27,2.62
1150820,074130,健和興群益61購01,1.00,1.22
1150820,074131,蔚華科群益61購01,0.42,1.02
1150820,074132,凌航群益61購01,0.81,1.04
1150820,074134,康普群益61購01,,0.36
1150820,074135,康普群益61購02,,0.34
1150820,074136,松翰群益61購01,,0.58
1150820,074137,凌華群益61購01,0.48,0.72
1150820,074138,今國光群益61購01,,0.83
1150820,074140,精誠群益61購01,2.06,1.57
1150820,074141,矽格群益61購01,,0.83
1150820,074142,旭隼群益62購01,0.43,0.42
1150820,074143,捷敏群益61購01,0.76,0.80
1150820,074144,惠特群益61購02,,0.49
1150820,074145,惠特群益61購03,0.39,0.46
1150820,074146,連加群益61購01,0.82,0.94
1150820,074148,台灣50台新61購03,,0.65
1150820,074151,T50正2台新65購02,,0.65
1150820,074152,台股增台新61購03,,0.73
1150820,074153,大東電台新61購01,0.72,0.84
1150820,074154,中華化台新61購01,0.86,0.65
1150820,074155,台玻台新61購01,0.42,0.38
1150820,074157,中釉台新61購01,0.28,0.34
1150820,074158,智邦台新61購01,,0.54
1150820,074159,智邦台新61購02,,0.57
1150820,074160,金像電台新61購01,0.49,0.47
1150820,074161,瑞昱台新61購01,0.99,1.22
1150820,074162,瑞昱台新61購02,,0.83
1150820,074164,國碩台新61購02,,0.29
1150820,074165,新巨台新61購01,0.70,0.72
1150820,074166,京元電台新61購01,0.26,0.34
1150820,074167,普安台新61購01,,0.41
1150820,074168,怡利電台新61購01,,0.63
1150820,074169,宏達電台新61購01,1.23,1.24
1150820,074170,豐達科台新61購01,0.66,0.79
1150820,074171,神基台新61購01,1.15,1.14
1150820,074172,神基台新61購02,,0.95
1150820,074173,弘憶股台新61購01,,0.77
1150820,074174,弘憶股台新61購02,,0.57
1150820,074175,牧德台新61購01,,0.88
1150820,074176,牧德台新61購02,0.69,0.75
1150820,074177,神達台新62購01,,1.02
1150820,074178,日月光台新61購01,,0.56
1150820,074179,鈞寶台新61購01,0.21,0.26
1150820,074180,矽格台新61購01,,0.74
1150820,074181,旭隼台新61購02,,0.90
1150820,074182,旭隼台新61購03,,0.98
1150820,074183,統新台新61購01,2.25,1.63
1150820,074184,捷敏台新61購01,0.80,0.87
1150820,074185,復盛台新61購01,1.18,1.19
1150820,074186,松川台新61購01,0.93,0.87
1150820,074187,瀚荃台新61購01,0.86,0.64
1150820,074188,志超台新61購01,,0.72
1150820,074189,志超台新61購02,,0.66
1150820,074190,宇瞻台新61購01,1.57,1.57
1150820,074191,宇瞻台新61購02,2.00,2.04
1150820,074192,台灣50元大61購04,0.62,0.73
1150820,074193,台灣50元大61購05,0.84,0.92
1150820,074194,T50正2元大61購04,,0.93
1150820,074195,台泥元大61購02,1.59,1.53
1150820,074196,聚陽元大61購03,0.74,0.99
1150820,074197,中砂元大66購02,0.85,0.86
1150820,074198,中華化元大61購01,1.11,0.86
1150820,074199,台玻元大61購02,0.99,0.91
1150820,074200,台玻元大64購02,1.18,1.02
1150820,074201,台玻元大66購01,0.38,0.36
1150820,074202,台亞元大61購01,0.89,0.95
1150820,074203,順德元大64購01,0.86,0.81
1150820,074204,所羅門元大61購01,,1.37
1150820,074205,金像電元大61購13,,0.42
1150820,074206,金像電元大61購14,,0.42
1150820,074207,大同元大61購02,1.57,1.39
1150820,074209,國碩元大61購02,,0.51
1150820,074210,國碩元大61購03,,0.65
1150820,074211,南亞科元大64購04,1.93,1.75
1150820,074212,友達元大61購19,,0.92
1150820,074213,友達元大64購08,,0.75
1150820,074214,普安元大64購01,,0.54
1150820,074215,長榮太元大61購01,1.04,1.20
1150820,074216,國泰金元大61購03,,1.56
1150820,074217,台新金元大61購03,2.39,2.40
1150820,074218,統一超元大61購01,1.20,1.26
1150820,074219,全漢元大61購01,0.32,0.44
1150820,074220,奇鋐元大61購27,2.08,1.98
1150820,074221,奇鋐元大61購28,1.25,1.24
1150820,074223,奇鋐元大61購29,1.32,1.29
1150820,074224,信邦元大61購01,,0.40
1150820,074225,蔚華科元大61購01,0.80,1.05
1150820,074226,弘憶股元大61購01,,0.61
1150820,074227,日月光元大64購02,1.02,1.16
1150820,074228,東台元大61購01,,0.50
1150820,074229,和碩元大61購03,2.05,2.18
1150820,074230,界霖元大61購01,,0.59
1150820,074231,崇越元大61購01,1.14,1.22
1150820,074232,松翰元大61購01,1.25,1.24
1150820,074233,鈞寶元大61購01,,0.34
1150820,074234,鈞寶元大61購02,,0.23
1150820,074235,鈞寶元大61購03,,0.21
1150820,074236,精誠元大61購01,1.83,1.32
1150820,074237,捷敏元大61購01,1.15,1.21
1150820,074238,達發元大64購01,0.86,1.11
1150820,074239,復盛元大61購01,,1.30
1150820,074240,新代元大61購01,1.49,1.50
1150820,074242,泰金寶元大64購01,,0.69
1150820,074243,T50正2中信67購02,,0.60
1150820,074244,上銀中信61購01,0.56,0.63
1150820,074245,智邦中信66購01,,0.54
1150820,074246,金像電中信67購01,0.42,0.43
1150820,074247,大立光中信62購02,1.31,0.94
1150820,074248,牧德中信62購01,0.33,0.34
1150820,074249,亞翔中信67購01,,0.38
1150820,074250,旭隼中信67購01,0.51,0.51
1150820,074251,台塑永豐61購01,,0.84
1150820,074252,台化永豐61購02,1.01,1.07
1150820,074253,東鹼永豐61購01,0.51,0.52
1150820,074254,上銀永豐61購04,,2.14
1150820,074255,鴻準永豐61購01,2.07,2.29
1150820,074256,所羅門永豐61購02,0.88,0.82
1150820,074257,矽統永豐61購01,,0.53
1150820,074258,矽統永豐65購02,,0.63
1150820,074259,矽統永豐67購01,,0.54
1150820,074260,漢唐永豐61購06,0.92,1.11
1150820,074261,盟立永豐61購03,0.73,0.79
1150820,074262,盟立永豐65購01,1.06,1.08
1150820,074263,長榮太永豐65購01,1.21,1.30
1150820,074264,大立光永豐61購03,2.04,1.38
1150820,074265,大立光永豐61購04,1.33,0.91
1150820,074266,大立光永豐64購03,1.96,1.38
1150820,074267,大立光永豐64購04,1.69,1.24
1150820,074268,大立光永豐64購05,2.05,1.56
1150820,074269,大立光永豐64購06,1.64,1.19
1150820,074270,大立光永豐67購01,1.90,1.45
1150820,074271,大立光永豐67購02,,1.79
1150820,074272,弘憶股永豐67購01,0.59,0.60
1150820,074273,貿聯永豐61購01,,1.13
1150820,074274,貿聯永豐61購02,1.98,1.91
1150820,074275,貿聯永豐64購01,,2.68
1150820,074276,貿聯永豐64購02,2.54,2.54
1150820,074278,榮科永豐61購01,,0.33
1150820,074279,榮科永豐61購02,0.12,0.27
1150820,074280,捷敏永豐64購01,0.83,0.86
1150820,074281,天虹永豐61購01,,1.17
1150820,074282,松川永豐61購02,1.08,1.09
1150820,074283,南茂永豐65購01,,0.89
1150820,074284,富鼎永豐61購02,,0.18
1150820,074285,富鼎永豐61購03,,0.31
1150820,074286,富鼎永豐64購02,0.25,0.32
1150820,074287,富鼎永豐65購02,,0.31
1150820,074288,富鼎永豐67購01,,0.43
1150820,074289,富鼎永豐6A購02,,0.36
1150820,074290,T50正2國泰62購01,,0.97
1150820,074291,中釉國泰62購01,,0.55
1150820,074292,矽統國泰62購01,,0.79
1150820,074293,佳能國泰62購01,,0.73
1150820,074294,微星國泰62購01,,1.79
1150820,074295,盟立國泰62購01,,1.52
1150820,074296,大立光國泰62購01,3.00,2.01
1150820,074297,大立光國泰62購02,3.46,2.30
1150820,074298,大立光國泰62購03,2.45,1.69
1150820,074299,富鼎國泰62購01,0.26,0.31
1150820,074300,富鼎國泰62購02,,0.27
1150820,074301,宇瞻國泰62購01,2.77,2.78
1150820,074303,台灣50富邦61購10,3.30,3.73
1150820,074304,台積電富邦61購09,0.41,0.45
1150820,074305,矽統富邦64購02,,0.19
1150820,074306,義隆富邦61購01,,0.31
1150820,074307,盟立富邦63購01,0.34,0.37
1150820,074308,盟立富邦64購01,0.56,0.55
1150820,074309,大立光富邦63購01,1.51,1.08
1150820,074310,大立光富邦64購01,1.45,1.04
1150820,074311,牧德富邦64購01,0.34,0.36
1150820,074312,貿聯富邦63購03,0.83,0.83
1150820,074315,矽創富邦61購01,0.38,0.47
1150820,074316,南茂富邦61購04,0.29,0.34
1150820,074317,富鼎富邦64購01,,0.23
1150820,074318,台泥凱基61購01,0.67,0.74
1150820,074319,台化凱基61購02,,1.29
1150820,074321,台玻凱基61購02,,0.57
1150820,074322,南港凱基61購01,1.01,1.14
1150820,074323,為升凱基61購01,,0.67
1150820,074325,順德凱基61購02,0.68,0.75
1150820,074327,金像電凱基61購04,0.41,0.42
1150820,074328,瑞昱凱基61購02,,1.05
1150820,074329,漢唐凱基61購05,,0.31
1150820,074330,友達凱基61購10,,0.72
1150820,074331,盟立凱基61購02,0.68,0.76
1150820,074332,星宇凱基61購01,,1.11
1150820,074333,統一超凱基61購01,0.62,0.67
1150820,074334,奇鋐凱基61購10,1.75,1.73
1150820,074335,玉晶光凱基67購01,1.27,1.09
1150820,074336,大銀凱基61購01,0.62,0.81
1150820,074337,帆宣凱基61購03,0.40,0.44
1150820,074338,精誠凱基61購01,2.20,1.69
1150820,074339,矽格凱基61購03,,0.58
1150820,074340,AES凱基61購03,0.50,0.58
1150820,074341,采鈺凱基61購03,0.52,0.78
1150820,074342,南茂凱基61購04,0.79,1.00
1150820,074343,富鼎凱基61購01,,0.25
1150820,074344,泰金寶凱基61購02,0.30,0.43
1150820,074345,臺指反國票61購01,0.45,0.46
1150820,074346,大成國票65購01,0.69,0.70
1150820,074348,大東電國票65購01,,0.71
1150820,074349,東鹼國票65購01,0.82,0.82
1150820,074350,長興國票61購01,0.94,1.00
1150820,074351,台肥國票65購01,0.73,0.73
1150820,074352,中華化國票61購01,1.05,1.00
1150820,074353,偉詮電國票65購01,,0.88
1150820,074354,盟立國票61購01,0.99,1.13
1150820,074355,盟立國票62購01,1.20,1.17
1150820,074356,盟立國票63購01,,1.25
1150820,074357,健和興國票65購01,,0.80
1150820,074358,大立光國票61購01,2.46,1.71
1150820,074359,大立光國票61購02,1.45,1.06
1150820,074360,大銀國票65購01,0.96,0.91
1150820,074361,榮科國票61購01,,0.24
1150820,074363,旭隼國票65購01,,0.79
1150820,074364,AES國票61購01,0.63,0.75
1150820,074365,AES國票61購02,,0.70
1150820,074366,瀚荃國票61購01,0.70,0.53
1150820,074367,瀚荃國票61購02,0.44,0.40
1150820,074369,富鼎國票61購06,,0.33
1150820,07436U,一詮凱基59售01,,0.02
1150820,074370,富鼎國票61購07,,0.25
1150820,074371,富鼎國票65購01,,0.39
1150820,074372,豐泰國票65購01,0.79,0.79
1150820,074373,裕融國票65購01,0.75,0.75
1150820,074374,臺股指國票61購01,,1.23
1150820,074375,台灣50台新61購05,,1.14
1150820,074376,台股增台新61購04,,0.44
1150820,074377,台塑台新61購03,0.72,0.76
1150820,074378,台塑台新61購04,0.58,0.66
1150820,074379,士電台新61購01,0.67,0.70
1150820,074380,和大台新61購01,1.26,1.36
1150820,074381,和大台新61購02,,0.92
1150820,074382,直得台新61購01,0.70,0.81
1150820,074383,直得台新61購02,,0.73
1150820,074384,百達台新61購01,0.36,0.52
1150820,074385,仁寶台新61購01,1.51,1.60
1150820,074386,所羅門台新61購01,,0.93
1150820,074387,所羅門台新62購01,1.25,1.22
1150820,074390,仲琦台新61購01,,0.66
1150820,074391,晶豪科台新61購01,,3.06
1150820,074392,晶豪科台新61購02,2.56,2.83
1150820,074393,亞光台新61購01,,0.74
1150820,074394,貿聯台新61購03,1.14,1.15
1150820,074395,貿聯台新61購04,1.43,1.50
1150820,074396,榮科台新61購01,0.20,0.28
1150820,074397,富世達台新61購01,1.25,1.16
1150820,074398,富鼎台新61購03,,0.27
1150820,074399,富鼎台新61購04,,0.31
1150820,074400,富鼎台新62購02,0.17,0.22
1150820,074401,富鼎台新63購03,,0.24
1150820,074402,富鼎台新65購01,,0.33
1150820,074403,世紀鋼台新61購01,0.63,0.88
1150820,074404,台股增元大61購02,0.77,0.80
1150820,074405,東聯元大61購01,0.95,0.88
1150820,074406,台玻元大61購03,1.17,1.08
1150820,074407,台玻元大61購04,0.97,0.87
1150820,074408,台玻元大64購03,0.61,0.62
1150820,074409,中釉元大61購01,,0.69
1150820,074410,華碩元大61購01,3.44,3.05
1150820,074411,映泰元大61購01,,0.91
1150820,074412,凌陽元大61購01,,0.41
1150820,074413,盟立元大61購03,1.64,1.69
1150820,074414,盟立元大61購04,1.18,1.23
1150820,074415,盟立元大64購01,1.07,1.12
1150820,074416,大立光元大61購15,3.33,2.41
1150820,074417,大立光元大64購01,1.98,1.43
1150820,074418,大立光元大66購20,2.17,1.59
1150820,074419,亞光元大64購02,,0.97
1150820,074420,晶技元大64購01,0.43,0.43
1150820,074421,凌航元大61購01,0.82,0.90
1150820,074422,宏致元大61購01,2.79,3.02
1150820,074423,遠傳元大61購01,,0.58
1150820,074424,榮科元大61購01,,0.34
1150820,074425,榮科元大61購02,,0.24
1150820,074426,帆宣元大61購03,0.67,0.73
1150820,074427,旭隼元大61購03,0.59,0.58
1150820,074428,旭隼元大61購04,0.49,0.50
1150820,074429,洋基元大61購01,0.97,1.22
1150820,074430,富鼎元大61購01,,0.34
1150820,074431,東陽統一59購01,0.19,0.34
1150820,074432,富鼎元大61購02,,0.31
1150820,074433,富鼎元大61購03,,0.26
1150820,074434,富鼎元大64購01,0.17,0.28
1150820,074437,台汽電元大61購01,0.36,0.50
1150820,074438,臺股指元大61購29,0.48,0.57
1150820,074439,滬深2X群益61購01,1.41,1.86
1150820,074440,華城群益61購02,1.54,1.37
1150820,074441,中砂群益61購01,1.06,1.09
1150820,074442,直得群益61購01,0.53,0.67
1150820,074443,大成鋼群益61購02,2.65,2.14
1150820,074444,上銀群益61購03,3.48,3.72
1150820,074445,正新群益61購01,0.86,0.84
1150820,074446,光寶科群益61購01,4.99,4.77
1150820,074447,金寶群益61購01,,1.02
1150820,074448,華通群益67購01,3.64,3.41
1150820,074449,台積電群益62購08,,1.23
1150820,074451,金像電群益61購03,0.42,0.42
1150820,074452,金像電群益61購04,0.86,0.85
1150820,074453,佳能群益61購01,,0.80
1150820,074455,研華群益61購01,4.53,4.46
1150820,074456,臺指反國票59購01,0.12,0.22
1150820,074457,毅嘉群益61購01,1.22,1.47
1150820,074458,漢唐群益61購01,1.11,1.37
1150820,074459,盟立群益61購01,,0.89
1150820,074460,盟立群益61購02,0.58,0.62
1150820,074461,盟立群益61購03,,0.95
1150820,074462,鉅祥群益61購02,0.96,1.13
1150820,074463,華航群益61購01,1.64,2.17
1150820,074464,長榮航群益61購01,,1.15
1150820,074465,神基群益68購01,1.16,1.14
1150820,074466,大立光群益61購01,1.53,1.11
1150820,074467,大立光群益61購02,1.42,1.01
1150820,074468,大立光群益61購03,2.53,1.77
1150820,074469,大立光群益61購04,2.34,1.64
1150820,074470,奇鋐群益61購03,4.53,4.43
1150820,074471,亞光群益61購01,,0.82
1150820,074472,威強電群益61購01,,1.47
1150820,074473,德律群益61購02,,2.75
1150820,074474,晶技群益61購01,1.64,1.54
1150820,074475,緯創群益67購01,1.59,1.82
1150820,074476,新日興群益61購01,,1.57
1150820,074477,玉晶光群益61購02,3.19,2.55
1150820,074478,嘉澤群益61購01,0.49,1.05
1150820,074479,宏致群益61購01,1.47,1.69
1150820,074480,神達群益61購02,0.98,1.15
1150820,074481,榮科群益61購01,0.15,0.20
1150820,074482,矽格群益61購02,0.95,1.18
1150820,074483,旭隼群益63購01,0.44,0.44
1150820,074484,群電群益61購02,,0.70
1150820,074485,力智群益61購01,,0.42
1150820,074486,龍德船群益61購02,2.61,2.28
1150820,074487,富鼎群益61購01,,0.18
1150820,074488,緯穎元富59購01,,7.50
1150820,074489,富鼎群益61購02,,0.16
1150820,074490,台汽電群益61購01,0.25,0.32
1150820,074491,華通中信64購01,0.61,0.61
1150820,074492,鴻海中信65購03,,0.54
1150820,074493,台積電中信67購01,,0.55
1150820,074494,長榮中信64購01,0.91,0.76
1150820,074495,漢翔中信67購01,0.76,0.67
1150820,074496,奇鋐中信63購01,0.66,0.64
1150820,074497,貿聯中信61購01,0.68,0.73
1150820,074498,祥碩中信61購01,0.38,0.45
1150820,074499,瑞昱富邦63購01,0.46,0.55
1150820,074500,瑞昱富邦64購01,0.33,0.41
1150820,074501,神基富邦63購01,0.78,0.78
1150820,074502,晶技富邦61購01,,0.20
1150820,074503,日月光富邦61購05,,0.35
1150820,074504,今國光富邦63購01,,0.63
1150820,074505,今國光富邦64購01,,0.28
1150820,074508,台化永豐61購03,,0.51
1150820,074509,華新永豐61購03,,1.65
1150820,074510,中鋼永豐61購01,1.74,1.80
1150820,074511,台橡永豐61購01,1.20,1.22
1150820,074512,智邦永豐65購01,0.69,0.83
1150820,074513,佳世達永豐61購04,0.91,0.92
1150820,074514,凌陽永豐61購03,,0.42
1150820,074515,漢唐永豐61購07,,0.64
1150820,074516,南亞科永豐65購02,,0.97
1150820,074517,興勤永豐61購02,0.37,0.37
1150820,074518,京元電永豐61購05,,0.80
1150820,074519,宏達電永豐61購01,,0.83
1150820,074520,漢翔永豐61購02,1.64,1.20
1150820,074521,奇鋐永豐61購07,1.36,1.38
1150820,074522,奇鋐永豐61購08,1.21,1.25
1150820,074523,奇鋐永豐65購01,1.38,1.54
1150820,074524,晶技永豐61購02,,0.33
1150820,074525,晶技永豐61購03,,0.58
1150820,074527,晶技永豐67購01,,0.95
1150820,074528,嘉澤永豐61購01,0.31,0.56
1150820,074529,材料永豐61購02,,0.78
1150820,074530,緯穎永豐61購03,3.10,3.20
1150820,074531,龍德船永豐64購01,,0.72
1150820,074532,福懋科永豐61購01,,0.83
1150820,074533,南茂永豐61購02,,0.56
1150820,074534,中釉國泰62購02,,0.72
1150820,074535,台積電國泰62購01,1.20,1.35
1150820,074536,智邦國泰62購01,,0.77
1150820,074537,智邦國泰62購02,,0.82
1150820,074538,華碩國泰62購01,3.84,3.54
1150820,074540,華碩國泰62購02,5.25,4.64
1150820,074541,奇鋐國泰62購01,1.82,1.82
1150820,074542,牧德國泰62購01,0.85,0.99
1150820,074543,日月光國泰62購01,,1.11
1150820,074544,日月光國泰62購02,,1.14
1150820,074545,帆宣國泰62購01,,1.33
1150820,074546,天虹國泰62購01,,1.85
1150820,074547,台灣50國票61購01,,0.92
1150820,074548,台灣50國票61購02,0.66,0.76
1150820,074549,台強棒國票61購01,,0.68
1150820,074550,台塑國票61購02,,0.86
1150820,074552,聯成國票61購01,,0.35
1150820,074553,中釉國票61購01,,0.42
1150820,074554,台橡國票65購01,,1.21
1150820,074555,廣宇國票61購01,0.66,0.71
1150820,074556,燿華國票61購01,,0.57
1150820,074557,映泰國票61購01,0.80,0.79
1150820,074558,敦陽科國票65購01,0.58,0.57
1150820,074559,兆赫國票61購01,0.54,0.60
1150820,074560,宏璟國票61購01,0.98,1.16
1150820,074561,興富發國票65購01,0.89,0.80
1150820,074562,星宇國票61購01,0.92,0.92
1150820,074563,中再保國票65購01,,0.73
1150820,074564,玉山金國票65購01,,1.46
1150820,074567,揚明光國票65購01,0.67,0.66
1150820,074568,宏致國票61購01,2.49,2.78
1150820,074569,碩天國票65購01,1.04,0.95
1150820,074570,神達國票61購02,,1.19
1150820,074571,材料國票61購01,,1.13
1150820,074572,望隼國票65購01,,0.63
1150820,074573,榮科國票62購01,0.22,0.29
1150820,074574,榮科國票63購01,0.19,0.25
1150820,074575,長虹國票65購01,0.71,0.69
1150820,074577,統新國票61購01,1.76,1.29
1150820,074578,晶碩國票65購01,0.73,0.75
1150820,074579,研揚國票65購01,,0.62
1150820,074580,鼎基國票65購01,0.38,0.42
1150820,074581,達方國票65購01,,0.42
1150820,074584,T50反1台新61購02,,1.45
1150820,074585,台化台新61購01,,0.92
1150820,074586,台化台新61購02,0.56,0.63
1150820,074587,金像電台新67購01,0.85,0.83
1150820,074588,長榮台新61購01,3.82,2.70
1150820,074589,長榮太台新61購01,0.52,0.64
1150820,074590,豐達科台新61購02,0.44,0.50
1150820,074591,奇鋐台新67購01,1.84,1.82
1150820,074592,奇鋐台新67購02,1.47,1.55
1150820,074593,晶技台新61購01,,0.54
1150820,074594,晶技台新61購02,0.82,0.76
1150820,074595,晶技台新61購03,,0.66
1150820,074596,日月光台新61購02,0.37,0.47
1150820,074597,誠美材台新61購01,,0.45
1150820,074598,乙盛台新61購01,0.53,0.57
1150820,074600,祥碩台新61購01,1.20,1.12
1150820,074601,精成科台新61購01,,0.62
1150820,074604,帆宣台新61購01,,0.64
1150820,074605,緯穎台新62購05,1.42,1.45
1150820,074606,龍德船台新61購01,,0.87
1150820,074607,泓德台新61購01,,0.28
1150820,074608,矽創台新61購01,,1.33
1150820,074609,矽創台新61購02,0.77,0.89
1150820,074610,FBNQ2X凱基61購01,1.60,1.72
1150820,074611,道瓊銀凱基61購07,2.19,2.00
1150820,074613,台塑凱基61購01,0.72,0.99
1150820,074614,台化凱基61購03,0.49,0.56
1150820,074615,上銀凱基61購02,2.89,2.94
1150820,074616,光寶科凱基61購04,4.90,4.94
1150820,074617,台積電凱基61購18,0.62,0.95
1150820,074618,台積電凱基61購19,,1.54
1150820,074619,台積電凱基63購14,1.89,2.00
1150820,074620,台積電凱基65購07,,1.43
1150820,074621,華碩凱基61購02,,2.75
1150820,074622,金像電凱基61購05,,0.17
1150820,074624,研華凱基61購01,4.86,4.82
1150820,074625,興勤凱基61購02,0.39,0.32
1150820,074626,偉詮電凱基61購01,,0.73
1150820,074627,漢翔凱基61購02,1.86,1.49
1150820,074628,大立光凱基61購04,1.75,1.16
1150820,074629,大立光凱基61購05,2.05,1.38
1150820,074630,大立光凱基61購06,2.45,1.64
1150820,074631,大立光凱基61購07,2.69,1.82
1150820,074632,大立光凱基61購09,1.60,1.17
1150820,074633,威強電凱基61購01,1.52,1.95
1150820,074634,晶技凱基61購03,0.23,0.22
1150820,074635,晶技凱基61購04,,0.50
1150820,074636,榮科凱基61購01,,0.21
1150820,074637,晶碩凱基61購01,0.71,0.82
1150820,074638,龍德船凱基61購02,0.87,0.89
1150820,074639,台汽電凱基61購01,0.26,0.37
1150820,074640,台灣50群益61購05,,0.88
1150820,074641,T50正2群益61購04,,0.90
1150820,074642,台塑群益61購01,,1.00
1150820,074644,聯成群益61購01,,0.42
1150820,074645,台化群益61購01,0.36,0.41
1150820,074646,遠東新群益61購01,1.39,1.19
1150820,074647,華通群益61購02,2.31,2.24
1150820,074648,矽統群益61購03,,1.40
1150820,074649,毅嘉群益61購02,1.17,1.36
1150820,074650,漢唐群益61購02,,0.75
1150820,074651,南亞科群益61購05,,3.12
1150820,074652,興勤群益61購01,,0.54
1150820,074653,興勤群益61購02,,0.50
1150820,074654,中工群益61購01,0.36,0.40
1150820,074655,漢翔群益61購02,2.07,1.89
1150820,074656,慧洋群益61購01,2.55,2.10
1150820,074657,晶豪科群益61購04,3.51,3.43
1150820,074658,奇鋐群益61購05,3.74,3.73
1150820,074659,德律群益61購03,,1.93
1150820,074660,晶技群益61購02,1.02,0.94
1150820,074661,昇貿群益61購01,,0.84
1150820,074662,融程電群益61購01,0.63,0.76
1150820,074663,牧德群益61購01,0.62,0.72
1150820,074664,定穎控群益61購01,,0.31
1150820,074665,乙盛群益61購01,1.47,1.52
1150820,074666,佳必琪群益61購04,,1.01
1150820,074667,啟碁群益61購06,2.69,3.02
1150820,074669,保瑞群益61購03,1.69,1.54
1150820,074670,龍德船群益63購01,1.45,1.51
1150820,074671,T50正2元大61購07,,0.98
1150820,074672,T50反1元大61購07,1.37,1.43
1150820,074673,台塑元大61購01,,1.21
1150820,074674,台塑元大67購01,1.15,1.15
1150820,074675,亞德客元大61購04,0.67,0.83
1150820,074676,直得元大61購01,0.50,0.59
1150820,074677,大亞元大61購01,0.83,0.95
1150820,074678,長興元大64購01,1.32,1.30
1150820,074679,台玻元大64購04,1.01,0.93
1150820,074680,上銀元大61購07,,1.90
1150820,074681,上銀元大67購03,1.83,1.60
1150820,074682,台積電元大64購16,,1.03
1150820,074683,金像電元大61購15,,0.42
1150820,074684,漢唐元大61購07,0.50,0.63
1150820,074685,漢唐元大61購08,0.45,0.54
1150820,074686,興勤元大61購02,0.48,0.48
1150820,074687,義隆元大61購02,0.38,0.55
1150820,074688,漢翔元大61購02,3.25,2.55
1150820,074689,漢翔元大61購03,2.76,2.27
1150820,074690,永豐金元大61購02,,1.50
1150820,074691,中信金元大61購04,1.49,1.82
1150820,074692,大立光元大61購16,4.07,3.05
1150820,074693,大立光元大64購02,2.22,1.70
1150820,074694,大立光元大66購21,2.01,1.48
1150820,074695,奇鋐元大61購30,,1.56
1150820,074696,奇鋐元大61購31,,1.22
1150820,074697,奇鋐元大61購32,0.89,0.85
1150820,074698,威強電元大61購01,2.89,3.37
1150820,074699,德律元大64購03,,1.14
1150820,074700,晶技元大64購02,0.35,0.35
1150820,074701,大銀元大67購01,1.51,1.44
1150820,074702,材料元大61購01,,0.51
1150820,074703,亞翔元大61購04,0.26,0.33
1150820,074705,佳必琪元大64購01,0.56,0.84
1150820,074707,盛群元大61購02,,0.93
1150820,074708,和椿元大61購01,0.37,0.51
1150820,074709,矽格元大61購03,,0.36
1150820,074710,致新元大61購01,0.50,0.77
1150820,074711,可寧衛元大61購02,0.92,0.97
1150820,074712,台化富邦64購02,,0.50
1150820,074713,可成富邦61購01,0.41,0.37
1150820,074714,京元電中信67購02,0.26,0.29
1150820,074715,AES中信61購03,0.37,0.45
1150820,074716,為升永豐64購01,,0.47
1150820,074717,智邦永豐63購03,0.51,0.69
1150820,074718,順德永豐61購03,0.57,0.53
1150820,074719,京元電永豐61購06,,0.67
1150820,074721,義隆永豐65購01,0.43,0.47
1150820,074722,長榮太永豐64購01,,0.49
1150820,074723,神基永豐61購02,0.68,0.69
1150820,074724,新日興永豐64購01,,1.52
1150820,074725,玉晶光永豐61購05,,0.91
1150820,074726,牧德永豐65購01,,0.79
1150820,074727,捷敏永豐63購01,0.45,0.44
1150820,074728,騰輝電永豐61購01,,0.70
1150820,074729,騰輝電永豐63購01,,0.62
1150820,074730,騰輝電永豐64購01,,0.81
1150820,074731,視陽永豐61購01,0.60,0.64
1150820,074732,睿生永豐61購01,,0.29
1150820,074734,南茂永豐63購02,0.61,0.67
1150820,074735,富鼎永豐66購01,,0.32
1150820,074736,富鼎永豐69購01,,0.37
1150820,074737,百和永豐61購01,,0.71
1150820,074738,國喬國泰62購01,1.12,1.18
1150820,074739,美時國泰62購01,1.30,1.20
1150820,074740,為升國泰62購01,0.81,0.91
1150820,074741,仲琦國泰62購01,,1.15
1150820,074742,亞航國泰62購01,1.62,1.39
1150820,074743,德律國泰62購01,,1.70
1150820,074744,京鼎國泰62購01,,1.80
1150820,074745,騰輝電國泰62購02,,1.26
1150820,074746,矽創國泰63購01,1.35,1.47
1150820,074748,東陽國票61購01,,1.16
1150820,074749,八貫國票61購01,,0.40
1150820,074754,台表科統一59購01,0.67,0.65
1150820,074755,永光國票61購03,,0.75
1150820,074756,怡利電國票61購01,,0.41
1150820,074757,亞航國票61購01,0.95,0.92
1150820,074758,亞航國票63購01,1.28,1.13
1150820,074759,豐達科國票61購01,,0.49
1150820,074760,神基國票65購01,0.87,0.88
1150820,074762,弘憶股國票61購01,,0.53
1150820,074763,松翰國票61購01,0.79,0.82
1150820,074765,復盛國票61購01,0.96,0.97
1150820,074766,睿生國票61購01,0.26,0.37
1150820,074767,富鼎國票61購09,,0.26
1150820,074768,山林水國票61購01,0.62,0.59
1150820,074769,台汽電國票61購01,,0.33
1150820,074770,道瓊銀群益61購09,,2.69
1150820,074771,大亞群益63購01,,0.93
1150820,074772,光寶科群益61購02,4.21,3.87
1150820,074773,華泰群益61購02,,0.57
1150820,074775,順德群益61購01,,0.55
1150820,074776,佳世達群益67購01,0.76,0.76
1150820,074777,華碩群益61購03,5.45,4.66
1150820,074778,漢翔群益61購03,3.19,2.41
1150820,074779,騰輝電群益61購01,0.86,0.74
1150820,074780,騰輝電群益61購02,0.82,0.85
1150820,074781,力智群益63購01,,0.31
1150820,074782,龍德船群益61購03,1.71,1.76
1150820,074783,AES群益61購03,0.54,0.72
1150820,074784,福懋科群益61購01,,0.38
1150820,074785,富鼎群益61購03,0.11,0.14
1150820,074786,台灣50元大61購08,0.86,0.93
1150820,074787,台灣50元大63購05,,1.38
1150820,074788,元金2X元大61購04,2.28,1.95
1150820,074789,元金2X元大61購05,2.58,2.15
1150820,074790,台化元大61購05,0.72,0.75
1150820,074791,台化元大61購06,,1.22
1150820,074792,中華化元大61購02,0.53,0.42
1150820,074793,台橡元大61購02,2.57,2.04
1150820,074794,台積電元大61購52,0.98,1.07
1150820,074795,台積電元大64購17,0.57,0.62
1150820,074796,聯強元大61購01,0.82,1.06
1150820,074797,鉅祥元大64購01,0.53,0.57
1150820,074798,長榮元大67購01,2.47,1.91
1150820,074799,亞航元大61購01,0.89,0.92
1150820,074800,漢翔元大61購04,3.02,2.44
1150820,074801,漢翔元大65購01,2.25,1.94
1150820,074802,大立光元大61購17,1.62,1.17
1150820,074803,大立光元大61購18,1.78,1.30
1150820,074804,大立光元大64購03,1.87,1.38
1150820,074805,亞光元大61購03,0.67,0.73
1150820,074806,健鼎元大61購02,1.03,0.86
1150820,074807,華晶科元大61購01,0.34,0.54
1150820,074808,日月光元大61購05,1.13,1.35
1150820,074809,日月光元大64購03,1.07,1.20
1150820,074810,正文元大67購01,,1.29
1150820,074811,和碩元大61購04,,1.89
1150820,074812,亞翔元大61購05,0.61,0.96
1150820,074813,帆宣元大66購01,1.10,1.18
1150820,074814,盛群元大61購03,,0.66
1150820,074815,台表科元大61購01,0.63,0.70
1150820,074816,騰輝電元大61購01,1.02,0.84
1150820,074819,龍德船元大64購01,0.94,0.91
1150820,074820,福懋科元大61購02,,1.00
1150820,074821,福懋科元大67購01,1.11,1.18
1150820,074827,T50反1凱基63購04,,1.52
1150820,074828,元債2X凱基61購01,,0.45
1150820,074829,SGBR2X凱基61購02,,2.81
1150820,074831,長興凱基61購03,0.26,0.27
1150820,074832,台橡凱基61購01,1.11,1.14
1150820,074833,華通凱基61購09,1.31,1.31
1150820,074834,台積電凱基61購20,,1.80
1150820,074835,台積電凱基63購15,,1.39
1150820,074836,台積電凱基63購16,1.83,2.01
1150820,074837,台積電凱基65購08,,1.46
1150820,074838,佳世達凱基61購01,,0.60
1150820,074839,矽統凱基61購04,,0.49
1150820,074840,燿華凱基61購01,,0.56
1150820,074841,漢唐凱基61購06,,0.80
1150820,074842,亞航凱基61購02,0.75,0.75
1150820,074843,長榮太凱基61購02,,0.63
1150820,074844,晶豪科凱基61購04,,1.93
1150820,074845,大立光凱基61購10,3.96,2.78
1150820,074846,大立光凱基64購01,,2.79
1150820,074847,德律凱基61購05,1.30,1.57
1150820,074848,昇貿凱基61購03,0.57,0.67
1150820,074849,牧德凱基61購03,,0.81
1150820,074850,乙盛凱基61購01,0.63,0.65
1150820,074851,亞翔凱基61購04,0.35,0.48
1150820,074852,佳必琪凱基64購01,,0.88
1150820,074853,啟碁凱基61購08,1.43,1.87
1150820,074854,群電凱基61購01,,0.96
1150820,074855,騰輝電凱基61購01,0.90,0.67
1150820,074856,騰輝電凱基61購02,0.83,0.61
1150820,074857,騰輝電凱基61購03,0.84,0.70
1150820,074858,力智凱基61購03,,0.32
1150820,074859,福懋科凱基61購01,0.34,0.47
1150820,074860,台積電統一63購02,,2.83
1150820,074862,材料統一63購01,0.22,0.22
1150820,074863,南茂凱基64購02,0.33,0.40
1150820,074864,富鼎凱基61購02,,0.23
1150820,074865,富鼎凱基61購03,,0.19
1150820,074866,富鼎凱基61購04,,0.19
1150820,074867,遠東新台新61購01,0.96,0.83
1150820,074868,大亞台新61購01,,0.56
1150820,074870,美時台新61購01,0.72,0.67
1150820,074872,京元電台新61購02,,0.39
1150820,074873,京元電台新61購03,,0.43
1150820,074874,長榮太台新62購01,,0.45
1150820,074875,大立光台新61購01,1.74,1.22
1150820,074876,大立光台新61購02,2.88,1.90
1150820,074877,大立光台新61購03,2.43,1.59
1150820,074878,大立光台新61購04,2.08,1.37
1150820,074880,望隼台新61購01,0.67,0.68
1150820,074881,台郡台新61購02,,1.41
1150820,074882,保瑞台新61購01,1.16,0.99
1150820,074883,保瑞台新61購02,1.21,1.08
1150820,074884,騰輝電台新61購01,0.74,0.60
1150820,074885,龍德船台新62購01,0.73,0.71
1150820,074887,T50反1中信67購01,0.62,0.62
1150820,074888,滬深2X中信67購01,0.67,0.74
1150820,074890,瑞昱中信64購01,,0.50
1150820,074891,智原中信61購01,,0.39
1150820,074892,矽格中信61購01,,0.31
1150820,074893,啟碁中信64購01,,0.63
1150820,074894,華城永豐64購02,1.07,1.03
1150820,074895,長興永豐64購02,,0.64
1150820,074896,美時永豐61購04,,0.43
1150820,074897,美時永豐61購05,0.57,0.55
1150820,074898,光寶科永豐63購02,1.86,1.78
1150820,074899,可成永豐61購03,1.25,1.21
1150820,074900,智原永豐64購02,0.80,0.80
1150820,074901,十銓永豐67購01,0.85,0.88
1150820,074902,台塑化永豐61購01,1.93,1.77
1150820,074903,捷敏永豐61購02,,0.76
1150820,074904,龍德船永豐61購01,0.84,0.75
1150820,074905,矽創永豐61購01,,0.60
1150820,074906,台泥富邦67購01,0.95,0.91
1150820,074907,第一銅富邦63購01,0.57,0.62
1150820,074908,精英富邦63購01,0.54,0.52
1150820,074909,可成富邦63購01,0.82,0.78
1150820,07490U,台達電中信5C售03,,0.31
1150820,074910,宏達電富邦63購01,0.43,0.52
1150820,074911,神達富邦63購01,0.58,0.63
1150820,074912,采鈺富邦63購02,0.29,0.34
1150820,074913,東元國泰62購01,1.63,1.40
1150820,074914,長興國泰62購02,1.09,1.33
1150820,074915,長興國泰62購03,,1.41
1150820,074916,鴻海國泰62購02,1.33,1.65
1150820,074917,瑞昱國泰63購02,,1.80
1150820,074918,超豐國泰62購01,1.26,1.46
1150820,074919,創見國泰62購01,2.27,2.53
1150820,074920,AES國泰62購01,0.78,0.95
1150820,074921,AES國泰62購02,0.80,0.99
1150820,074922,南茂國泰63購01,,1.39
1150820,074923,東陽凱基61購01,1.31,1.21
1150820,074924,光寶科凱基61購05,4.25,4.09
1150820,074925,金寶凱基61購02,0.72,0.87
1150820,074928,台積電凱基61購22,,1.14
1150820,074929,台積電凱基61購23,,1.28
1150820,074930,台積電凱基63購17,,2.14
1150820,074931,華碩凱基61購03,,4.50
1150820,074932,瑞昱凱基61購03,,0.88
1150820,074933,群光凱基61購01,0.69,0.69
1150820,074934,南亞科凱基61購08,2.37,2.28
1150820,074936,鉅祥凱基61購02,0.66,0.82
1150820,074937,長榮凱基61購03,,2.18
1150820,074938,陽明凱基61購02,2.08,1.43
1150820,074939,亞光凱基61購02,,0.74
1150820,074940,智原凱基61購02,,0.56
1150820,074942,新日興凱基61購02,1.54,1.53
1150820,074943,京鼎凱基61購01,,0.36
1150820,074944,嘉澤凱基61購04,0.45,0.89
1150820,074945,宏致凱基61購02,2.17,2.40
1150820,074946,貿聯凱基61購06,1.47,1.71
1150820,074947,日月光凱基61購05,,0.88
1150820,074948,正文凱基61購01,,0.70
1150820,074949,中磊凱基61購01,0.39,0.68
1150820,074950,帆宣凱基61購04,1.13,1.29
1150820,074951,盛群凱基61購02,0.79,0.90
1150820,074952,台塑化凱基61購01,3.13,2.80
1150820,074953,捷敏凱基61購02,0.16,0.18
1150820,074954,緯穎凱基61購10,,2.97
1150820,074955,龍德船凱基61購03,1.27,1.20
1150820,074956,矽創凱基61購03,0.60,0.73
1150820,074957,T50正2統一65購03,0.37,0.40
1150820,074959,台股增統一65購08,,0.64
1150820,074960,華新統一66購01,,0.69
1150820,074961,中鋼統一67購01,0.63,0.62
1150820,074962,華通統一65購05,,0.48
1150820,074963,華通統一67購02,0.58,0.58
1150820,074964,智邦統一65購04,,0.58
1150820,074965,順德統一65購04,,0.34
1150820,074966,燿華統一67購01,,0.41
1150820,074967,金像電統一65購04,,0.42
1150820,074968,金像電統一67購03,0.45,0.49
1150820,074970,瑞昱統一66購01,0.55,0.59
1150820,074971,漢唐統一65購02,0.43,0.49
1150820,074972,漢唐統一67購02,,0.69
1150820,074973,漢唐統一69購01,,0.49
1150820,074974,國碩統一65購01,,0.32
1150820,074975,南亞科統一65購10,0.66,0.64
1150820,074976,南亞科統一67購02,0.94,0.85
1150820,074977,南亞科統一67購03,0.75,0.75
1150820,074978,友達統一65購02,0.40,0.41
1150820,074979,友達統一67購01,,0.45
1150820,074980,興勤統一65購02,0.38,0.38
1150820,074981,義隆統一67購01,,0.38
1150820,074982,長榮太統一65購01,,0.32
1150820,074983,大立光統一65購02,2.35,1.78
1150820,074984,大立光統一67購02,1.98,1.50
1150820,074985,貿聯統一6B購02,,0.85
1150820,074987,日月光統一65購03,,0.53
1150820,074988,日月光統一67購01,0.43,0.50
1150820,074989,佳必琪統一67購01,,0.46
1150820,074990,今國光統一67購02,,0.52
1150820,074991,康舒統一67購02,,0.41
1150820,074992,龍德船統一67購01,0.58,0.57
1150820,074993,AES統一67購02,0.57,0.63
1150820,074994,群臺2X元大61購01,,0.74
1150820,074995,群臺2X元大61購02,0.86,0.94
1150820,074996,台塑元大61購02,1.61,1.58
1150820,074997,永光元大66購01,0.70,0.72
1150820,074998,長興元大64購02,1.10,1.17
1150820,074999,長興元大67購01,,1.02
1150820,075000,台玻元大61購05,0.38,0.39
1150820,075001,中環元大61購01,,1.26
1150820,075002,台積電元大61購53,0.95,1.03
1150820,075003,台積電元大64購18,0.61,0.64
1150820,075004,順德元大66購02,0.46,0.45
1150820,075005,佳世達元大61購01,0.59,0.91
1150820,075006,佳世達元大61購02,0.79,1.06
1150820,075007,瑞昱元大64購01,1.14,1.27
1150820,075008,南亞科元大64購05,2.29,2.16
1150820,075009,鉅祥元大64購02,,1.02
1150820,075010,富邦金元大61購04,,0.89
1150820,075011,凱基金元大61購01,0.60,0.69
1150820,075012,台新金元大61購04,,1.85
1150820,075013,大立光元大64購04,2.33,1.76
1150820,075014,大立光元大67購08,2.42,1.88
1150820,075015,奇鋐元大64購04,,2.26
1150820,075016,智易元大61購01,,0.98
1150820,075017,康普元大67購01,,0.66
1150820,075018,亞翔元大61購06,0.94,1.13
1150820,075019,佳必琪元大61購02,,0.72
1150820,075020,捷敏元大61購02,0.41,0.45
1150820,075021,捷敏元大61購03,0.59,0.63
1150820,075022,龍德船元大64購02,1.25,1.19
1150820,075023,松川元大61購02,0.66,0.65
1150820,075024,矽創元大61購03,0.72,0.88
1150820,075025,福懋科元大61購03,,1.42
1150820,075026,南茂元大61購03,0.56,0.64
1150820,075027,南茂元大65購01,,0.74
1150820,075028,香港2X國票61購01,1.85,1.85
1150820,075029,國企2X國票61購01,2.22,2.29
1150820,075030,SP黃豆國票61購01,1.67,1.37
1150820,075031,元金2X國票61購01,2.13,1.80
1150820,075032,元金2X國票61購02,2.23,1.82
1150820,075033,卜蜂國票65購01,,0.72
1150820,075034,台塑國票61購03,1.15,1.13
1150820,075035,台化國票61購03,,0.94
1150820,075036,亞力國票61購01,,0.55
1150820,075037,華新國票61購02,,1.63
1150820,075038,中環國票61購01,0.81,0.82
1150820,075039,瑞昱國票61購02,,1.31
1150820,075040,普安國票61購01,0.44,0.48
1150820,075041,豐達科國票61購02,,0.86
1150820,075042,益登國票61購01,,1.22
1150820,075043,智易國票61購02,,0.97
1150820,075044,宏致國票61購02,3.04,3.23
1150820,075045,三福化國票61購01,0.49,0.56
1150820,075046,十銓國票61購01,1.76,1.75
1150820,075047,佳必琪國票61購01,,0.62
1150820,075048,啟碁國票65購01,,1.82
1150820,075049,捷敏國票61購01,,0.36
1150820,075050,捷敏國票63購01,,0.43
1150820,075051,富世達國票65購01,1.59,1.59
1150820,075052,矽創國票61購03,0.86,1.02
1150820,075053,鴻海台新61購02,5.95,7.79
1150820,075054,鴻海台新61購03,7.25,10.50
1150820,075055,金像電台新61購02,0.55,0.57
1150820,075056,金像電台新61購03,0.80,0.80
1150820,075057,微星台新61購01,0.89,1.17
1150820,075058,漢唐台新61購01,0.55,0.68
1150820,075059,南亞科台新61購07,1.32,1.24
1150820,075060,南亞科台新61購08,1.43,1.28
1150820,075061,怡利電台新61購02,0.25,0.33
1150820,075062,怡利電台新61購03,0.34,0.44
1150820,075063,玉山金台新61購01,,1.48
1150820,075064,全漢台新61購01,,0.60
1150820,075065,全漢台新61購02,,0.52
1150820,075066,貿聯台新61購05,,1.14
1150820,075067,貿聯台新61購06,,1.21
1150820,075068,南寶台新61購01,,0.50
1150820,075069,帆宣台新61購02,,0.93
1150820,07506U,智邦中信5C售03,,0.01
1150820,075071,樺漢台新61購01,1.07,1.59
1150820,075072,樺漢台新64購01,1.11,1.50
1150820,075073,捷敏台新61購02,0.34,0.37
1150820,075074,捷敏台新61購03,0.21,0.23
1150820,075075,富世達台新61購02,,2.02
1150820,075076,群臺2X群益61購01,,0.94
1150820,075077,群臺2X群益63購01,0.75,0.80
1150820,075078,為升群益61購01,0.37,0.46
1150820,075079,鴻海群益61購05,1.36,1.77
1150820,075080,京元電群益64購01,0.95,1.12
1150820,075081,義隆群益61購01,0.56,0.70
1150820,075082,凱基金群益61購01,,0.92
1150820,075083,晶豪科群益67購01,,3.99
1150820,075084,京鼎群益61購01,0.49,0.72
1150820,075085,牧德群益61購02,0.70,0.80
1150820,075087,貿聯群益61購01,1.20,1.34
1150820,075088,泰金寶群益61購02,,0.69
1150820,075089,群臺2X中信67購01,0.47,0.48
1150820,075090,群臺2X中信67購02,0.45,0.46
1150820,075091,京元電中信64購01,,0.41
1150820,075092,貿聯中信61購02,1.13,1.15
1150820,075093,宏致國泰62購01,2.83,2.95
1150820,075094,貿聯國泰62購01,2.50,2.62
1150820,075095,益登富邦63購01,0.47,0.55
1150820,075096,緯創富邦62購01,,1.08
1150820,075097,T50正2永豐61購06,,0.72
1150820,075098,鴻海永豐67購03,,1.37
1150820,075099,台積電永豐77購01,,3.91
1150820,075100,台積電永豐77購02,3.01,3.10
1150820,075101,矽統永豐61購02,,0.72
1150820,075102,研華永豐61購04,3.05,2.77
1150820,075103,南亞科永豐67購03,,1.33
1150820,075104,中工永豐61購01,,0.55
1150820,075105,奇鋐永豐64購06,,2.65
1150820,075106,奇鋐永豐64購07,2.58,2.71
1150820,075107,聯詠永豐61購04,1.08,1.15
1150820,075109,京鼎永豐64購01,,0.84
1150820,075110,事欣科永豐61購02,0.65,0.72
1150820,075111,南亞科統一59購01,21.90,20.97
1150820,075112,事欣科永豐63購01,0.61,0.70
1150820,075113,祥碩永豐61購03,0.70,0.61
1150820,075114,今國光永豐61購02,0.53,0.64
1150820,075115,今國光永豐64購01,1.13,1.21
1150820,075116,采鈺永豐61購03,0.80,0.93
1150820,075117,富世達永豐61購02,,1.63
1150820,075118,T50正2凱基65購03,,0.90
1150820,075119,香港2X凱基61購01,,3.00
1150820,075120,國企2X凱基61購02,1.75,1.68
1150820,075121,群臺2X凱基61購02,1.04,1.10
1150820,075122,群臺2X凱基64購01,0.99,1.02
1150820,075124,SP黃豆凱基61購02,1.62,1.38
1150820,075125,元金2X凱基61購08,3.04,2.75
1150820,075126,道瓊銀凱基61購08,2.46,2.17
1150820,075127,台塑凱基61購02,,1.34
1150820,075128,台化凱基61購04,,0.77
1150820,075129,亞力凱基61購01,,0.61
1150820,075130,亞德客凱基61購01,,0.90
1150820,075132,長興凱基64購01,0.91,0.99
1150820,075133,台玻凱基61購03,0.81,0.81
1150820,075134,鴻海凱基61購08,1.48,1.81
1150820,075135,順德凱基61購03,0.77,0.79
1150820,075136,研華凱基61購02,2.80,2.85
1150820,075137,京元電凱基64購03,,1.29
1150820,075138,中再保凱基61購01,,1.39
1150820,075139,富邦金凱基61購02,1.05,1.09
1150820,075140,台新金凱基61購01,,1.95
1150820,075141,晶豪科凱基66購01,,2.55
1150820,075142,大立光凱基61購11,,2.67
1150820,075143,奇鋐凱基61購11,,2.17
1150820,075144,智原凱基66購02,,0.49
1150820,075145,益登凱基61購02,0.98,1.16
1150820,075146,牧德凱基61購04,0.93,1.05
1150820,075147,定穎控凱基61購08,0.42,0.52
1150820,075148,大銀凱基61購02,0.95,1.12
1150820,075149,三福化凱基61購01,0.41,0.42
1150820,075150,天鈺凱基61購01,0.98,1.08
1150820,075151,十銓凱基61購01,2.11,2.10
1150820,075152,亞翔凱基61購05,,1.16
1150820,075153,富世達凱基61購01,,2.77
1150820,075154,松川凱基61購02,1.84,1.83
1150820,075155,福懋科凱基61購02,,1.11
1150820,075156,可寧衛凱基61購03,1.07,1.07
1150820,075157,元石油國票61購01,,2.22
1150820,075158,SGBR2X國票61購01,7.85,6.63
1150820,075159,宏泰國票65購01,0.83,0.80
1150820,075160,美時國票61購01,,0.90
1150820,075161,美時國票61購02,,0.83
1150820,075162,光罩國票61購01,,0.69
1150820,075163,友達國票61購03,,1.13
1150820,075164,潤弘國票65購01,0.62,0.61
1150820,075165,統一超國票61購01,0.86,0.92
1150820,075166,威強電國票61購01,1.15,1.31
1150820,075167,零壹國票65購01,0.85,0.84
1150820,075168,玉晶光國票61購01,1.55,1.24
1150820,075169,融程電國票61購02,0.84,1.04
1150820,075170,碩天國票61購02,1.60,1.46
1150820,075171,事欣科國票61購01,0.66,0.78
1150820,075172,立積國票61購01,,0.32
1150820,075173,眾達國票61購01,1.22,1.05
1150820,075174,眾達國票61購02,1.23,1.04
1150820,075175,精誠國票61購01,2.42,1.71
1150820,075176,寶成國票65購01,0.93,0.90
1150820,075178,東陽台新61購01,1.30,1.20
1150820,075179,台積電台新61購07,,0.95
1150820,075180,台積電台新65購08,,0.78
1150820,075181,映泰台新61購01,0.65,0.66
1150820,075182,大立光台新61購06,4.08,2.71
1150820,075183,牧德台新62購02,1.06,1.11
1150820,075184,大銀台新61購01,,1.27
1150820,075185,事欣科台新61購01,,0.93
1150820,075186,啟碁台新61購01,1.43,1.55
1150820,075187,研揚台新61購01,0.55,0.68
1150820,075188,富世達台新61購03,3.81,3.08
1150820,075189,T50正2群益61購05,,0.71
1150820,075190,T50正2群益61購06,,0.53
1150820,075191,信錦群益61購01,,1.38
1150820,075192,長興群益62購01,,1.16
1150820,075193,光寶科群益61購03,,4.83
1150820,075194,鴻海群益61購06,1.39,1.72
1150820,075195,台積電群益61購14,,1.24
1150820,075196,智邦群益61購03,1.10,1.44
1150820,075197,華碩群益61購04,,2.10
1150820,075198,微星群益61購02,1.68,2.27
1150820,075199,瑞昱群益61購03,,0.94
1150820,075200,群光群益61購01,0.67,0.66
1150820,075201,研華群益61購02,,3.36
1150820,075202,南亞科群益61購06,4.16,3.80
1150820,075203,長榮群益61購01,2.13,1.55
1150820,075204,長榮太群益61購01,,0.75
1150820,075205,奇鋐群益61購06,7.75,7.64
1150820,075206,亞光群益61購02,1.92,1.82
1150820,075207,新日興群益63購03,2.98,3.06
1150820,075208,嘉澤群益61購02,0.97,1.86
1150820,075209,貿聯群益65購01,3.27,3.30
1150820,075210,日月光群益62購02,,0.73
1150820,075211,事欣科群益61購01,,0.73
1150820,075212,事欣科群益61購02,0.69,0.84
1150820,075213,台塑化群益61購01,3.61,3.38
1150820,075214,緯穎群益61購03,5.45,5.47
1150820,075215,龍德船群益65購01,0.74,0.71
1150820,075217,富世達群益61購03,,1.76
1150820,075218,富世達群益61購04,2.04,1.85
1150820,075219,矽創群益67購01,0.45,0.52
1150820,075220,寶成群益62購01,1.01,0.98
1150820,075221,台化統一65購01,0.46,0.48
1150820,075222,中華化統一6C購01,0.58,0.55
1150820,075223,美時統一67購01,0.50,0.49
1150820,075224,為升統一65購02,,0.43
1150820,075225,為升統一6C購01,0.46,0.49
1150820,075226,佳世達統一67購01,0.41,0.42
1150820,075227,華碩統一64購01,1.05,0.92
1150820,075229,瑞昱統一68購01,,0.56
1150820,075230,研華統一65購05,0.99,0.96
1150820,075231,研華統一67購02,0.84,0.82
1150820,075233,友達統一6C購01,0.54,0.56
1150820,075235,義隆統一63購03,,0.34
1150820,075236,長榮太統一65購02,0.38,0.41
1150820,075237,長榮太統一67購01,,0.40
1150820,075238,長榮太統一67購02,0.33,0.39
1150820,075239,大立光統一63購01,,1.56
1150820,075240,晟銘電統一67購02,,0.47
1150820,075241,全漢統一6C購01,,0.51
1150820,075242,凌航統一6C購01,0.49,0.51
1150820,075243,日月光統一65購04,0.52,0.58
1150820,075244,大銀統一65購01,0.44,0.46
1150820,075245,事欣科統一67購01,0.47,0.49
1150820,075246,事欣科統一6C購01,0.53,0.56
1150820,075247,立積統一6C購01,,0.51
1150820,075248,松翰統一6C購01,,0.59
1150820,075249,亞翔統一6B購01,,0.51
1150820,075250,今國光統一6C購01,,0.50
1150820,075252,樺漢統一67購01,,0.61
1150820,075253,騰輝電統一67購01,0.67,0.65
1150820,075254,騰輝電統一6C購01,,0.57
1150820,075255,力智統一6C購01,0.39,0.41
1150820,075256,滬深2X元大61購05,0.79,1.03
1150820,075257,滬深2X元大61購06,1.00,1.36
1150820,075258,A50正2元大61購02,1.78,2.08
1150820,075259,道瓊銀元大61購02,1.67,1.49
1150820,075260,台化元大61購07,,1.14
1150820,075261,遠東新元大61購02,1.76,1.46
1150820,075262,為升元大61購01,0.75,0.88
1150820,075263,台積電元大61購55,1.09,1.19
1150820,075265,台積電元大63購13,,1.50
1150820,075266,金像電元大61購16,0.77,0.73
1150820,075267,金像電元大63購02,0.79,0.76
1150820,075269,瑞昱元大61購03,0.97,1.15
1150820,075270,研華元大61購01,1.08,1.06
1150820,075271,毅嘉元大61購02,,0.95
1150820,075272,南亞科元大63購10,2.66,2.43
1150820,075273,偉詮電元大61購01,1.16,1.28
1150820,075274,偉詮電元大61購02,0.95,1.03
1150820,075275,義隆元大61購03,0.52,0.59
1150820,075276,鉅祥元大61購01,0.58,0.67
1150820,075277,兆赫元大61購02,,1.02
1150820,075278,華航元大61購03,,1.19
1150820,075279,慧洋元大61購01,2.26,1.93
1150820,075280,長榮太元大61購02,0.75,0.88
1150820,075281,永豐金元大61購03,1.36,1.44
1150820,075282,大立光元大63購15,,1.82
1150820,075283,大立光元大67購09,2.49,1.97
1150820,075284,奇鋐元大61購33,2.98,2.86
1150820,075285,奇鋐元大63購01,,1.76
1150820,075286,亞光元大61購04,0.62,0.80
1150820,075287,京鼎元大61購01,0.52,0.68
1150820,075288,宏致元大61購02,,3.71
1150820,075289,神達元大61購04,1.63,1.77
1150820,075290,日月光元大63購06,1.65,1.95
1150820,075291,材料元大61購02,1.49,1.57
1150820,075292,事欣科元大61購02,0.61,0.70
1150820,075293,亞翔元大61購07,,1.17
1150820,075294,帆宣元大61購04,1.04,1.17
1150820,075295,保瑞元大67購01,1.10,0.99
1150820,075296,緯穎元大61購16,3.25,3.22
1150820,075297,緯穎元大63購01,1.68,1.74
1150820,075298,騰輝電元大61購02,1.40,1.12
1150820,075299,矽創元大61購04,0.61,0.98
1150820,075301,南茂元大61購04,,0.91
1150820,075302,南茂元大65購02,0.74,0.77
1150820,075303,世紀鋼元大61購01,0.75,1.04
1150820,075304,研華國泰62購01,3.29,3.00
1150820,075305,漢唐國泰62購01,,1.27
1150820,075306,友達國泰62購01,,1.09
1150820,075307,漢翔國泰62購01,3.08,2.36
1150820,075308,威強電國泰62購01,1.78,2.07
1150820,075309,事欣科國泰62購01,1.06,1.20
1150820,075310,亞翔國泰62購02,,1.18
1150820,075311,鴻海中信64購02,,0.86
1150820,075312,南茂中信61購01,,0.29
1150820,075313,華通永豐61購03,,0.88
1150820,075314,華通永豐64購01,0.91,0.90
1150820,075315,金像電永豐61購02,0.92,0.94
1150820,075316,友達永豐61購10,,0.47
1150820,075317,友達永豐65購02,0.62,0.70
1150820,075318,緯創永豐65購01,3.70,4.29
1150820,075319,宏致永豐64購02,,1.37
1150820,075320,碩天永豐61購02,1.45,1.24
1150820,075321,碩天永豐64購01,2.07,1.88
1150820,075322,貿聯永豐61購03,1.67,1.80
1150820,075323,貿聯永豐67購01,2.55,2.63
1150820,075324,日月光永豐65購01,0.84,0.94
1150820,075325,天鈺永豐61購01,0.90,0.96
1150820,075326,天鈺永豐61購02,0.51,0.53
1150820,075327,天鈺永豐64購01,0.95,0.96
1150820,075328,松翰永豐64購01,0.84,0.86
1150820,075329,亞翔永豐63購04,,0.91
1150820,075330,啟碁永豐61購04,,0.67
1150820,075331,富世達永豐64購01,1.46,1.64
1150820,075332,富世達永豐67購01,3.19,2.76
1150820,075333,富世達永豐67購02,1.65,1.61
1150820,075334,和大凱基61購01,,0.95
1150820,075336,美時凱基61購03,1.01,0.96
1150820,075337,光寶科凱基61購06,4.89,5.01
1150820,075338,智邦凱基61購07,0.99,1.36
1150820,075339,金像電凱基61購06,0.84,0.80
1150820,075340,微星凱基64購02,,2.21
1150820,075341,瑞昱凱基65購01,,1.50
1150820,075343,毅嘉凱基61購03,,1.20
1150820,075344,南亞科凱基61購09,,2.69
1150820,075345,南亞科凱基61購10,1.70,1.52
1150820,075346,友達凱基61購11,0.96,0.99
1150820,075347,興勤凱基61購03,0.61,0.51
1150820,075348,偉詮電凱基61購02,0.85,0.98
1150820,075349,鉅祥凱基64購01,,0.95
1150820,075350,長榮凱基61購04,,1.89
1150820,075351,永豐金凱基61購01,,2.02
1150820,075353,奇鋐凱基61購12,3.66,3.89
1150820,075354,亞光凱基61購03,0.89,0.95
1150820,075355,宏致凱基61購03,,2.33
1150820,075356,貿聯凱基61購07,2.58,2.56
1150820,075357,日月光凱基61購06,,0.77
1150820,075358,事欣科凱基61購01,,0.82
1150820,075359,事欣科凱基61購02,,0.76
1150820,07535U,臺股指富邦5C售03,,0.02
1150820,075360,帆宣凱基66購01,,1.10
1150820,075361,盛群凱基61購03,,0.57
1150820,075362,啟碁凱基61購09,,0.82
1150820,075363,保瑞凱基63購01,2.46,2.31
1150820,075364,緯穎凱基63購01,2.40,2.43
1150820,075365,龍德船凱基63購01,1.00,1.14
1150820,075366,富世達凱基61購02,2.00,2.06
1150820,075367,矽創凱基61購04,,0.62
1150820,075369,南茂凱基65購02,,0.62
1150820,075371,士電國票61購01,,0.99
1150820,075372,和大國票61購02,,1.16
1150820,075374,新光鋼國票65購01,1.13,1.03
1150820,075375,鴻海國票61購05,,1.60
1150820,075377,超豐國票61購02,,0.60
1150820,075378,萬海國票61購02,2.86,1.69
1150820,075379,亞光國票61購01,,0.98
1150820,075380,建漢國票65購01,,0.57
1150820,075381,新日興國票61購01,1.19,1.20
1150820,075382,凌華國票61購01,,0.84
1150820,075383,迅得國票61購01,0.84,0.92
1150820,075384,南茂國票61購03,,0.51
1150820,075385,勤誠國票61購01,0.48,0.70
1150820,075386,勤誠國票61購02,0.40,0.61
1150820,075387,台灣50台新61購06,,1.99
1150820,075388,滬深2X台新61購02,1.70,2.12
1150820,075389,滬深2X台新61購03,1.46,1.71
1150820,075390,智邦台新61購03,3.65,4.88
1150820,075391,南亞科台新61購09,1.29,1.16
1150820,075392,南亞科台新61購10,1.33,1.17
1150820,075393,普安台新61購02,,0.41
1150820,075394,漢翔台新61購01,1.90,1.46
1150820,075395,漢翔台新61購02,2.29,1.80
1150820,075396,日月光台新61購04,,0.78
1150820,075397,緯穎台新65購03,,3.29
1150820,075398,雲豹台新61購01,0.63,0.69
1150820,075399,台灣50統一67購01,0.63,0.66
1150820,075400,美時統一67購02,0.55,0.50
1150820,075401,廣宇統一67購01,0.54,0.55
1150820,075402,光罩統一67購01,,0.47
1150820,075403,矽統統一6C購01,,0.53
1150820,075404,瑞昱統一6C購01,,0.48
1150820,075405,南亞科統一68購01,0.70,0.61
1150820,075406,南亞科統一6C購02,0.83,0.80
1150820,075407,興勤統一6C購02,,0.50
1150820,075408,超豐統一65購01,,0.46
1150820,075409,超豐統一67購02,,0.47
1150820,075410,超豐統一6C購01,,0.49
1150820,075411,義隆統一6C購01,0.48,0.50
1150820,075412,長榮太統一6C購01,,0.56
1150820,075413,大立光統一65購03,1.66,1.20
1150820,075414,威強電統一67購01,0.57,0.65
1150820,075415,凌航統一67購01,,0.60
1150820,075416,弘憶股統一6C購01,,0.62
1150820,075417,宏致統一6C購01,0.70,0.76
1150820,075419,達邁統一67購01,,0.45
1150820,075421,日月光統一67購02,,0.47
1150820,075422,日月光統一6C購02,,0.67
1150820,075424,望隼統一67購01,,0.55
1150820,075425,事欣科統一65購01,0.52,0.56
1150820,075426,事欣科統一67購02,0.51,0.55
1150820,075427,事欣科統一69購01,,0.56
1150820,075428,亞翔統一6C購01,,0.45
1150820,075429,今國光統一65購02,,0.55
1150820,075430,台表科統一67購01,0.50,0.50
1150820,075432,騰輝電統一65購01,0.67,0.64
1150820,075433,惠特統一68購01,0.42,0.44
1150820,075434,力智統一65購02,,0.47
1150820,075435,富世達統一67購01,0.92,0.89
1150820,075436,松川統一67購01,,0.65
1150820,075438,南茂統一65購04,0.34,0.35
1150820,075439,南茂統一67購01,,0.41
1150820,07543U,T50正2凱基63售01,,0.06
1150820,075440,南茂統一67購02,,0.35
1150820,075441,南茂統一6C購01,0.46,0.49
1150820,075442,臺股指統一61購03,,2.35
1150820,075443,國企2X群益65購01,,2.34
1150820,075444,群臺2X群益61購03,,0.80
1150820,075445,元金2X群益61購03,4.60,4.07
1150820,075446,道瓊銀群益61購10,1.11,0.96
1150820,075447,台塑群益61購02,3.31,3.32
1150820,075448,亞力群益61購01,0.38,0.41
1150820,075449,和大群益61購01,0.86,1.02
1150820,075450,和大群益61購02,,1.18
1150820,075451,台玻群益61購02,1.25,1.23
1150820,075452,台積電群益63購06,1.13,1.22
1150820,075453,英業達群益61購01,1.33,1.55
1150820,075454,南亞科群益61購07,1.99,1.79
1150820,075455,南亞科群益61購08,3.46,3.05
1150820,075456,友達群益61購02,0.55,0.58
1150820,075457,富邦金群益61購05,2.12,2.23
1150820,075458,晶豪科群益61購05,2.93,2.97
1150820,075459,大立光群益62購02,1.56,1.12
1150820,075461,十銓群益61購01,4.07,4.15
1150820,075462,亞翔群益62購01,,0.56
1150820,075463,美費半富邦64購01,,0.49
1150820,075464,台玻富邦64購01,0.30,0.31
1150820,075465,光寶科富邦61購04,1.37,1.27
1150820,075466,仁寶富邦63購03,0.78,0.79
1150820,075467,台積電富邦65購01,,0.55
1150820,075468,菱生富邦63購02,,0.28
1150820,075469,瑞昱富邦63購02,0.43,0.52
1150820,075470,瑞昱富邦64購02,0.38,0.46
1150820,075471,偉詮電富邦63購01,0.55,0.64
1150820,075472,京元電富邦64購01,0.38,0.42
1150820,075473,創見富邦62購01,,0.91
1150820,075474,台新金富邦61購01,0.59,0.65
1150820,075475,永豐金富邦61購01,,0.38
1150820,075476,大立光富邦63購02,2.10,1.42
1150820,075477,大立光富邦63購03,,1.18
1150820,075478,益登富邦64購01,0.51,0.62
1150820,075479,華晶科富邦63購02,0.41,0.43
1150820,075481,昇貿富邦63購04,0.50,0.55
1150820,075482,玉晶光富邦63購04,0.67,0.55
1150820,075483,玉晶光富邦64購01,0.64,0.51
1150820,075484,嘉澤富邦63購01,0.37,0.63
1150820,075485,日月光富邦67購01,0.60,0.69
1150820,075486,定穎控富邦63購01,,0.24
1150820,075487,材料富邦63購01,0.71,0.74
1150820,075488,材料富邦63購02,0.74,0.78
1150820,075490,今國光富邦63購03,,0.54
1150820,075491,惠特富邦64購01,,0.31
1150820,075492,富世達富邦62購02,1.30,1.27
1150820,075493,台塑元大61購03,1.74,1.72
1150820,075494,聚陽元大61購04,0.43,0.62
1150820,075495,士電元大61購03,0.90,0.90
1150820,075496,長興元大61購02,1.10,1.16
1150820,075497,台玻元大65購01,1.35,1.27
1150820,075498,台積電元大63購14,1.16,1.23
1150820,075499,智邦元大61購07,0.74,0.96
1150820,075500,智邦元大61購08,0.93,1.16
1150820,075501,順德元大61購03,0.92,0.87
1150820,075503,菱生元大61購02,0.26,0.31
1150820,075504,瑞昱元大61購04,0.92,1.23
1150820,075506,瑞昱元大65購02,0.66,0.82
1150820,075507,台塑統一5B購01,,0.52
1150820,075509,研華元大61購02,3.73,3.61
1150820,075510,研華元大61購03,2.98,2.93
1150820,075511,凌陽元大61購02,,0.72
1150820,075512,漢唐元大66購01,0.74,0.86
1150820,075513,南亞科元大64購06,2.21,2.01
1150820,075514,南亞科元大67購04,1.01,0.93
1150820,075515,京元電元大61購15,,1.20
1150820,075516,鉅祥元大61購02,0.62,0.76
1150820,075517,普安元大61購01,,0.51
1150820,075518,長榮航元大61購02,1.88,1.92
1150820,075519,漢翔元大61購05,2.35,1.93
1150820,075520,大立光元大61購19,1.61,1.18
1150820,075521,大立光元大63購16,1.78,1.31
1150820,075522,聯陽元大61購01,1.17,1.29
1150820,075523,奇鋐元大61購34,2.42,2.28
1150820,075524,奇鋐元大63購02,,1.55
1150820,075525,智原元大61購04,0.64,0.68
1150820,075526,文曄元大61購01,1.13,1.37
1150820,075527,健鼎元大61購03,0.78,0.63
1150820,075528,玉晶光元大61購03,1.46,1.21
1150820,075529,宏致元大61購03,2.93,2.93
1150820,075530,貿聯元大61購05,2.18,2.21
1150820,075531,貿聯元大67購02,1.94,1.96
1150820,075533,神達元大61購05,1.34,1.45
1150820,075534,日月光元大63購07,0.53,0.61
1150820,075535,康普元大61購01,0.32,0.42
1150820,075536,精成科元大61購03,,0.51
1150820,075537,帆宣元大61購05,,1.20
1150820,075538,矽格元大61購04,0.75,0.87
1150820,075539,矽格元大61購05,0.41,0.51
1150820,075540,台表科元大61購02,0.97,0.87
1150820,075541,矽創元大61購05,0.79,0.94
1150820,075542,南茂元大61購05,,0.72
1150820,075543,臺股指元大61購33,,1.24
1150820,075544,臺股指元大61購34,,1.48
1150820,075545,臺股指元大63購25,0.79,0.83
1150820,075547,臻鼎中信67購01,0.33,0.35
1150820,075548,台化永豐61購04,,0.81
1150820,075549,東聯永豐61購02,1.38,1.32
1150820,075550,凱美永豐61購01,0.32,0.35
1150820,075551,凱美永豐61購02,0.55,0.60
1150820,075552,凱美永豐61購03,0.50,0.55
1150820,075553,技嘉永豐61購03,1.28,1.48
1150820,075554,技嘉永豐64購01,,1.45
1150820,075555,立隆電永豐61購02,0.63,0.70
1150820,075556,立隆電永豐61購03,0.45,0.56
1150820,075557,立隆電永豐61購04,,0.46
1150820,075558,大立光永豐65購01,1.86,1.57
1150820,075559,大立光永豐6A購01,2.70,2.07
1150820,075560,奇鋐永豐64購08,,2.00
1150820,075561,大聯大永豐64購01,0.51,0.78
1150820,075562,新唐永豐61購02,,0.54
1150820,075563,新唐永豐63購01,0.43,0.55
1150820,075564,臻鼎永豐61購04,,0.49
1150820,075565,臻鼎永豐61購05,,0.54
1150820,075566,臻鼎永豐64購02,,0.66
1150820,075567,臻鼎永豐65購02,0.70,0.78
1150820,075568,力成永豐61購02,,0.94
1150820,075569,力成永豐61購03,,0.79
1150820,075570,力成永豐63購03,0.88,0.93
1150820,075571,力成永豐64購01,,1.26
1150820,075572,同欣電永豐61購01,0.83,0.84
1150820,075573,同欣電永豐61購02,0.93,1.14
1150820,075574,同欣電永豐64購01,0.92,0.92
1150820,075575,台塑化永豐61購02,1.27,1.20
1150820,075576,緯穎永豐61購04,2.97,2.98
1150820,075577,采鈺永豐61購04,,0.83
1150820,075578,巨大永豐61購01,2.06,1.73
1150820,075579,美時國票61購03,1.26,1.13
1150820,075580,金像電國票65購01,0.86,0.88
1150820,075581,凱美國票61購01,,0.47
1150820,075582,凱美國票61購02,,0.47
1150820,075584,可成國票61購02,1.71,1.58
1150820,075585,漢翔國票61購02,1.61,1.37
1150820,075586,臻鼎國票61購01,,0.62
1150820,075587,臻鼎國票61購02,,0.71
1150820,075588,力成國票65購01,,1.18
1150820,075589,同欣電國票65購01,,1.05
1150820,075590,台塑化國票61購02,2.27,2.02
1150820,075591,台虹國票61購02,2.91,2.20
1150820,075593,群臺2X台新61購02,0.58,0.65
1150820,075594,台塑台新61購05,,0.72
1150820,075595,長榮太台新61購02,0.43,0.56
1150820,075596,大立光台新61購07,14.60,9.44
1150820,075597,緯創台新61購01,,2.75
1150820,075598,緯創台新61購02,,3.53
1150820,075599,事欣科台新61購02,0.58,0.67
1150820,075600,臻鼎台新61購01,0.52,0.69
1150820,075601,臻鼎台新61購02,0.62,0.72
1150820,075602,臻鼎台新61購03,0.57,0.68
1150820,075603,臻鼎台新67購01,0.85,0.95
1150820,075604,力成台新61購01,0.82,0.91
1150820,075605,同欣電台新61購01,,0.63
1150820,075606,啟碁台新67購01,,2.08
1150820,075608,立隆電群益61購03,,1.78
1150820,075609,漢翔群益61購04,2.10,1.61
1150820,075610,嘉澤群益61購03,0.57,1.03
1150820,075611,事欣科群益61購03,,0.80
1150820,075612,新唐群益61購01,,0.57
1150820,075613,新唐群益61購02,,0.45
1150820,075614,臻鼎群益61購03,0.43,0.53
1150820,075615,臻鼎群益61購04,,0.46
1150820,075616,臻鼎群益61購05,0.49,0.60
1150820,075617,力成群益61購01,0.67,0.77
1150820,075618,台表科群益61購02,1.44,1.67
1150820,075619,台塑化群益61購02,2.06,1.84
1150820,075620,達發群益61購01,,0.81
1150820,075621,巨大群益61購01,1.39,1.17
1150820,075623,台股增富邦64購01,,0.75
1150820,075624,台塑富邦61購04,0.62,0.63
1150820,075625,聯發科群益59購01,20.20,23.24
1150820,075626,台塑富邦64購01,,0.56
1150820,075627,長興富邦61購01,,0.60
1150820,075628,上銀富邦61購02,0.77,0.84
1150820,075629,華通富邦61購05,0.56,0.54
1150820,07562U,台達電元富5C售02,,0.16
1150820,075630,金像電富邦61購03,0.63,0.61
1150820,075631,微星富邦61購01,0.53,0.71
1150820,075632,慧洋富邦63購02,0.74,0.60
1150820,075633,臻鼎富邦64購01,,0.25
1150820,075634,臻鼎富邦64購02,,0.24
1150820,075635,同欣電富邦63購01,0.41,0.41
1150820,075636,同欣電富邦64購01,,0.35
1150820,075637,至上富邦61購03,0.70,0.74
1150820,075638,臺股指富邦61購18,,0.89
1150820,075639,臺股指富邦67購04,,0.94
1150820,075640,台塑統一6C購01,,0.55
1150820,075643,凱美統一67購01,0.39,0.39
1150820,075644,凱美統一6C購01,,0.39
1150820,075647,鉅祥統一65購02,0.55,0.58
1150820,075648,漢翔統一6C購01,0.76,0.67
1150820,075649,大立光統一67購03,1.99,1.52
1150820,075650,聯詠統一6C購01,1.08,1.07
1150820,075651,智原統一6C購01,,0.43
1150820,075652,弘憶股統一67購01,0.51,0.51
1150820,075653,望隼統一67購02,0.52,0.53
1150820,075654,新唐統一67購01,0.39,0.43
1150820,075655,新唐統一67購02,0.28,0.33
1150820,075656,新唐統一6C購01,,0.42
1150820,075657,臻鼎統一67購01,,0.42
1150820,075658,臻鼎統一6C購01,,0.47
1150820,075659,盛群統一6C購01,,0.49
1150820,075660,力成統一67購02,0.44,0.46
1150820,075661,力成統一6C購01,,0.55
1150820,075662,同欣電統一6C購01,0.50,0.49
1150820,075663,騰輝電統一67購02,0.73,0.59
1150820,075664,松川統一67購02,0.60,0.61
1150820,075665,台虹統一6C購02,1.22,1.01
1150820,075666,同欣電國泰62購01,1.26,1.27
1150820,075667,啟碁國泰62購02,,1.85
1150820,075669,台灣50凱基61購08,,1.22
1150820,075670,台塑凱基67購01,1.10,1.32
1150820,075672,英業達凱基61購02,,2.16
1150820,075673,凱美凱基61購01,0.26,0.31
1150820,075674,凱美凱基61購02,,0.30
1150820,075675,凱美凱基61購03,,0.45
1150820,075676,凱美凱基61購04,0.30,0.40
1150820,075677,研華凱基61購03,,3.18
1150820,075678,漢唐凱基61購07,0.58,0.85
1150820,075679,南亞科凱基64購04,,2.71
1150820,07567U,臺股指凱基5B售05,,0.02
1150820,075680,京元電凱基61購08,,1.03
1150820,075681,立隆電凱基61購02,0.24,0.51
1150820,075682,立隆電凱基61購03,0.41,0.56
1150820,075683,立隆電凱基61購04,0.44,0.54
1150820,075684,台積電統一63購03,,4.26
1150820,075685,漢翔凱基61購03,1.73,1.25
1150820,075686,大立光凱基61購12,1.50,0.98
1150820,075687,大立光凱基63購04,1.62,1.18
1150820,075688,大立光凱基63購05,2.41,1.60
1150820,075689,奇鋐凱基61購13,,3.46
1150820,075690,緯創凱基61購06,2.56,3.36
1150820,075691,玉晶光凱基61購04,1.30,1.14
1150820,075692,新唐凱基61購01,0.25,0.34
1150820,075693,新唐凱基61購02,,0.50
1150820,075694,臻鼎凱基61購07,0.22,0.35
1150820,075695,臻鼎凱基61購08,,0.43
1150820,075696,臻鼎凱基61購09,0.64,0.70
1150820,075697,臻鼎凱基61購10,0.50,0.54
1150820,075698,力成凱基61購04,0.91,1.06
1150820,075699,力成凱基61購05,,1.12
1150820,075700,力成凱基61購06,0.88,1.08
1150820,075701,同欣電凱基61購02,0.89,0.93
1150820,075702,同欣電凱基61購03,0.51,0.60
1150820,075703,同欣電凱基61購04,0.85,0.91
1150820,075704,台表科凱基61購01,1.16,1.04
1150820,075705,迅得凱基61購02,0.77,0.88
1150820,075706,勤誠凱基61購02,0.85,1.12
1150820,075707,臺股指凱基61購20,,0.82
1150820,075709,臺股指凱基61購21,0.73,0.87
1150820,075710,T50正2元大61購08,0.68,0.74
1150820,075711,T50正2元大64購02,0.87,0.92
1150820,075712,T50反1元大63購09,1.23,1.28
1150820,075713,台化元大61購08,,1.02
1150820,075714,大亞元大61購02,1.31,1.34
1150820,075715,為升元大61購02,,0.49
1150820,075716,台積電元大61購56,1.09,1.18
1150820,075717,金像電元大61購17,0.86,0.85
1150820,075718,金像電元大61購18,0.69,0.69
1150820,075719,金像電元大63購04,0.95,0.91
1150820,075721,凱美元大61購02,,0.69
1150820,075722,研華元大61購04,3.10,3.07
1150820,075723,國碩元大61購04,,0.79
1150820,075724,南亞科元大67購05,2.46,2.25
1150820,075725,友達元大63購11,,0.94
1150820,075726,興勤元大61購03,0.41,0.34
1150820,075727,義隆元大61購04,0.52,0.68
1150820,075728,立隆電元大63購02,,0.55
1150820,075729,立隆電元大66購01,,0.44
1150820,075730,華航元大61購04,0.99,1.27
1150820,075731,長榮太元大61購03,0.55,0.64
1150820,075732,長榮太元大66購01,0.29,0.32
1150820,075733,元日2X群益59購01,,0.03
1150820,075734,晶豪科元大61購07,2.58,2.73
1150820,075735,晶豪科元大63購04,,2.45
1150820,075736,大立光元大63購17,1.63,1.21
1150820,075737,亞光元大61購05,0.96,0.96
1150820,075738,玉晶光元大61購04,2.76,2.24
1150820,075739,大聯大元大61購02,0.80,1.45
1150820,075740,正文元大61購02,,1.41
1150820,075741,新唐元大61購03,,0.92
1150820,075742,新唐元大65購01,0.72,0.83
1150820,075743,臻鼎元大61購13,0.71,0.83
1150820,075744,臻鼎元大61購14,0.69,0.78
1150820,075745,臻鼎元大61購15,0.60,0.71
1150820,075746,臻鼎元大63購06,0.34,0.39
1150820,075747,jpp元大61購01,,1.41
1150820,075748,中磊元大61購03,0.81,1.21
1150820,075749,今國光元大61購01,0.89,1.18
1150820,075750,力成元大61購04,1.24,1.31
1150820,075751,力成元大61購05,1.00,1.07
1150820,075752,力成元大63購05,0.93,0.93
1150820,075753,力成元大66購02,,0.60
1150820,075754,矽格元大61購06,,0.46
1150820,075756,同欣電元大67購02,1.07,1.07
1150820,075757,GIS元大61購02,1.19,1.14
1150820,075758,松川元大61購03,1.24,1.18
1150820,075759,南茂元大61購06,0.32,0.36
1150820,075760,立隆電中信64購01,0.29,0.35
1150820,075761,大立光中信62購03,1.45,1.02
1150820,075762,力成中信66購01,,0.55
1150820,075763,台虹中信64購01,1.85,1.37
1150820,075764,台股增永豐65購02,,3.66
1150820,075765,宏碁永豐61購03,2.01,1.99
1150820,075766,燿華永豐61購04,1.37,1.49
1150820,075767,凱美永豐61購04,0.51,0.55
1150820,075768,可成永豐61購04,2.54,2.36
1150820,075769,奇鋐永豐64購09,2.96,3.01
1150820,075770,奇鋐永豐64購10,2.73,2.60
1150820,075771,定穎控永豐61購03,,1.25
1150820,075772,台塑化永豐64購01,1.10,1.00
1150820,075773,龍德船永豐63購01,1.02,0.92
1150820,075774,所羅門國泰62購01,2.41,2.11
1150820,075775,凱美國泰62購01,,0.60
1150820,075776,立隆電國泰62購01,,1.01
1150820,075777,臻鼎國泰62購01,0.74,0.90
1150820,075778,臻鼎國泰62購02,0.78,0.92
1150820,075779,臻鼎國泰62購03,0.73,0.90
1150820,075780,松翰國泰63購01,1.71,1.73
1150820,075781,采鈺國泰62購01,,1.27
1150820,075782,凱美統一65購01,,0.33
1150820,075783,凱美統一67購02,0.35,0.36
1150820,075785,長榮太統一65購03,,0.31
1150820,075786,晶技統一67購01,0.62,0.58
1150820,075787,新唐統一65購01,,0.34
1150820,075788,新唐統一66購01,,0.38
1150820,075789,臻鼎統一65購05,0.30,0.33
1150820,075790,臻鼎統一65購06,,0.37
1150820,075791,力成統一65購02,0.38,0.42
1150820,075792,同欣電統一65購01,,0.42
1150820,075793,台塑元大61購04,1.03,1.03
1150820,075794,台化元大61購09,,1.02
1150820,075795,台化元大61購10,1.08,1.12
1150820,075796,儒鴻元大61購03,0.95,1.19
1150820,075797,上銀元大61購08,2.75,2.75
1150820,075798,台橡元大61購03,,1.53
1150820,075799,台積電元大61購58,1.02,1.10
1150820,075800,台積電元大61購59,,1.15
1150820,075801,順德元大61購04,1.28,1.18
1150820,075802,所羅門元大61購02,,1.14
1150820,075803,金像電元大63購05,0.84,0.81
1150820,075804,瑞昱元大61購05,1.28,1.49
1150820,075805,漢唐元大61購09,0.75,0.88
1150820,075806,南亞科元大61購12,2.53,2.27
1150820,075807,南亞科元大61購13,2.68,2.40
1150820,075808,京元電元大61購16,1.25,1.44
1150820,075809,立隆電元大61購01,,0.66
1150820,075810,鉅祥元大61購03,0.99,1.08
1150820,075811,長榮太元大61購04,0.58,0.69
1150820,075812,神基元大61購01,0.78,0.80
1150820,075813,奇鋐元大61購35,,3.29
1150820,075814,奇鋐元大63購03,,3.75
1150820,075815,亞光元大61購06,,0.98
1150820,075816,聯詠元大61購02,,2.05
1150820,075817,聯詠元大61購03,2.04,2.22
1150820,075818,智原元大61購05,0.52,0.53
1150820,075819,智原元大63購01,0.35,0.43
1150820,075820,晶技元大63購03,,1.30
1150820,075821,健鼎元大67購01,1.94,1.66
1150820,075822,宏致元大61購04,2.60,2.96
1150820,075823,神達元大61購06,1.29,1.42
1150820,075824,日月光元大63購08,1.45,1.69
1150820,075825,大銀元大65購01,1.76,1.68
1150820,075826,材料元大61購03,0.84,0.89
1150820,075827,事欣科元大61購03,0.81,0.87
1150820,075828,jpp元大61購02,,0.99
1150820,075829,亞翔元大61購08,0.50,0.60
1150820,075831,盛群元大61購04,0.81,1.06
1150820,075832,力成元大61購06,,2.38
1150820,075833,力成元大63購06,1.60,1.68
1150820,075834,力成元大66購03,1.27,1.28
1150820,075835,台表科元大61購03,1.44,1.28
1150820,075836,台塑化元大61購01,1.82,1.69
1150820,075837,達發元大61購02,1.27,1.49
1150820,075838,采鈺元大61購01,1.18,1.32
1150820,075839,松川元大61購04,1.02,0.99
1150820,075840,台虹元大61購04,,4.23
1150820,075841,台虹元大61購05,4.40,3.42
1150820,075842,台虹元大61購06,2.65,2.14
1150820,075843,南茂元大61購07,0.81,0.88
1150820,075844,泰金寶元大61購01,0.99,1.01
1150820,075845,台灣50國票61購03,1.95,2.07
1150820,075846,FB科技國票61購01,,1.13
1150820,075847,T50正2國票61購02,,1.45
1150820,075848,元油反國票61購01,1.59,1.97
1150820,075849,美費半國票61購01,1.10,1.21
1150820,075850,台聚國票61購01,0.68,0.71
1150820,075851,億光國票61購01,1.62,1.37
1150820,075852,立隆電國票64購01,,0.91
1150820,075853,漢翔國票65購01,1.60,1.39
1150820,075854,奇鋐國票64購01,2.56,2.64
1150820,075855,晶技國票61購07,1.07,1.12
1150820,075856,牧德國票65購01,,1.99
1150820,075857,力成國票61購01,,0.79
1150820,075858,台表科國票65購01,1.40,1.28
1150820,075859,台虹國票64購01,2.44,1.86
1150820,075860,臺股指國票61購03,,2.21
1150820,075861,臺股指國票61購04,1.72,1.82
1150820,075862,臺股指國票61購05,1.63,1.75
1150820,075863,台灣50富邦62購04,,0.73
1150820,075864,T50正2富邦62購05,,1.61
1150820,075865,台積電永豐63購03,,7.65
1150820,075866,長興富邦61購02,0.60,0.63
1150820,075867,上銀富邦61購03,0.72,0.77
1150820,075868,華通富邦61購06,0.48,0.48
1150820,075869,華碩富邦61購01,1.36,1.22
1150820,075870,金像電富邦61購04,0.66,0.66
1150820,075871,立隆電富邦61購01,,0.18
1150820,075872,漢翔富邦62購01,0.82,0.65
1150820,075873,奇鋐富邦63購02,,0.98
1150820,075874,力成富邦61購05,,0.52
1150820,075875,南茂富邦61購05,0.41,0.47
1150820,075876,勤誠富邦61購01,0.31,0.48
1150820,075877,台化台新61購04,,1.27
1150820,075878,台化台新61購05,,0.72
1150820,075879,金像電台新61購04,2.02,1.90
1150820,075880,立隆電台新61購01,0.50,0.54
1150820,075881,力成台新61購02,,0.93
1150820,075882,松川台新61購02,0.64,0.60
1150820,075883,台塑凱基61購03,,1.82
1150820,075884,台化凱基61購05,,1.27
1150820,075885,亞力凱基61購02,,0.81
1150820,075886,正新凱基61購01,1.03,1.03
1150820,075887,鴻海凱基61購09,1.63,2.17
1150820,075888,智邦凱基61購08,1.19,1.50
1150820,075889,金像電凱基61購07,0.59,0.61
1150820,075890,金像電凱基61購08,1.56,1.45
1150820,075891,凌陽凱基61購01,,0.93
1150820,075892,南亞科凱基64購05,2.39,2.55
1150820,075893,友達凱基61購12,1.15,1.16
1150820,075894,義隆凱基61購03,,0.63
1150820,075895,立隆電凱基61購05,,0.66
1150820,075896,長榮太凱基61購03,,0.76
1150820,075897,晶豪科凱基61購06,3.48,2.98
1150820,075898,奇鋐凱基61購14,,2.47
1150820,075899,奇鋐凱基61購15,5.50,5.64
1150820,075901,晶技凱基61購05,1.33,1.23
1150820,075902,晶技凱基61購06,1.36,1.29
1150820,075903,玉晶光凱基61購05,1.60,1.38
1150820,075904,嘉澤凱基61購05,0.87,1.51
1150820,075905,大聯大凱基61購01,,1.00
1150820,075906,正文凱基61購02,,1.32
1150820,075907,jpp凱基61購01,1.26,1.38
1150820,075908,今國光凱基61購03,0.80,1.02
1150820,075909,力成凱基61購07,1.00,1.10
1150820,075910,台表科凱基61購02,1.37,1.15
1150820,075911,台塑化凱基61購02,,1.45
1150820,075912,達發凱基61購02,,0.99
1150820,075913,采鈺凱基61購04,1.16,1.28
1150820,075914,台虹凱基61購03,,2.85
1150820,075915,南茂凱基63購01,,0.99
1150820,075916,臺股指凱基6A購01,1.40,1.45
1150820,075918,凱美群益61購02,0.58,0.67
1150820,075919,新唐群益61購03,0.66,0.80
1150820,075920,佳必琪群益61購05,,3.10
1150820,075921,研揚群益61購01,0.74,1.01
1150820,075922,臺股指群益66購01,,3.01
1150820,075923,群臺2X中信65購01,,0.85
1150820,075924,南亞科中信67購01,,0.81
1150820,075925,貿聯中信61購03,0.65,0.67
1150820,075926,力積電中信62購01,,0.59
1150820,075927,力積電中信67購01,0.30,0.32
1150820,075928,臺股指中信65購02,0.79,0.84
1150820,075929,華通國泰62購03,1.06,0.97
1150820,075930,貿聯國泰62購02,2.90,3.02
1150820,075931,華泰富邦61購01,0.32,0.40
1150820,075932,慧洋富邦61購01,0.81,0.65
1150820,075933,智原富邦61購02,0.31,0.38
1150820,075934,力積電富邦62購02,,0.47
1150820,075935,富世達富邦61購03,1.40,1.34
1150820,075936,台虹富邦61購02,1.49,1.13
1150820,075937,台灣50凱基63購10,,1.24
1150820,075938,FB科技凱基63購01,,1.98
1150820,075939,台塑凱基61購04,,0.85
1150820,075940,上銀凱基61購03,2.34,2.30
1150820,075941,華通凱基61購10,0.80,0.81
1150820,075942,順德凱基66購01,1.15,1.19
1150820,075943,所羅門凱基61購01,1.40,1.25
1150820,075944,凱美凱基61購05,0.75,0.85
1150820,075945,瑞昱凱基64購01,1.51,1.61
1150820,075946,南亞科凱基61購11,1.24,1.11
1150820,075947,超豐凱基61購01,,0.84
1150820,075948,京元電凱基64購04,1.30,1.46
1150820,075949,亞航凱基61購03,,1.18
1150820,075950,漢翔凱基61購04,3.17,2.54
1150820,075951,神基凱基61購02,0.91,0.98
1150820,075953,聯詠凱基61購02,2.31,2.50
1150820,075954,智原凱基64購01,,0.97
1150820,075955,健鼎凱基67購01,2.38,1.97
1150820,075956,牧德凱基61購05,,1.26
1150820,075957,貿聯凱基61購08,2.11,2.24
1150820,075958,神達凱基61購03,,1.05
1150820,075959,日月光凱基63購01,0.69,0.83
1150820,075960,事欣科凱基61購03,0.84,0.97
1150820,075961,新唐凱基61購03,,0.49
1150820,075962,亞翔凱基61購06,,1.26
1150820,075963,精成科凱基61購02,,0.67
1150820,075964,佳必琪凱基61購03,1.57,1.79
1150820,075966,力積電凱基61購05,0.80,0.90
1150820,075968,力積電凱基61購07,1.09,1.16
1150820,075969,采鈺凱基61購05,,0.79
1150820,075970,富世達凱基61購03,,2.71
1150820,075971,松川凱基61購03,1.05,1.13
1150820,075972,南茂凱基63購02,,0.91
1150820,075977,上証2X永豐61購01,,1.45
1150820,075981,永續息永豐61購01,2.78,2.83
1150820,075982,台塑永豐61購03,,0.68
1150820,075983,中興電永豐64購01,1.24,1.27
1150820,075984,第一銅永豐61購01,1.15,1.21
1150820,075985,大成鋼永豐64購01,2.25,2.00
1150820,075986,金寶永豐61購02,1.55,1.74
1150820,075987,鴻海永豐6A購01,,1.85
1150820,075988,鴻海永豐73購02,1.28,1.37
1150820,075989,微星永豐61購04,1.79,2.25
1150820,075990,威盛永豐64購01,1.48,1.86
1150820,075991,建準永豐61購02,0.92,1.01
1150820,075992,超豐永豐61購02,0.36,0.61
1150820,075993,京元電永豐61購07,1.27,1.57
1150820,075994,冠德永豐61購01,1.99,1.75
1150820,075995,裕民永豐61購01,1.45,1.29
1150820,075996,陽明永豐61購01,1.51,1.03
1150820,075997,長榮航永豐64購01,1.29,1.37
1150820,075998,亞航永豐63購01,0.70,0.67
1150820,075999,晶豪科永豐64購04,1.24,1.22
1150820,076000,晶豪科永豐64購05,1.18,1.24
1150820,076001,華晶科永豐64購01,,0.60
1150820,076002,昇貿永豐61購03,,1.59
1150820,076003,嘉澤永豐61購02,0.33,0.64
1150820,076004,嘉澤永豐64購01,0.69,1.09
1150820,076005,貿聯永豐61購04,2.20,2.02
1150820,076006,貿聯永豐67購02,,4.09
1150820,076007,日月光永豐61購05,1.45,1.75
1150820,076008,祥碩永豐61購04,0.90,0.84
1150820,076009,祥碩永豐64購02,1.32,1.22
1150820,076010,中磊永豐61購01,1.34,1.99
1150820,076011,中租永豐61購01,1.05,1.11
1150820,076013,佳必琪永豐64購01,,0.91
1150820,076014,矽格永豐64購01,0.90,1.03
1150820,076015,保瑞永豐61購04,,0.75
1150820,076016,緯穎永豐61購05,,1.98
1150820,076017,緯穎永豐64購02,,1.88
1150820,076018,惠特永豐61購02,0.77,0.77
1150820,076019,力積電永豐61購02,0.79,0.99
1150820,076020,力積電永豐61購03,0.83,0.97
1150820,076021,力積電永豐61購04,,0.79
1150820,076022,至上永豐63購01,2.44,2.55
1150820,076024,宇瞻永豐61購02,3.77,4.03
1150820,076025,群臺2X元大63購01,0.87,0.92
1150820,076026,台塑元大61購05,1.10,1.12
1150820,076027,台化元大61購11,,0.84
1150820,076028,亞力元大61購01,1.28,1.51
1150820,076029,華城元大61購09,2.27,2.03
1150820,076030,台積電元大61購60,,1.26
1150820,076032,光罩元大61購01,0.67,0.84
1150820,076033,矽統元大61購01,,1.11
1150820,076034,瑞昱元大61購06,1.34,1.60
1150820,076035,威盛元大61購02,1.52,2.11
1150820,076036,南亞科元大61購14,0.93,0.83
1150820,076037,友達元大63購12,1.28,1.37
1150820,076038,立隆電元大61購02,,0.50
1150820,076039,立隆電元大61購03,,0.59
1150820,076040,亞航元大61購02,0.83,0.80
1150820,076041,漢翔元大61購06,2.12,1.59
1150820,076042,晶豪科元大63購05,1.47,1.61
1150820,076043,晶技元大61購03,1.43,1.34
1150820,076044,京鼎元大61購02,0.67,0.85
1150820,076045,臻鼎元大61購16,0.52,0.62
1150820,076046,臻鼎元大63購07,0.40,0.44
1150820,076047,亞翔元大61購09,,1.17
1150820,076048,佳必琪元大65購01,1.25,1.37
1150820,076049,力成元大61購07,1.29,1.35
1150820,076050,力成元大63購07,1.00,1.03
1150820,076051,保瑞元大66購01,1.33,1.18
1150820,076052,台塑化元大61購02,2.66,2.45
1150820,076053,力積電元大61購04,1.12,1.24
1150820,076054,力積電元大61購05,,1.54
1150820,076055,力積電元大63購02,0.61,0.64
1150820,076056,采鈺元大61購02,,0.76
1150820,076057,台虹元大61購07,,2.60
1150820,076058,台虹元大61購08,,3.56
1150820,076059,南茂元大61購08,0.33,0.36
1150820,07605U,臺指2X富邦5C售02,,0.02
1150820,076060,台塑群益61購03,1.26,1.57
1150820,076061,亞力群益65購01,,0.75
1150820,076062,華通群益61購03,,1.61
1150820,076064,智邦群益61購04,2.65,3.50
1150820,076065,金像電群益61購05,1.69,1.69
1150820,076066,南亞科群益61購09,1.71,1.94
1150820,076067,南亞科群益61購10,,2.07
1150820,076068,友達群益61購03,2.51,2.61
1150820,076070,義隆群益61購02,1.04,1.20
1150820,076071,亞航群益61購02,0.45,0.45
1150820,076072,晶豪科群益61購06,,4.07
1150820,076073,AES統一59購01,,0.11
1150820,076074,AES統一59購02,,0.43
1150820,076075,AES統一63購01,,0.26
1150820,076076,嘉澤群益61購04,1.16,2.13
1150820,076077,帆宣群益61購01,1.91,2.18
1150820,076078,力成群益61購02,2.32,2.56
1150820,076079,矽格群益61購03,,0.68
1150820,07607U,新日興凱基5A售01,,1.00
1150820,076080,台塑化群益61購03,1.82,1.69
1150820,076081,台塑化群益61購04,,0.83
1150820,076082,龍德船群益62購01,0.77,0.76
1150820,076083,力積電群益61購02,,1.26
1150820,076084,力積電群益62購02,,1.55
1150820,076085,力積電群益65購01,1.25,1.47
1150820,076086,采鈺群益65購01,,0.98
1150820,076087,松川群益63購01,1.73,1.68
1150820,076088,FB越南國票61購01,1.00,1.31
1150820,076089,台股增國票61購02,2.21,2.31
1150820,076090,台股增國票61購03,1.59,1.70
1150820,076091,亞力國票61購02,0.74,0.77
1150820,076093,勝一國票64購01,0.70,0.72
1150820,076094,台橡國票66購01,2.42,2.47
1150820,076096,麗正國票61購01,1.23,1.36
1150820,076097,海悅國票61購01,,1.15
1150820,076098,燿華國票61購02,,0.90
1150820,076099,研華國票61購01,,3.69
1150820,076101,新興國票65購01,2.88,2.58
1150820,076102,文曄國票61購01,1.89,2.22
1150820,076103,宏致國票61購03,3.28,3.38
1150820,076104,海華國票61購01,,0.79
1150820,076105,新唐國票66購01,,0.91
1150820,076106,天鈺國票61購01,,1.33
1150820,076107,台塑化國票61購03,1.80,1.63
1150820,076108,力積電國票61購01,,1.25
1150820,076109,睿生國票61購02,0.66,0.80
1150820,076110,台灣50台新61購08,,1.41
1150820,076111,台股增台新63購01,1.60,1.71
1150820,076112,上銀台新61購01,2.33,2.46
1150820,076113,國碩台新61購03,,0.85
1150820,076114,南亞科台新61購12,1.18,1.09
1150820,076115,南亞科台新61購13,5.70,4.96
1150820,076116,亞航台新61購01,0.87,0.83
1150820,076117,亞航台新62購01,1.13,1.01
1150820,076118,貿聯台新61購07,1.91,1.96
1150820,076119,事欣科台新61購03,0.64,0.73
1150820,076121,帆宣台新61購03,,1.33
1150820,076122,台塑統一64購03,0.46,0.46
1150820,076123,台塑統一66購01,,0.52
1150820,076124,台化統一67購01,,0.51
1150820,076125,台化統一6C購01,0.52,0.52
1150820,076126,華碩統一6C購01,,0.92
1150820,076128,凱美統一67購03,0.36,0.37
1150820,076129,南亞科統一66購04,,0.51
1150820,076130,南亞科統一67購04,0.63,0.61
1150820,076133,立隆電統一67購01,,0.38
1150820,076134,漢翔統一65購01,0.79,0.65
1150820,076135,亞光統一67購01,0.58,0.61
1150820,076136,晶技統一67購02,0.72,0.67
1150820,076137,宏致統一67購01,1.14,1.26
1150820,076138,事欣科統一67購03,0.54,0.58
1150820,076140,臻鼎統一67購02,,0.33
1150820,076143,台郡統一67購01,0.70,0.74
1150820,076144,同欣電統一67購01,,0.48
1150820,076145,同欣電統一67購02,,0.42
1150820,076146,台表科統一67購02,,0.54
1150820,076147,台塑化統一64購02,0.58,0.53
1150820,076148,台塑化統一6C購01,0.64,0.61
1150820,076149,力積電統一65購06,,0.58
1150820,076150,力積電統一67購01,,0.61
1150820,076151,力積電統一67購02,,0.67
1150820,076152,采鈺統一65購02,,0.46
1150820,076153,台虹統一65購01,1.27,0.98
1150820,076154,台虹統一67購01,1.11,0.90
1150820,076155,台虹統一67購02,1.21,0.98
1150820,076156,福懋科統一6C購01,,0.48
1150820,076157,台汽電統一67購01,,0.51
1150820,076158,台塑元大61購06,1.02,1.02
1150820,076159,台塑元大61購07,1.02,0.99
1150820,076160,中砂元大67購03,1.23,1.28
1150820,076161,台積電元大61購62,,0.93
1150820,076162,台積電元大61購63,1.01,1.09
1150820,076163,旺宏元大61購01,1.29,1.44
1150820,076164,旺宏元大61購02,1.32,1.44
1150820,076165,旺宏元大61購03,1.33,1.47
1150820,076166,旺宏元大63購01,1.03,1.14
1150820,076167,所羅門元大61購03,1.42,1.27
1150820,076168,菱生元大61購03,,0.94
1150820,076169,南亞科元大61購15,1.04,0.96
1150820,076170,超豐元大61購01,,0.43
1150820,076171,京元電元大61購17,0.86,0.99
1150820,076172,立隆電元大61購04,0.52,0.62
1150820,076173,希華元大61購01,1.04,1.10
1150820,076174,晶豪科元大63購06,2.92,3.07
1150820,076175,聯詠元大61購04,1.65,1.78
1150820,076176,晶技元大65購01,1.23,1.15
1150820,076177,晶技元大66購04,,0.98
1150820,076178,京鼎元大61購03,0.52,0.74
1150820,076179,TPK元大61購02,0.66,0.65
1150820,076180,日月光元大61購06,1.18,1.41
1150820,076181,臻鼎元大61購17,0.70,0.79
1150820,076182,臻鼎元大63購08,0.45,0.49
1150820,076183,盛群元大61購05,1.01,1.22
1150820,076184,力成元大61購08,0.45,0.49
1150820,076185,矽格元大61購07,,1.05
1150820,076186,鈺邦元大61購01,,1.07
1150820,076187,台塑化元大61購03,0.98,0.89
1150820,076188,緯穎元大63購02,2.23,2.20
1150820,076189,騰輝電元大61購03,1.66,1.33
1150820,076190,台虹元大61購09,4.55,3.44
1150820,076191,台虹元大61購10,3.47,2.47
1150820,076192,南茂元大63購01,,0.61
1150820,076193,台股增中信61購01,0.68,0.68
1150820,076194,台積電中信65購06,0.56,0.58
1150820,076195,旺宏中信61購02,0.45,0.51
1150820,076196,旺宏中信67購01,,0.57
1150820,076197,友達中信61購02,0.40,0.44
1150820,076198,晶技中信61購01,0.31,0.41
1150820,076199,日月光中信61購01,,0.42
1150820,076200,緯穎中信61購01,1.25,1.27
1150820,076201,臺股指中信63購15,,0.81
1150820,076207,美費半永豐64購01,0.81,0.92
1150820,076208,台化永豐61購05,,0.89
1150820,076209,大成鋼永豐64購02,1.61,1.32
1150820,076210,鴻海永豐61購05,,1.16
1150820,076211,鴻海永豐66購04,1.02,1.24
1150820,076212,鴻海永豐6B購02,3.08,3.42
1150820,076213,旺宏永豐61購01,0.88,1.03
1150820,076214,旺宏永豐61購02,0.98,1.13
1150820,076215,旺宏永豐61購03,1.01,1.17
1150820,076216,旺宏永豐61購04,1.70,2.10
1150820,076217,旺宏永豐61購05,0.75,0.89
1150820,076218,英業達永豐61購06,,2.11
1150820,076219,金像電永豐67購01,,1.59
1150820,076220,大同永豐64購01,0.92,0.84
1150820,076221,漢唐永豐61購08,1.02,1.26
1150820,076222,漢唐永豐61購09,,1.35
1150820,076223,漢唐永豐63購01,1.19,1.43
1150820,076224,友達永豐61購11,1.41,1.45
1150820,076225,偉詮電永豐61購02,1.15,1.17
1150820,076226,京元電永豐61購08,,1.23
1150820,076227,希華永豐61購01,1.13,1.15
1150820,076228,中工永豐63購01,0.72,0.75
1150820,076229,大立光永豐69購01,2.60,2.12
1150820,076230,信邦永豐61購01,1.21,1.20
1150820,076231,文曄永豐61購01,1.25,1.53
1150820,076232,緯創永豐61購05,,4.13
1150820,076233,玉晶光永豐61購06,,1.98
1150820,076235,上緯控永豐61購01,1.20,1.15
1150820,076236,日月光永豐61購06,0.88,1.04
1150820,076237,日月光永豐61購07,0.83,0.95
1150820,076238,日月光永豐61購08,1.52,1.82
1150820,076239,定穎控永豐61購04,0.89,1.08
1150820,076240,康普永豐61購02,,0.97
1150820,076241,正文永豐61購02,0.83,0.96
1150820,076242,崇越永豐61購02,1.02,1.13
1150820,076243,精成科永豐61購01,,0.81
1150820,076244,精成科永豐64購01,,1.24
1150820,076245,力成永豐64購02,1.43,1.70
1150820,076246,康舒永豐63購02,,1.15
1150820,076247,旭隼永豐61購02,0.47,0.54
1150820,076248,鈺邦永豐63購01,0.66,0.79
1150820,076249,緯穎永豐64購03,1.51,1.47
1150820,076250,台虹永豐61購02,2.07,1.52
1150820,076251,南茂永豐65購02,,0.50
1150820,076252,世紀鋼永豐61購01,,0.60
1150820,076253,仁寶國泰62購01,2.62,2.84
1150820,076254,旺宏國泰62購01,,1.33
1150820,076255,旺宏國泰62購02,,1.03
1150820,076256,京鼎國泰62購02,,1.19
1150820,076257,台塑化國泰62購01,,0.98
1150820,076258,台塑化國泰62購02,0.88,0.80
1150820,076259,緯穎國泰62購01,3.47,3.52
1150820,07625U,鴻海凱基5A售01,0.01,0.05
1150820,076260,緯穎國泰62購02,,4.00
1150820,076261,台虹國泰62購01,3.30,2.31
1150820,076262,士電國票61購02,1.82,1.80
1150820,076263,巧新國票61購01,1.09,1.13
1150820,076264,正新國票65購01,1.47,1.46
1150820,076265,華泰國票65購01,,1.54
1150820,076266,旺宏國票61購01,,1.25
1150820,076267,所羅門國票61購01,1.70,1.39
1150820,076268,燿華國票61購03,,1.38
1150820,076269,希華國票61購01,0.97,1.00
1150820,076270,希華國票61購02,0.93,0.98
1150820,076271,國建國票65購01,,0.83
1150820,076272,京鼎國票65購01,0.95,1.17
1150820,076273,瑞鼎國票65購01,0.56,0.67
1150820,076274,新唐國票64購01,,0.77
1150820,076277,華孚國票65購01,0.55,0.58
1150820,076278,群電國票64購01,,0.91
1150820,076279,鈺邦國票61購01,,1.36
1150820,076280,台虹國票66購01,2.38,1.83
1150820,076281,巨大國票65購01,1.06,0.95
1150820,076282,電子類國票61購01,1.92,2.05
1150820,076286,旺宏統一65購02,0.49,0.52
1150820,076288,凱美統一65購02,,0.42
1150820,076289,漢唐統一6C購01,,0.61
1150820,076290,南亞科統一65購11,0.72,0.69
1150820,076292,希華統一67購01,0.61,0.62
1150820,076294,益登統一67購01,,0.65
1150820,076295,緯創統一6C購01,,1.01
1150820,076296,力成統一65購03,,0.48
1150820,076297,樺漢統一6C購01,,0.91
1150820,076298,台塑化統一67購01,0.58,0.54
1150820,07629U,台灣50富邦5C售03,0.13,0.17
1150820,076300,力積電統一65購07,0.45,0.55
1150820,076301,力積電統一6C購01,,0.53
1150820,076303,台虹統一67購03,1.45,1.11
1150820,076304,致新統一6C購01,0.82,0.83
1150820,076305,華城凱基61購05,2.87,2.61
1150820,076306,台橡凱基61購02,1.79,1.75
1150820,076307,旺宏凱基61購02,,0.84
1150820,076308,旺宏凱基61購03,0.94,1.28
1150820,076309,旺宏凱基61購04,,1.19
1150820,07630U,台灣50富邦63售01,0.07,0.09
1150820,076310,旺宏凱基61購05,,1.04
1150820,076311,智邦凱基61購09,1.15,1.52
1150820,076312,矽統凱基61購05,,1.27
1150820,076313,燿華凱基61購02,,1.38
1150820,076316,AES統一63購02,,0.29
1150820,076317,金像電凱基61購09,1.61,1.61
1150820,076319,毅嘉凱基61購04,,1.28
1150820,076320,義隆凱基61購04,1.10,1.22
1150820,076321,立隆電凱基61購06,0.60,0.86
1150820,076322,希華凱基61購01,0.74,0.77
1150820,076323,希華凱基61購02,0.83,0.87
1150820,076324,大立光凱基63購06,2.25,1.50
1150820,076325,信邦凱基61購01,2.21,2.59
1150820,076326,信邦凱基61購02,2.68,2.62
1150820,076327,信邦凱基61購03,2.03,1.95
1150820,076328,文曄凱基61購02,2.01,2.39
1150820,076329,晶技凱基63購01,1.57,1.48
1150820,076330,京鼎凱基61購02,0.75,0.99
1150820,076331,臻鼎凱基63購05,,0.57
1150820,076332,崇越凱基61購02,,0.98
1150820,076333,力成凱基63購02,0.91,1.02
1150820,076334,矽格凱基61購04,0.89,1.04
1150820,076335,旭隼凱基65購01,1.60,1.53
1150820,076336,台塑化凱基61購03,0.67,0.62
1150820,076337,台虹凱基61購04,,2.17
1150820,076339,台塑台新61購06,,0.62
1150820,076340,台塑台新62購01,,0.57
1150820,076341,台積電台新61購08,0.87,0.96
1150820,076343,台積電台新61購10,,0.97
1150820,076344,旺宏台新61購01,0.86,0.97
1150820,076345,旺宏台新61購02,,1.01
1150820,076346,旺宏台新62購01,,1.19
1150820,076347,旺宏台新63購01,1.53,1.94
1150820,076348,旺宏台新64購01,0.93,1.09
1150820,076349,立隆電台新61購02,,0.63
1150820,076350,宏璟台新61購01,,0.62
1150820,076351,統一超台新61購01,0.78,0.83
1150820,076352,京鼎台新61購02,,0.59
1150820,076353,新唐台新61購01,0.46,0.60
1150820,076354,新唐台新61購02,,0.66
1150820,076355,崇越台新61購01,,0.99
1150820,076356,台表科台新61購01,0.98,0.87
1150820,076357,台表科台新61購02,1.41,1.24
1150820,076358,台表科台新61購03,1.11,1.01
1150820,076359,力積電台新61購01,0.88,0.99
1150820,076360,富世達台新67購01,,2.81
1150820,076361,兆聯台新61購01,,1.10
1150820,076364,台積電富邦65購02,,0.42
1150820,076365,台積電富邦77購01,,1.13
1150820,076366,台積電富邦77購02,1.09,1.12
1150820,076367,台積電富邦77購03,,1.02
1150820,076368,台積電富邦77購04,0.80,0.82
1150820,076369,興勤富邦61購01,0.44,0.38
1150820,076370,台塑化富邦64購01,0.74,0.68
1150820,076371,緯穎富邦62購01,,1.53
1150820,076372,龍德船富邦62購01,0.50,0.50
1150820,076373,群臺2X群益61購05,1.85,1.98
1150820,076374,台塑群益61購04,,0.42
1150820,076375,旺宏群益61購01,0.87,1.07
1150820,076376,旺宏群益61購02,0.76,0.99
1150820,076377,旺宏群益61購03,0.75,0.91
1150820,076378,旺宏群益61購04,0.78,0.96
1150820,076379,所羅門群益61購02,1.53,1.48
1150820,07637U,智邦中信5C售08,,1.15
1150820,076380,所羅門群益62購01,1.55,1.48
1150820,076381,凱美群益61購03,,0.74
1150820,076382,希華群益61購01,0.64,0.64
1150820,076383,希華群益61購02,,0.49
1150820,076384,京鼎群益61購02,,1.19
1150820,076385,貿聯群益61購02,1.42,1.49
1150820,076386,鈺邦群益61購01,,1.03
1150820,076387,鈺邦群益61購02,,1.07
1150820,076388,台塑化群益61購05,0.38,0.35
1150820,076389,力積電群益63購01,1.11,1.34
1150820,076390,AES群益61購04,0.80,0.98
1150820,076391,南茂群益61購02,0.58,0.62
1150820,076392,勤誠群益62購03,0.44,0.68
1150820,076393,臺股指群益61購08,,1.82
1150820,076398,臺股指群益61購13,,0.91
1150820,076400,臺股指群益61購15,,0.69
1150820,076401,台積電國泰62購02,,2.79
1150820,076402,興勤國泰62購01,2.21,1.67
1150820,076403,文曄國泰62購02,1.58,1.83
1150820,076404,群創國泰62購01,1.02,1.27
1150820,076405,群創國泰62購02,0.87,1.09
1150820,076406,日月光國泰62購03,1.91,2.16
1150820,076407,崇越國泰62購01,1.63,1.73
1150820,076408,矽格國泰62購01,1.17,1.27
1150820,076409,台塑化國泰62購03,1.05,0.97
1150820,07640U,台灣50凱基5C售03,0.13,0.15
1150820,076410,捷敏國泰62購02,0.73,0.79
1150820,076411,台化元大61購12,,0.94
1150820,076412,新纖元大61購01,0.55,0.71
1150820,076413,華城元大61購10,2.45,2.18
1150820,076414,永光元大65購01,1.31,1.44
1150820,076415,正新元大61購02,1.19,1.17
1150820,076416,台積電元大67購06,1.17,1.30
1150820,076417,佳能元大61購01,1.58,1.68
1150820,076418,威盛元大61購03,1.80,2.06
1150820,076419,漢唐元大61購10,0.70,0.84
1150820,076420,南亞科元大61購16,,1.53
1150820,076421,京元電元大61購18,0.90,1.04
1150820,076422,台新金元大61購05,1.66,1.80
1150820,076423,大立光元大63購18,1.90,1.45
1150820,076424,德律元大63購02,1.22,1.58
1150820,076425,玉晶光元大61購05,2.34,1.92
1150820,076426,群創元大61購04,2.03,2.39
1150820,076427,群創元大61購05,1.00,1.17
1150820,076428,群創元大61購06,1.08,1.33
1150820,076429,群創元大63購07,1.13,1.35
1150820,076430,群創元大64購04,,1.13
1150820,076431,貿聯元大63購14,2.37,2.36
1150820,076432,貿聯元大66購04,2.70,2.71
1150820,076433,定穎控元大63購01,0.74,0.88
1150820,076434,臻鼎元大61購18,1.36,1.51
1150820,076435,臻鼎元大61購19,0.92,1.04
1150820,076436,崇越元大61購02,1.02,1.10
1150820,076437,彩晶元大61購01,1.07,1.16
1150820,076438,帆宣元大61購06,1.03,1.11
1150820,076439,力成元大61購09,,1.13
1150820,076440,矽格元大61購08,1.32,1.46
1150820,076441,旭隼元大61購05,0.84,0.79
1150820,076442,台塑化元大61購04,1.37,1.28
1150820,076443,台塑化元大61購05,1.21,1.14
1150820,076444,台塑化元大65購01,1.19,1.12
1150820,076445,台塑化元大67購01,0.56,0.52
1150820,076446,洋基元大61購02,1.34,1.55
1150820,076447,龍德船元大65購01,1.67,1.54
1150820,076448,力積電元大61購07,1.53,1.63
1150820,076449,力積電元大63購03,0.61,0.64
1150820,076450,采鈺元大65購01,,1.10
1150820,076451,南茂元大61購09,,0.90
1150820,076452,南茂元大61購10,0.60,0.68
1150820,076453,南茂元大63購02,,0.99
1150820,076454,南茂元大63購03,,0.41
1150820,076455,中砂統一65購01,0.75,0.76
1150820,076456,巧新統一67購01,,0.59
1150820,076457,台積電統一69購03,,0.64
1150820,076458,旺宏統一65購03,0.52,0.59
1150820,076459,旺宏統一67購01,0.51,0.55
1150820,07645U,鴻海凱基59售02,,0.09
1150820,076460,旺宏統一67購02,0.55,0.60
1150820,076461,旺宏統一6C購01,0.53,0.56
1150820,076462,旺宏統一6C購02,,0.58
1150820,076463,晶技統一65購02,0.71,0.64
1150820,076464,京鼎統一67購01,,0.50
1150820,076465,群創統一65購03,0.44,0.51
1150820,076466,彩晶統一65購01,0.48,0.50
1150820,076467,鈺邦統一65購01,,0.49
1150820,076468,鈺邦統一67購01,0.52,0.57
1150820,076469,鈺邦統一6C購01,0.49,0.54
1150820,076470,力積電統一67購03,,0.48
1150820,076471,采鈺統一65購04,,0.61
1150820,076472,富世達統一69購01,,0.84
1150820,076473,智邦永豐61購04,1.05,1.38
1150820,076474,長榮永豐61購02,2.16,1.57
1150820,076475,中再保永豐61購02,1.98,1.34
1150820,076476,兆豐金永豐61購01,1.84,2.15
1150820,076477,大立光永豐6C購01,2.02,2.13
1150820,076478,大立光永豐77購01,3.42,2.81
1150820,076479,智原永豐61購03,,0.83
1150820,076480,京鼎永豐61購02,0.48,0.62
1150820,076481,群創永豐61購02,0.67,0.80
1150820,076482,群創永豐61購03,,0.86
1150820,076483,群創永豐61購04,0.57,0.74
1150820,076484,群創永豐64購02,0.77,1.26
1150820,076485,群創永豐64購03,0.74,0.83
1150820,076486,群創永豐67購01,0.97,1.11
1150820,076487,新唐永豐64購01,,0.77
1150820,076488,臻鼎永豐63購02,0.83,0.94
1150820,076489,彩晶永豐61購01,0.65,0.68
1150820,076490,彩晶永豐61購02,0.76,0.79
1150820,076491,彩晶永豐61購03,0.75,0.82
1150820,076492,彩晶永豐64購01,0.97,0.99
1150820,076493,彩晶永豐64購02,1.01,1.04
1150820,076494,彩晶永豐67購02,1.38,1.42
1150820,076495,台表科永豐61購02,1.22,1.12
1150820,076496,GIS永豐61購01,1.13,1.05
1150820,076497,台灣50群益61購06,,1.58
1150820,076498,台灣50群益61購07,1.43,1.42
1150820,076499,T50正2群益61購08,,1.69
1150820,076500,T50反1群益62購04,0.87,0.86
1150820,076501,群臺2X群益61購06,1.51,1.59
1150820,076502,新纖群益61購01,,1.13
1150820,076504,新纖群益61購02,1.19,1.31
1150820,076505,華新群益61購01,1.92,2.02
1150820,076506,京元電群益61購02,1.16,1.36
1150820,076507,群創群益61購02,0.61,0.81
1150820,076508,群創群益61購03,0.88,1.06
1150820,076509,群創群益61購04,0.71,0.95
1150820,076510,群創群益61購05,1.04,1.37
1150820,076511,彩晶群益61購01,0.93,1.01
1150820,076512,樺漢群益61購01,1.35,1.96
1150820,076513,捷敏群益61購02,0.83,0.86
1150820,076514,松川群益61購02,1.61,1.59
1150820,076515,臺股指群益61購23,1.31,1.37
1150820,076516,新纖凱基61購01,1.17,1.20
1150820,076517,新纖凱基61購02,1.45,1.43
1150820,076518,士電凱基61購03,2.00,2.00
1150820,076519,華通凱基67購01,2.90,2.56
1150820,076520,鴻海凱基61購10,1.98,2.40
1150820,076522,瑞昱凱基61購04,1.38,1.58
1150820,076524,友達凱基64購02,,1.60
1150820,076525,京元電凱基61購09,,1.49
1150820,076526,晶豪科凱基63購03,2.83,2.87
1150820,076527,聯詠凱基61購03,1.37,1.74
1150820,076528,智原凱基61購03,1.05,1.12
1150820,076529,晶技凱基61購08,1.84,1.76
1150820,07652U,華擎群益5C售01,,0.74
1150820,076530,群創凱基61購03,0.96,1.22
1150820,076531,群創凱基61購04,,1.40
1150820,076532,群創凱基61購05,1.02,1.36
1150820,076533,群創凱基61購06,,1.15
1150820,076534,群創凱基61購07,1.13,1.50
1150820,076535,貿聯凱基61購09,3.06,3.09
1150820,076536,日月光凱基63購02,1.51,1.70
1150820,076538,彩晶凱基61購01,,0.81
1150820,076539,盛群凱基61購04,,1.60
1150820,076540,力成凱基61購09,,1.35
1150820,076541,鈺邦凱基61購01,,1.03
1150820,076542,緯穎凱基61購11,,3.68
1150820,076543,騰輝電凱基61購04,2.20,1.68
1150820,076544,AES凱基61購04,0.99,1.16
1150820,076545,南茂凱基61購06,0.53,0.82
1150820,076546,臺股指凱基63購22,,0.94
1150820,076547,臺股指凱基65購10,0.98,1.03
1150820,076548,電子類凱基61購03,0.93,1.03
1150820,076549,電子類凱基61購04,1.37,1.39
1150820,076550,台積電國票61購09,,1.72
1150820,076551,台積電國票61購10,,1.59
1150820,076552,台積電國票61購11,,1.38
1150820,076554,台積電國票62購01,,1.72
1150820,076555,台積電國票63購03,,1.84
1150820,076556,光罩國票65購01,,1.40
1150820,076557,英業達國票65購01,,1.76
1150820,076558,國碩國票64購01,,1.02
1150820,076559,立隆電國票66購01,1.12,1.39
1150820,076560,大立光國票65購01,3.67,2.83
1150820,076561,群創國票61購01,1.16,1.53
1150820,076562,嘉澤國票61購04,,1.29
1150820,076563,碩天國票63購01,2.33,2.03
1150820,076564,遠傳國票61購01,0.62,0.62
1150820,076565,新唐國票67購01,0.81,0.93
1150820,076566,彩晶國票61購01,,1.19
1150820,076567,和椿國票61購01,0.82,0.83
1150820,076568,台塑化國票63購01,1.64,1.52
1150820,076569,捷敏國票61購02,,1.04
1150820,076570,美德醫國票61購01,0.62,0.63
1150820,076571,滬深2X台新61購04,5.55,6.37
1150820,076572,群創台新61購01,0.66,0.83
1150820,076573,群創台新61購02,,0.90
1150820,076574,群創台新61購03,,0.90
1150820,076575,群創台新61購04,1.13,1.41
1150820,076576,群創台新61購05,2.95,3.81
1150820,076577,群創台新62購01,,1.11
1150820,076578,群創台新64購01,0.72,0.87
1150820,076579,臻鼎台新61購06,,0.73
1150820,076580,jpp台新61購01,1.87,1.76
1150820,076581,台化富邦63購03,0.42,0.45
1150820,076582,台化富邦63購04,,0.42
1150820,076583,新纖富邦63購01,,0.55
1150820,076584,華城富邦63購01,1.23,1.09
1150820,076585,華城富邦63購02,,1.16
1150820,076586,華新富邦61購01,,0.81
1150820,076587,美時富邦63購01,0.71,0.67
1150820,076588,佳世達富邦61購01,0.58,0.60
1150820,076589,矽統富邦63購01,0.50,0.47
1150820,076590,矽統富邦63購02,,0.49
1150820,076591,燿華富邦63購02,,0.56
1150820,076592,瑞昱富邦63購03,0.60,0.73
1150820,076593,瑞昱富邦64購03,0.79,0.93
1150820,076594,南亞科富邦63購07,0.97,0.86
1150820,076595,南亞科富邦64購01,0.90,0.83
1150820,076596,兆豐金富邦61購01,0.68,0.76
1150820,076597,晶技富邦61購02,0.74,0.69
1150820,076598,華晶科富邦63購03,0.54,0.60
1150820,076599,玉晶光富邦62購03,1.15,0.94
1150820,076600,玉晶光富邦63購05,,0.97
1150820,076601,群創富邦62購02,0.37,0.63
1150820,076602,群創富邦63購02,,0.61
1150820,076603,嘉澤富邦63購02,0.55,0.85
1150820,076604,日月光富邦77購01,0.72,0.76
1150820,076605,定穎控富邦63購02,0.37,0.45
1150820,076606,定穎控富邦63購03,0.38,0.47
1150820,076607,臻鼎富邦63購03,0.36,0.41
1150820,076608,臻鼎富邦63購04,,0.45
1150820,076609,十銓富邦62購03,1.24,1.25
1150820,076610,十銓富邦63購02,1.15,1.19
1150820,076612,力成富邦62購01,0.46,0.51
1150820,076613,同欣電富邦62購01,0.47,0.48
1150820,076614,旭隼富邦63購03,0.77,0.75
1150820,076615,AES富邦63購01,0.80,0.91
1150820,076616,AES富邦63購02,0.64,0.72
1150820,076617,泰金寶富邦63購03,,0.68
1150820,076618,泰金寶富邦63購04,0.58,0.60
1150820,076619,T50正2中信63購03,,0.80
1150820,07661U,台玻元富59售02,0.01,0.07
1150820,076620,臺指2X中信63購07,1.06,1.10
1150820,076621,SGBR2X中信63購05,1.08,0.93
1150820,076622,台積電中信61購04,0.55,0.61
1150820,076623,群創中信61購02,0.34,0.45
1150820,076624,群創中信67購01,0.36,0.42
1150820,076625,jpp中信61購01,0.43,0.40
1150820,076626,美費半永豐61購02,1.37,1.47
1150820,076628,遠東新永豐61購01,1.18,1.01
1150820,076629,矽統永豐61購03,,0.83
1150820,076630,漢翔統一59購01,,0.43
1150820,076631,漢翔永豐61購03,1.41,1.08
1150820,076632,漢翔永豐61購04,1.46,1.16
1150820,076633,新纖國泰62購01,,1.89
1150820,076634,華新國泰62購01,1.91,1.98
1150820,076635,廣宇國泰62購01,1.84,1.92
1150820,076636,台積電國泰62購03,,3.41
1150820,076637,京元電國泰62購01,,1.26
1150820,076638,普安國泰62購01,,1.05
1150820,076639,晶技國泰63購01,2.30,2.17
1150820,076640,新唐國泰62購01,0.89,1.07
1150820,076641,鈞寶國泰63購01,1.98,2.19
1150820,076642,滬深2X元大61購07,1.57,1.82
1150820,076644,台化元大63購03,0.85,1.12
1150820,076645,亞德客元大61購05,0.82,1.01
1150820,076646,華通元大61購17,2.42,2.23
1150820,076647,華通元大63購04,1.78,1.60
1150820,076648,台積電元大61購65,1.17,1.25
1150820,076649,台積電元大67購07,1.13,1.17
1150820,076650,所羅門元大61購04,1.73,1.51
1150820,076651,佳能元大61購02,,2.06
1150820,076652,南亞科元大61購17,2.80,2.56
1150820,076653,南亞科元大61購18,3.20,2.86
1150820,076654,偉詮電元大61購03,1.70,2.05
1150820,076655,立隆電元大61購05,1.22,1.43
1150820,076656,宏達電元大61購07,1.25,1.36
1150820,076657,漢翔元大61購07,2.32,1.71
1150820,076658,長榮太元大61購05,0.63,0.70
1150820,076659,大立光元大63購19,2.39,1.79
1150820,076660,晟銘電元大61購01,,1.25
1150820,076661,文曄元大61購02,1.49,1.84
1150820,076662,晶技元大63購04,1.82,1.74
1150820,076663,昇貿元大65購01,2.61,2.81
1150820,076664,京鼎元大61購04,0.98,1.39
1150820,076665,日月光元大61購07,1.35,1.59
1150820,076666,臻鼎元大61購20,1.55,1.68
1150820,076667,臻鼎元大61購21,1.19,1.34
1150820,076668,臻鼎元大63購09,1.15,1.25
1150820,076669,乙盛元大67購01,,1.52
1150820,076670,jpp元大61購03,,1.99
1150820,076672,今國光元大61購02,2.18,2.37
1150820,076673,力成元大61購10,2.14,2.12
1150820,076674,台郡元大61購03,1.63,1.80
1150820,076675,力積電元大61購08,1.78,1.92
1150820,076676,力積電元大63購04,,1.12
1150820,076677,新代元大61購02,1.42,1.42
1150820,076678,致新元大61購02,1.76,1.89
1150820,076679,福懋科元大61購04,,1.70
1150820,076680,福懋科元大61購05,,1.80
1150820,076681,新纖統一67購01,0.62,0.63
1150820,076682,群創統一67購01,,0.63
1150820,076683,群創統一6C購02,0.54,0.60
1150820,076684,定穎控統一69購01,0.53,0.57
1150820,076685,定穎控統一6C購01,0.52,0.57
1150820,076686,亞德客群益61購02,1.03,1.30
1150820,076687,台玻群益61購03,2.49,2.33
1150820,076688,光寶科群益61購04,,5.00
1150820,076689,台積電群益63購07,,1.80
1150820,076690,順德群益61購02,2.08,1.90
1150820,076691,群創群益61購06,1.21,1.42
1150820,076692,定穎控群益61購02,0.71,0.89
1150820,076693,定穎控群益61購03,0.69,0.81
1150820,076694,力成群益61購04,2.68,2.94
1150820,076695,樺漢群益61購02,1.20,1.89
1150820,076696,力積電群益61購03,,1.83
1150820,076697,力積電群益61購04,,1.56
1150820,076698,泓德群益61購01,1.58,1.68
1150820,076699,台化凱基61購06,0.63,0.79
1150820,076700,華城凱基61購06,2.60,2.38
1150820,076701,永光凱基61購02,,1.23
1150820,076702,光寶科凱基61購07,3.82,3.52
1150820,076703,華通凱基61購12,2.23,1.95
1150820,076704,鴻海凱基61購11,2.15,2.59
1150820,076705,漢唐凱基61購08,0.92,1.17
1150820,076706,超豐凱基61購02,,1.47
1150820,076707,京元電凱基61購10,1.55,1.84
1150820,076708,立隆電凱基61購07,,1.02
1150820,076709,漢翔凱基61購06,2.44,2.20
1150820,076710,德律凱基63購01,,1.65
1150820,076711,聯詠凱基61購04,1.99,2.19
1150820,076712,緯創凱基66購01,2.35,2.77
1150820,076713,日月光凱基61購07,1.91,2.16
1150820,076714,定穎控凱基61購10,,1.16
1150820,076715,新唐凱基61購05,0.66,0.77
1150820,076716,臻鼎凱基61購12,1.55,1.69
1150820,076718,帆宣凱基61購05,1.02,1.09
1150820,076719,力成凱基66購01,2.23,2.20
1150820,07671U,台達電中信5C售06,0.10,0.09
1150820,076720,矽格凱基61購05,0.67,0.93
1150820,076721,捷敏凱基61購03,1.00,0.98
1150820,076722,緯穎凱基61購12,,3.35
1150820,076723,洋基凱基61購01,1.11,1.29
1150820,076724,龍德船凱基64購01,1.48,1.28
1150820,076725,力積電凱基61購09,1.58,1.73
1150820,076726,采鈺凱基65購01,1.45,1.60
1150820,076727,臺股指凱基61購24,1.93,2.03
1150820,076728,滬深2X國票61購02,,1.99
1150820,07672U,聯發科中信5C售03,0.08,0.08
1150820,076730,元石油國票61購03,2.99,2.92
1150820,076732,中502X國票61購03,1.73,2.00
1150820,076733,台泥國票65購01,1.15,1.13
1150820,076734,宏碁國票65購01,1.51,1.55
1150820,076735,建準國票65購01,,1.32
1150820,076736,大立光國票64購01,2.11,1.61
1150820,076737,群創國票61購02,1.37,1.65
1150820,076738,群創國票61購03,1.30,1.62
1150820,076739,晶彩科國票61購01,1.11,1.22
1150820,076740,牧德國票64購01,1.67,1.77
1150820,076741,定穎控國票66購01,0.76,0.88
1150820,076742,事欣科國票61購02,1.20,1.27
1150820,076743,jpp國票65購01,1.73,1.78
1150820,076744,瀚宇博國票61購01,1.57,1.77
1150820,076745,彩晶國票61購02,1.22,1.25
1150820,076746,和椿國票61購02,1.56,1.69
1150820,076748,騰輝電國票61購01,,2.19
1150820,076749,惠特國票64購01,0.90,0.94
1150820,076750,采鈺國票61購01,,1.56
1150820,076751,采鈺國票61購02,,1.53
1150820,076752,T50正2富邦61購14,1.81,1.93
1150820,076753,T50反1富邦61購05,1.05,1.10
1150820,076755,順德富邦61購02,0.72,0.65
1150820,076756,金像電富邦63購02,0.87,0.86
1150820,076757,偉詮電富邦63購02,0.91,0.97
1150820,076758,超豐富邦61購04,0.53,0.66
1150820,076759,創見富邦62購02,1.28,1.34
1150820,076760,立隆電富邦61購02,,0.39
1150820,076761,鉅祥富邦61購02,0.67,0.76
1150820,076762,亞航富邦63購01,0.69,0.63
1150820,076763,昇貿富邦62購03,0.73,0.80
1150820,076764,新唐富邦61購01,,0.38
1150820,076765,捷敏富邦63購01,0.39,0.41
1150820,076766,緯穎富邦62購02,1.66,1.63
1150820,076767,惠特富邦63購01,0.80,0.81
1150820,076768,天虹富邦62購01,0.53,0.62
1150820,076769,臺股指富邦61購20,1.92,2.04
1150820,076770,T50正2台新61購05,0.88,0.93
1150820,076771,香港2X台新61購01,,1.62
1150820,076772,香港2X台新61購02,1.44,1.56
1150820,076773,中502X台新61購01,,1.10
1150820,076774,中502X台新61購02,,0.97
1150820,076775,台股增台新61購05,,1.79
1150820,076776,巧新台新61購01,1.00,0.94
1150820,076777,台積電台新61購11,,1.66
1150820,076778,旺宏台新61購03,,1.51
1150820,076779,光罩台新61購01,,0.66
1150820,076780,中再保台新61購01,3.38,2.14
1150820,076781,兆豐金台新61購01,1.34,1.49
1150820,076782,京鼎台新61購03,0.46,0.63
1150820,076783,京鼎台新62購01,,0.90
1150820,076784,京鼎台新64購01,,1.02
1150820,076785,台灣50中信65購06,0.95,0.96
1150820,076786,台灣50中信71購01,,0.91
1150820,076787,華碩中信62購01,1.19,1.05
1150820,076788,長榮中信62購01,1.14,0.87
1150820,076789,漢翔中信65購01,,0.40
1150820,076790,力智中信61購01,,0.34
1150820,076791,AES中信61購04,0.96,1.07
1150820,076792,新纖統一65購01,,0.71
1150820,076793,研華統一6C購01,0.73,0.71
1150820,076794,鈺邦統一65購02,,0.59
1150820,076795,鈺邦統一69購01,0.51,0.55
1150820,076796,龍德船統一64購01,0.68,0.59
1150820,076797,台灣50永豐64購04,,1.34
1150820,076798,台灣50永豐67購01,,1.78
1150820,076800,台塑永豐64購02,,0.94
1150820,076801,中興電永豐61購02,,1.31
1150820,076802,中砂永豐61購03,,1.76
1150820,076803,華新永豐61購04,2.95,3.00
1150820,076804,上銀永豐61購05,,3.31
1150820,076805,金寶永豐61購03,,2.45
1150820,076806,華通永豐61購04,1.87,1.78
1150820,076807,華通永豐64購02,,2.19
1150820,076808,華通永豐67購01,,2.62
1150820,076809,鴻海永豐63購01,,1.04
1150820,076810,鴻海永豐63購02,,0.98
1150820,076811,華碩永豐64購03,2.46,2.24
1150820,076812,菱生永豐61購02,,1.09
1150820,076813,凱美永豐61購05,1.38,1.48
1150820,076814,技嘉永豐61購04,,0.88
1150820,076815,威盛永豐61購01,,1.30
1150820,076816,威盛永豐64購02,1.49,1.65
1150820,076817,研華永豐63購01,2.79,2.83
1150820,076818,凌陽永豐61購04,,0.90
1150820,076819,偉詮電永豐61購03,,1.23
1150820,07681U,臺股指群益59售14,,0.01
1150820,076820,京元電永豐61購09,1.31,1.71
1150820,076821,陽明永豐64購01,2.01,1.46
1150820,076822,長榮航永豐64購02,1.28,1.34
1150820,076823,漢翔永豐65購01,0.87,0.75
1150820,076824,玉山金永豐61購01,1.14,1.24
1150820,076825,神基永豐61購03,1.34,1.34
1150820,076826,亞光永豐61購02,1.21,1.19
1150820,076827,威強電永豐61購01,,1.79
1150820,076828,德律永豐64購01,,1.25
1150820,076829,德律永豐64購02,,1.53
1150820,076830,晶技永豐61購04,2.08,2.00
1150820,076831,晶技永豐64購03,1.98,1.83
1150820,076832,晶技永豐64購04,1.35,1.35
1150820,076833,緯創永豐61購06,,2.12
1150820,076834,昇貿永豐61購04,,1.67
1150820,076835,新日興永豐61購04,,2.18
1150820,076836,玉晶光永豐61購07,3.17,2.18
1150820,076837,貿聯永豐64購03,3.05,3.07
1150820,076838,貿聯永豐67購03,3.46,3.50
1150820,076839,日月光永豐61購09,2.05,2.79
1150820,076840,定穎控永豐61購05,1.38,1.75
1150820,076841,祥碩永豐61購05,2.75,2.51
1150820,076842,漢翔統一59購02,,0.23
1150820,076843,富華新統一59購01,,0.01
1150820,076845,佳必琪永豐64購02,1.05,1.17
1150820,076846,力成永豐61購04,2.21,2.46
1150820,076847,矽格永豐64購02,0.97,1.50
1150820,076848,同欣電永豐61購03,2.48,2.54
1150820,076849,群電永豐61購02,1.00,1.09
1150820,07684U,臺股指群益5C售01,,0.12
1150820,076850,樺漢永豐61購02,,1.18
1150820,076851,樺漢永豐61購03,,1.34
1150820,076852,樺漢永豐64購02,,1.48
1150820,076853,保瑞永豐61購05,0.90,0.82
1150820,076854,緯穎永豐61購06,,3.29
1150820,076855,緯穎永豐64購04,,2.08
1150820,076856,緯穎永豐67購01,4.20,4.18
1150820,076857,力智永豐64購02,,0.81
1150820,076858,力積電永豐61購05,1.29,1.48
1150820,076859,力積電永豐64購03,1.25,1.36
1150820,076860,采鈺永豐61購05,,1.69
1150820,076861,富世達永豐61購03,,2.23
1150820,076862,富世達永豐61購04,2.05,1.87
1150820,076863,富世達永豐64購02,2.97,2.75
1150820,076864,松川永豐64購02,1.48,1.43
1150820,076865,矽創永豐61購02,1.86,2.07
1150820,076866,至上永豐61購04,,2.44
1150820,076868,世紀鋼永豐61購02,1.02,1.27
1150820,076869,華城群益61購04,6.10,5.30
1150820,076870,光寶科群益61購06,,5.46
1150820,076871,金寶群益61購02,1.33,1.57
1150820,076872,華通群益61購05,5.65,5.34
1150820,076873,鴻海群益61購07,1.31,1.61
1150820,076874,鴻海群益61購08,1.04,1.40
1150820,076875,所羅門群益61購03,,1.33
1150820,076876,菱生群益61購01,1.11,1.42
1150820,076877,威盛群益62購01,,1.60
1150820,076878,漢唐群益61購03,1.63,2.02
1150820,076879,國碩群益61購03,0.83,1.02
1150820,076880,南亞科群益61購11,3.28,2.94
1150820,076881,漢翔群益61購05,0.71,0.54
1150820,076882,威強電群益61購02,,1.80
1150820,076883,德律群益61購04,,4.40
1150820,076884,聯詠群益61購02,5.55,5.56
1150820,076885,智原群益61購01,1.30,1.36
1150820,076886,緯創群益61購02,,8.06
1150820,076887,貿聯群益61購03,1.73,1.72
1150820,076888,日月光群益61購05,3.32,3.78
1150820,076889,祥碩群益61購01,1.33,1.34
1150820,076890,力成群益61購05,3.00,3.26
1150820,076891,樺漢群益61購03,,1.65
1150820,076892,緯穎群益61購04,8.25,7.98
1150820,076893,力智群益61購02,,1.02
1150820,076894,龍德船群益62購02,0.70,0.62
1150820,076895,富世達群益63購01,2.43,2.31
1150820,076897,T50正2凱基61購09,,1.45
1150820,076900,滬深2X凱基63購02,,1.28
1150820,076901,台泥凱基61購02,1.58,1.51
1150820,076902,台化凱基63購02,0.45,0.57
1150820,076903,亞德客凱基61購02,1.42,1.71
1150820,076904,台玻凱基61購04,2.72,2.50
1150820,076905,中鋼凱基61購01,1.60,1.54
1150820,076906,智邦凱基61購10,,3.08
1150820,076907,順德凱基61購04,2.20,1.93
1150820,076908,宏碁凱基61購01,1.59,1.94
1150820,076909,所羅門凱基61購03,1.65,1.56
1150820,076910,研華凱基61購04,2.63,2.62
1150820,076911,南亞科凱基61購13,3.29,2.98
1150820,076912,偉詮電凱基61購03,2.10,2.43
1150820,076913,宏達電凱基61購02,,1.35
1150820,076914,亞航凱基61購04,0.64,0.62
1150820,076915,漢翔凱基61購07,1.22,1.12
1150820,076916,長榮太凱基61購04,,0.77
1150820,076917,晟銘電凱基61購02,1.00,1.21
1150820,076918,晶技凱基63購02,2.34,2.18
1150820,076919,緯創凱基61購07,2.52,3.24
1150820,076920,京鼎凱基61購04,1.11,1.44
1150820,076921,嘉澤凱基61購06,0.82,1.48
1150820,076922,牧德凱基61購06,2.20,2.32
1150820,076923,貿聯凱基63購01,2.24,2.31
1150820,076924,jpp凱基61購02,1.67,1.77
1150820,076925,今國光凱基61購04,1.90,2.29
1150820,076926,台郡凱基61購03,2.68,2.67
1150820,076927,樺漢凱基61購02,0.89,1.42
1150820,076928,騰輝電凱基61購05,,2.06
1150820,076929,力智凱基61購04,,1.10
1150820,07692U,旺宏中信5A售04,0.05,0.05
1150820,076930,龍德船凱基65購01,0.95,1.11
1150820,076931,亞德客國泰62購01,2.17,2.59
1150820,076932,台玻國泰62購01,2.53,2.36
1150820,076933,光寶科國泰62購01,,2.81
1150820,076936,光寶科國泰62購02,,2.93
1150820,076937,華通國泰62購04,1.50,1.40
1150820,076938,威盛國泰62購01,,1.65
1150820,076939,神基國泰62購01,1.46,1.45
1150820,076940,臻鼎國泰62購04,0.91,1.07
1150820,076941,臻鼎國泰62購05,0.89,1.04
1150820,076942,力成國泰62購01,,2.04
1150820,076943,力成國泰62購02,1.69,1.77
1150820,076944,康舒國泰63購01,,2.02
1150820,076945,樺漢國泰62購01,,1.94
1150820,076946,鈺邦國泰63購01,1.87,2.27
1150820,076947,中興電國票63購01,,0.90
1150820,076948,信錦國票65購01,,1.15
1150820,076949,台玻國票61購02,1.44,1.35
1150820,076950,大成鋼國票63購01,3.32,2.89
1150820,076951,金寶國票65購01,,1.34
1150820,076952,鴻海國票64購01,,1.45
1150820,076953,台亞國票65購01,,1.26
1150820,076955,微星國票63購01,,1.21
1150820,076956,正崴國票65購01,1.14,1.10
1150820,076957,長榮國票61購02,1.81,1.28
1150820,076958,漢翔國票66購01,,1.17
1150820,076959,玉山金國票63購01,,1.42
1150820,076960,神基國票66購01,,0.81
1150820,076961,晶技國票63購01,1.04,1.09
1150820,076962,凌航國票65購01,0.80,0.92
1150820,076963,達邁國票65購01,,1.07
1150820,076964,華懋國票65購01,1.04,0.77
1150820,076965,中磊國票61購03,,1.05
1150820,076966,康舒國票63購01,,1.09
1150820,076967,啟碁國票63購02,,1.37
1150820,076968,樺漢國票65購01,,1.37
1150820,076969,緯穎國票65購01,3.27,3.36
1150820,076970,三集瑞國票65購01,,0.83
1150820,076971,雲豹國票65購01,,0.83
1150820,076972,元黃金富邦64購01,,1.14
1150820,076973,臺指反富邦77購01,,0.76
1150820,076974,台股增富邦61購02,1.22,1.33
1150820,076975,台股增富邦67購01,1.18,1.20
1150820,076976,上銀富邦77購01,1.58,1.61
1150820,076977,華通富邦67購01,0.91,0.84
1150820,076978,菱生富邦63購03,0.62,0.74
1150820,076979,神基富邦63購02,0.67,0.67
1150820,076980,緯創富邦61購05,,1.64
1150820,076981,緯創富邦67購01,1.55,1.80
1150820,076982,貿聯富邦67購01,1.12,1.15
1150820,076983,力成富邦67購01,0.74,0.72
1150820,076984,樺漢富邦62購01,0.51,0.71
1150820,076985,緯穎富邦67購01,1.87,1.82
1150820,076986,騰輝電富邦61購01,1.07,0.82
1150820,076988,富世達富邦62購03,1.39,1.25
1150820,076990,信錦台新61購01,1.21,1.20
1150820,076991,永光台新61購01,,1.00
1150820,076992,智邦台新61購04,2.04,2.57
1150820,076993,正崴台新61購01,2.00,1.79
1150820,076994,研華台新61購01,1.85,1.81
1150820,076995,京元電台新61購04,,1.12
1150820,076996,亞航台新61購02,,0.56
1150820,076997,漢翔台新62購01,0.98,0.75
1150820,076998,貿聯台新61購08,1.82,1.96
1150820,076999,力成台新61購04,,1.45
1150820,077000,緯穎台新61購04,,2.03
1150820,077001,力積電台新61購03,2.43,2.62
1150820,077002,新代台新61購01,2.10,2.05
1150820,077003,台塑元大61購08,1.04,1.30
1150820,077005,新纖元大61購02,,1.28
1150820,077006,上銀元大61購09,3.39,3.41
1150820,077007,台積電元大61購67,1.29,1.36
1150820,077008,台積電元大63購15,0.62,0.67
1150820,077009,燿華元大61購03,2.06,2.18
1150820,077010,金像電元大63購06,2.12,2.06
1150820,077011,菱生元大66購01,,1.72
1150820,077012,威盛元大61購04,1.49,1.71
1150820,077013,南亞科元大61購19,3.07,2.77
1150820,077014,南亞科元大61購20,2.73,2.33
1150820,077015,超豐元大61購02,1.03,1.19
1150820,077016,京元電元大61購19,1.32,1.57
1150820,077017,京元電元大61購20,1.12,1.58
1150820,077018,京元電元大64購05,0.92,1.23
1150820,077019,聯詠元大61購05,1.68,1.80
1150820,077020,文曄元大61購03,1.60,1.90
1150820,077021,晶技元大63購05,2.07,1.94
1150820,077022,昇貿元大65購02,1.92,2.05
1150820,077023,玉晶光元大61購06,2.33,1.93
1150820,077024,京鼎元大61購05,1.11,1.47
1150820,077025,群創元大61購08,1.20,1.42
1150820,077026,群創元大63購08,,1.22
1150820,077027,日月光元大61購08,1.58,1.80
1150820,077028,定穎控元大61購11,,0.94
1150820,077029,事欣科元大61購04,0.70,0.81
1150820,077030,新唐元大61購04,0.92,1.10
1150820,077031,臻鼎元大61購22,1.18,1.29
1150820,077032,矽格元大61購09,,1.28
1150820,077033,樺漢元大61購02,1.40,2.07
1150820,077034,鈺邦元大61購02,,1.82
1150820,077035,緯穎元大61購17,1.90,1.93
1150820,077036,緯穎元大61購18,,2.19
1150820,077037,緯穎元大63購03,,1.94
1150820,077038,洋基元大61購03,1.24,1.47
1150820,077039,龍德船元大61購01,0.88,0.86
1150820,077040,力積電元大63購05,2.12,2.18
1150820,077041,采鈺元大63購03,1.11,1.43
1150820,077042,宇瞻元大66購01,2.26,2.36
1150820,077043,美利達元大61購02,2.26,1.96
1150820,077044,台積電統一6A購02,,0.97
1150820,077045,超豐統一65購02,,0.59
1150820,077046,神基統一65購01,0.66,0.66
1150820,077047,晶技統一63購02,0.92,0.86
1150820,077048,健鼎統一65購02,0.88,0.81
1150820,077049,嘉澤統一65購02,0.28,0.41
1150820,077050,崇越統一63購01,0.48,0.52
1150820,077051,亞翔統一64購02,0.53,0.62
1150820,077052,捷敏統一67購01,0.56,0.54
1150820,077053,緯穎統一66購01,1.80,1.81
1150820,077054,旺宏中信63購01,0.82,0.89
1150820,077055,奇鋐中信61購03,1.46,1.43
1150820,077056,貿聯中信62購01,0.49,0.49
1150820,077057,臻鼎中信62購01,,0.51
1150820,077058,力成中信61購02,0.48,0.51
1150820,077059,亞泥永豐61購01,1.04,0.94
1150820,077060,台塑永豐61購04,,0.41
1150820,077061,台塑永豐64購03,,1.08
1150820,077062,東陽永豐61購02,1.58,1.44
1150820,077064,聚陽永豐61購01,1.27,1.64
1150820,077066,美時永豐61購06,1.24,1.15
1150820,077067,美時永豐61購07,1.22,1.12
1150820,077068,中鋼永豐61購02,1.38,1.37
1150820,077069,上銀永豐61購06,,2.27
1150820,077070,中橡永豐61購01,0.62,0.60
1150820,077071,仁寶永豐61購05,,1.83
1150820,077072,台積電永豐61購21,,0.69
1150820,077073,台積電永豐61購22,,1.07
1150820,077074,台積電永豐61購23,,0.80
1150820,077075,旺宏永豐61購06,1.67,2.01
1150820,077076,旺宏永豐61購07,0.75,0.89
1150820,077077,順德永豐61購04,,1.51
1150820,077078,宏碁永豐61購04,1.70,1.71
1150820,077079,英業達永豐61購07,1.81,2.01
1150820,077080,華碩永豐61購02,1.82,1.59
1150820,077081,金像電永豐61購03,1.33,1.35
1150820,077082,金像電永豐61購04,,1.50
1150820,077083,金像電永豐64購01,,2.61
1150820,077084,金像電永豐64購02,1.71,1.65
1150820,077086,微星永豐61購05,1.44,1.97
1150820,077087,微星永豐61購06,0.69,0.91
1150820,077088,瑞昱永豐64購03,1.45,1.56
1150820,077089,研華永豐61購05,1.65,1.63
1150820,077090,漢唐永豐61購10,1.16,1.46
1150820,077091,國碩永豐64購02,,0.75
1150820,077092,南亞科永豐63購01,1.35,1.42
1150820,077093,南亞科永豐63購02,,2.17
1150820,077094,友達永豐61購12,1.71,1.79
1150820,077095,超豐永豐63購01,0.62,0.75
1150820,077096,京元電永豐61購10,,1.89
1150820,077097,立隆電永豐61購05,0.64,0.82
1150820,077098,立隆電永豐61購06,1.04,1.23
1150820,077099,雄獅永豐61購01,0.92,0.98
1150820,077100,元大金永豐61購01,1.60,1.97
1150820,077101,華立永豐61購01,1.66,1.59
1150820,077102,奇鋐永豐61購09,2.17,2.10
1150820,077103,零壹永豐61購01,1.09,1.09
1150820,077104,緯創永豐61購07,,1.53
1150820,077105,緯創永豐61購08,2.51,3.09
1150820,077106,新日興永豐61購05,,1.26
1150820,077107,融程電永豐61購01,,0.94
1150820,077108,貿聯永豐61購05,,1.41
1150820,077109,貿聯永豐61購06,,1.51
1150820,077111,飛捷永豐61購01,0.90,0.98
1150820,077112,力成永豐61購05,,1.90
1150820,077113,力成永豐61購06,,0.60
1150820,077115,啟碁永豐64購01,,1.54
1150820,077117,至上永豐61購05,1.14,1.28
1150820,077118,至上永豐61購06,1.08,1.21
1150820,077119,宇瞻永豐61購03,1.64,1.76
1150820,077120,寶成永豐61購01,1.28,1.21
1150820,077121,大成鋼國票64購01,,2.08
1150820,077122,旺宏國票61購03,0.93,1.13
1150820,077123,所羅門國票61購02,1.72,1.61
1150820,077124,微星國票64購01,,0.98
1150820,077125,超豐國票61購03,,1.20
1150820,077126,京元電國票61購01,1.15,1.40
1150820,077127,京元電國票61購02,1.04,1.34
1150820,077128,義隆國票61購01,0.78,0.86
1150820,077129,鉅祥國票61購02,1.04,1.14
1150820,077130,瑞軒國票65購01,1.08,1.05
1150820,077131,台新金國票61購01,1.74,1.89
1150820,077132,晶豪科國票61購01,,2.57
1150820,077133,臻鼎國票61購03,0.86,1.02
1150820,077134,誠美材國票64購01,,0.58
1150820,077135,祥碩國票61購03,1.13,1.13
1150820,077136,亞翔國票61購01,,1.65
1150820,077137,亞翔國票61購02,,1.48
1150820,077138,精成科國票61購01,1.24,1.36
1150820,077139,樺漢國票64購01,,0.97
1150820,07713U,台積電富邦5C售06,0.03,0.08
1150820,077140,龍德船國票61購03,1.67,1.44
1150820,077141,力積電國票61購03,1.62,1.73
1150820,077142,力積電國票61購04,,1.97
1150820,077143,T50反1國泰62購01,,1.01
1150820,077144,T50反1國泰62購02,,0.95
1150820,077145,滬深2X國泰62購01,,1.28
1150820,077147,滬深2X國泰62購03,,0.83
1150820,077148,鴻海國泰62購03,1.95,2.44
1150820,077149,金像電國泰62購01,,1.98
1150820,077150,亞航國泰63購01,,2.09
1150820,077151,神基國泰62購02,1.45,1.44
1150820,077152,嘉澤國泰62購01,0.52,0.88
1150820,077153,貿聯國泰62購03,1.27,1.26
1150820,077154,同欣電國泰63購01,,1.80
1150820,077155,保瑞國泰62購01,1.93,1.62
1150820,077156,保瑞國泰62購02,1.54,1.37
1150820,077157,宇瞻國泰63購01,2.32,2.40
1150820,077158,T50正2群益62購01,1.29,1.31
1150820,077159,T50正2群益62購02,,1.28
1150820,077160,群臺2X群益62購01,,0.95
1150820,077162,華城群益61購05,5.40,4.70
1150820,077163,上銀群益61購04,,6.51
1150820,077164,光寶科群益61購07,,7.23
1150820,077165,華通群益61購06,5.00,4.73
1150820,077166,智邦群益61購06,3.23,4.07
1150820,077167,矽統群益61購04,1.66,1.90
1150820,077168,微星群益61購03,,1.11
1150820,077169,威盛群益63購01,,1.42
1150820,077170,研華群益61購03,2.23,2.18
1150820,077171,凌陽群益61購01,,1.13
1150820,077172,毅嘉群益61購03,1.25,1.43
1150820,077173,漢唐群益61購04,1.60,1.88
1150820,077174,立隆電群益61購04,2.89,3.48
1150820,077175,鉅祥群益61購03,1.36,1.53
1150820,077176,華航群益61購02,1.14,1.47
1150820,077177,神基群益61購02,0.83,0.82
1150820,077178,德律群益61購05,,4.56
1150820,077179,聯詠群益61購03,4.24,4.58
1150820,077180,晶技群益61購03,3.48,3.23
1150820,077181,緯創群益61購03,6.65,7.93
1150820,077182,昇貿群益61購02,,2.99
1150820,077183,新日興群益61購02,1.58,1.63
1150820,077184,玉晶光群益61購03,,4.79
1150820,077185,貿聯群益61購04,1.88,1.98
1150820,077186,日月光群益61購06,3.94,4.52
1150820,077187,材料群益61購01,1.65,1.94
1150820,077188,帆宣群益61購02,,2.22
1150820,077189,佳必琪群益61購06,3.43,3.79
1150820,077190,力成群益61購06,3.10,3.34
1150820,077191,矽格群益61購04,3.40,3.97
1150820,077192,群電群益63購01,1.07,1.16
1150820,077193,保瑞群益61購04,3.84,3.26
1150820,077194,采鈺群益61購01,,1.07
1150820,077195,滬深2X凱基61購05,1.54,1.88
1150820,077196,滬深2X凱基63購03,,1.12
1150820,077198,台股增凱基61購01,1.15,1.14
1150820,077199,台股增凱基63購03,,1.19
1150820,077200,台塑凱基61購05,0.90,1.11
1150820,077201,大成鋼凱基61購02,2.60,2.27
1150820,077202,金寶凱基64購01,0.84,1.04
1150820,077204,微星凱基61購01,,0.94
1150820,077206,威盛凱基61購02,,1.45
1150820,077207,研華凱基61購05,1.72,1.83
1150820,077209,南亞科凱基61購14,1.34,1.26
1150820,077210,立隆電凱基61購09,,0.81
1150820,077211,漢翔凱基63購01,1.48,1.43
1150820,077212,神基凱基61購03,0.93,1.03
1150820,077213,奇鋐凱基61購16,3.39,3.42
1150820,077214,奇鋐凱基61購17,3.40,3.18
1150820,077215,德律凱基61購07,,1.74
1150820,077216,聯詠凱基61購05,1.88,2.10
1150820,077217,文曄凱基61購03,1.17,1.65
1150820,077218,晶技凱基63購03,1.11,1.29
1150820,077219,緯創凱基63購01,1.79,2.17
1150820,077220,京鼎凱基61購05,0.43,0.83
1150820,077221,群創凱基61購09,0.94,1.22
1150820,077222,貿聯凱基61購11,2.09,2.16
1150820,077223,日月光凱基63購03,,1.00
1150820,077224,臻鼎凱基61購13,0.41,0.53
1150820,077225,臻鼎凱基61購14,,0.76
1150820,077226,鴻海凱基64購01,8.75,11.03
1150820,077227,力成凱基61購10,1.18,1.34
1150820,077228,矽格凱基61購06,0.79,0.99
1150820,077229,樺漢凱基61購03,0.41,0.83
1150820,077230,鈺邦凱基61購02,,0.90
1150820,077231,緯穎凱基61購13,2.52,2.56
1150820,077232,力智凱基61購05,,0.79
1150820,077233,龍德船凱基61購04,,1.09
1150820,077234,力積電凱基63購01,,0.93
1150820,077235,采鈺凱基61購06,,1.05
1150820,077236,富世達凱基61購05,2.24,2.15
1150820,077237,振樺電凱基61購01,,0.93
1150820,077238,福懋科凱基61購03,,1.08
1150820,077239,宇瞻凱基64購01,1.25,1.51
1150820,077240,未來50元大61購01,1.28,1.18
1150820,077241,台塑元大61購09,1.04,1.21
1150820,077242,東聯元大61購02,0.90,0.96
1150820,077243,大成鋼元大61購01,,1.11
1150820,077244,台積電元大61購68,0.98,1.08
1150820,077245,台積電元大61購69,0.95,1.01
1150820,077246,英業達元大61購03,2.13,2.27
1150820,077247,華碩元大61購02,3.17,2.66
1150820,077248,華碩元大61購03,2.64,2.25
1150820,077249,研華元大61購05,2.25,2.14
1150820,077250,研華元大61購06,1.27,1.25
1150820,077251,南亞科元大61購22,0.96,0.86
1150820,077252,南亞科元大63購11,0.86,0.78
1150820,077253,超豐元大61購03,,0.90
1150820,077254,京元電元大61購21,1.01,1.41
1150820,077255,京元電元大61購22,0.90,1.33
1150820,077256,京元電元大64購06,1.14,1.29
1150820,077257,創見元大66購01,1.56,1.65
1150820,077258,立隆電元大61購06,,0.96
1150820,077259,亞航元大61購03,1.24,1.21
1150820,077260,漢翔元大61購08,1.73,1.38
1150820,077261,富邦金元大61購05,,0.85
1150820,077262,晶技元大67購01,0.78,0.75
1150820,077263,群創元大63購09,,1.40
1150820,077264,群創元大64購05,0.95,1.15
1150820,077265,牧德元大65購01,1.30,1.38
1150820,077266,貿聯元大63購15,1.44,1.44
1150820,077267,貿聯元大65購04,1.41,1.44
1150820,077268,貿聯元大66購05,,1.45
1150820,077269,神達元大63購05,1.28,1.37
1150820,077270,和碩元大61購05,1.77,1.81
1150820,077271,臻鼎元大61購24,,1.13
1150820,077272,臻鼎元大61購25,0.77,1.01
1150820,077273,矽格元大61購10,1.14,1.29
1150820,077274,樺漢元大61購03,1.06,1.44
1150820,077275,樺漢元大61購04,0.66,1.01
1150820,077276,緯穎元大61購19,3.02,2.90
1150820,077277,緯穎元大61購20,2.50,2.49
1150820,077278,緯穎元大63購04,1.56,1.49
1150820,077279,騰輝電元大61購04,2.34,1.86
1150820,077280,力積電元大63購06,1.90,2.03
1150820,077281,台灣50富邦61購11,,1.57
1150820,077282,台灣50富邦61購12,,1.72
1150820,077283,台灣50富邦61購13,0.95,1.01
1150820,077284,台灣50富邦64購07,,2.56
1150820,077285,台積電富邦63購07,0.63,0.68
1150820,077286,台積電富邦65購03,0.74,0.78
1150820,077287,台積電富邦67購01,,0.88
1150820,077288,台積電富邦69購01,,0.90
1150820,077289,台積電富邦69購02,0.78,0.85
1150820,077290,技嘉富邦61購02,0.57,0.70
1150820,077291,奇鋐富邦63購03,,1.98
1150820,077292,奇鋐富邦63購04,1.09,0.96
1150820,077293,達邁富邦61購01,,0.62
1150820,077294,台表科富邦61購02,0.53,0.46
1150820,077295,緯穎富邦67購02,1.55,1.60
1150820,077296,力積電富邦62購03,0.73,0.79
1150820,077297,采鈺富邦64購01,0.43,0.49
1150820,077298,勤誠富邦61購02,0.34,0.48
1150820,077299,中興電台新61購01,1.48,1.51
1150820,077300,長興台新61購02,,1.97
1150820,077301,大成鋼台新61購01,1.67,1.43
1150820,077302,光寶科台新61購01,2.93,2.83
1150820,077303,鴻海台新61購04,1.99,2.62
1150820,077304,台積電台新67購01,,1.21
1150820,077305,台積電台新67購02,,1.14
1150820,077306,研華台新62購01,1.97,1.80
1150820,077307,南亞科台新67購01,1.45,1.49
1150820,077308,友達台新61購03,1.21,1.31
1150820,077309,友達台新61購04,0.94,1.01
1150820,077310,陽明台新67購01,2.64,1.98
1150820,077311,萬海台新61購01,3.16,1.84
1150820,077312,晶豪科台新61購03,1.68,1.95
1150820,077313,奇鋐台新61購03,,1.74
1150820,077314,奇鋐台新61購04,1.61,1.76
1150820,077315,奇鋐台新61購05,1.32,1.41
1150820,077316,晶技台新61購04,1.54,1.48
1150820,077317,晶技台新61購05,1.76,1.72
1150820,077318,嘉澤台新61購01,0.85,1.39
1150820,077319,嘉澤台新61購02,,1.31
1150820,077320,嘉澤台新61購03,,0.84
1150820,077321,日月光台新61購05,2.73,3.33
1150820,077322,臻鼎台新61購07,1.54,1.75
1150820,077323,臻鼎台新61購08,1.89,2.21
1150820,077324,眾達台新61購01,2.01,1.65
1150820,077325,樺漢台新61購02,0.65,0.91
1150820,077326,樺漢台新62購01,,1.10
1150820,077327,樺漢台新64購02,,0.92
1150820,077329,緯穎台新61購06,,1.65
1150820,077330,緯穎台新67購01,1.89,1.90
1150820,077331,AES台新61購01,,1.46
1150820,077332,AES台新62購01,1.08,1.30
1150820,077333,AES台新64購01,1.11,1.22
1150820,077334,華東台新61購01,0.95,1.03
1150820,077335,T50正2國泰63購01,,1.80
1150820,077336,T50正2國泰63購02,2.21,2.15
1150820,077337,華邦電國泰63購01,2.34,2.48
1150820,077338,華邦電國泰63購02,2.10,2.17
1150820,077339,微星國泰63購01,,2.00
1150820,07733U,台積電中信5C售05,0.02,0.01
1150820,077340,微星國泰63購02,1.23,1.62
1150820,077341,志聖國泰63購01,,2.13
1150820,077342,漢翔國泰63購01,2.62,1.99
1150820,077343,聯詠國泰63購01,1.66,1.79
1150820,077344,光聖國泰63購01,1.80,1.68
1150820,077345,愛普國泰63購01,,1.93
1150820,077346,愛普國泰63購02,,2.37
1150820,077347,愛普國泰63購03,1.99,2.02
1150820,077348,台灣50統一65購01,,0.68
1150820,077349,華邦電統一65購07,0.62,0.61
1150820,077350,國碩統一6B購01,,0.57
1150820,077351,奇鋐統一6C購01,1.54,1.53
1150820,077352,緯創統一6C購02,,0.75
1150820,077353,群創統一65購04,0.51,0.61
1150820,077354,凌華統一6B購01,0.44,0.51
1150820,077355,飛捷統一6C購01,,0.74
1150820,077356,樺漢統一66購01,,0.47
1150820,077357,樺漢統一6C購02,,0.66
1150820,077358,光聖統一65購02,0.99,0.93
1150820,077359,光聖統一67購01,0.64,0.61
1150820,077360,光聖統一6C購01,,0.84
1150820,077361,愛普統一66購01,0.55,0.57
1150820,077362,緯穎統一6B購02,2.52,2.44
1150820,077363,振樺電統一6C購01,,0.62
1150820,077364,台塑中信61購01,0.27,0.29
1150820,077365,華邦電中信67購01,0.80,0.81
1150820,077366,南亞科中信67購02,0.99,0.88
1150820,077367,愛普中信61購02,0.77,0.78
1150820,077368,力積電中信61購02,,0.80
1150820,077369,香港2X永豐61購02,1.13,1.13
1150820,077370,巧新永豐61購01,0.96,0.96
1150820,077371,亞德客永豐61購02,1.82,2.25
1150820,077372,大東電永豐61購01,,0.82
1150820,077373,中碳永豐61購01,,0.62
1150820,077374,大成鋼永豐61購01,1.21,1.04
1150820,077375,鴻海永豐61購06,1.75,2.41
1150820,077376,仁寶永豐61購06,2.36,2.22
1150820,077377,台積電永豐61購24,1.81,2.21
1150820,077378,台積電永豐63購12,3.88,4.36
1150820,077379,華邦電永豐61購06,1.44,1.45
1150820,077380,華邦電永豐61購07,,1.21
1150820,077381,華邦電永豐63購01,1.04,1.09
1150820,077382,華邦電永豐63購02,1.39,1.58
1150820,077384,華邦電永豐65購03,1.19,1.21
1150820,077385,華邦電永豐6A購02,1.03,1.02
1150820,077386,智邦永豐61購05,0.73,1.10
1150820,077387,志聖永豐61購02,1.74,1.69
1150820,077388,志聖永豐61購03,1.50,1.51
1150820,077389,志聖永豐64購01,,1.50
1150820,077390,敦陽科永豐61購02,0.95,0.92
1150820,077391,萬海永豐61購01,3.33,2.00
1150820,077392,高鐵永豐61購01,1.64,1.65
1150820,077393,中信金永豐61購03,1.08,1.31
1150820,077394,文曄永豐61購02,2.15,2.70
1150820,077395,緯創永豐61購09,1.94,2.69
1150820,077396,緯創永豐61購10,1.02,1.26
1150820,077397,緯創永豐64購01,,3.19
1150820,077398,明泰永豐61購01,,0.62
1150820,077399,京鼎永豐63購02,0.83,1.08
1150820,077400,群創永豐63購01,,1.24
1150820,077401,宏致永豐61購02,1.89,1.90
1150820,077402,上緯控永豐61購02,1.20,1.21
1150820,077403,臻鼎永豐63購03,0.90,1.05
1150820,077404,祥碩永豐63購03,1.31,1.22
1150820,077405,祥碩永豐67購01,1.82,1.70
1150820,077406,中磊永豐61購02,0.92,1.31
1150820,077407,中租永豐61購02,0.90,0.94
1150820,077408,凌華永豐61購02,0.44,0.61
1150820,077409,力成永豐64購03,1.91,2.15
1150820,077410,光聖永豐61購01,1.63,1.53
1150820,077411,光聖永豐61購02,1.37,1.26
1150820,077412,光聖永豐63購01,1.33,1.25
1150820,077416,保瑞永豐63購01,,1.76
1150820,077417,晶碩永豐61購01,1.05,1.09
1150820,077418,愛普永豐61購01,1.06,1.11
1150820,077419,愛普永豐61購02,,1.65
1150820,077420,愛普永豐61購03,2.09,2.14
1150820,077421,愛普永豐63購01,3.23,3.37
1150820,077422,龍德船永豐61購02,1.10,1.10
1150820,077423,新代永豐61購02,1.33,1.31
1150820,077424,台化國票61購04,,0.85
1150820,077425,長興國票61購02,,2.21
1150820,077426,旺宏國票61購04,1.39,1.55
1150820,077427,敬鵬國票65購01,,0.78
1150820,077428,志聖國票64購01,,0.97
1150820,077429,宏達電國票61購01,1.37,1.43
1150820,077430,玉晶光國票61購02,,2.51
1150820,077431,貿聯國票65購01,,1.33
1150820,077432,貿聯國票66購01,,1.29
1150820,077433,大聯大國票65購01,,0.87
1150820,077434,上品國票63購01,,0.69
1150820,077435,樺漢國票66購01,,1.00
1150820,077436,光聖國票61購01,1.78,1.58
1150820,077437,愛普國票61購01,1.59,1.68
1150820,077438,AES國票61購03,1.04,1.17
1150820,077439,兆聯國票65購01,,1.04
1150820,077440,宇瞻國票66購01,1.44,1.49
1150820,077441,台塑元大61購10,0.83,1.07
1150820,077442,美時元大61購05,1.64,1.50
1150820,077443,大成鋼元大61購02,2.13,1.85
1150820,077444,台積電元大61購70,,1.43
1150820,077445,台積電元大61購71,,1.34
1150820,077446,華邦電元大63購05,1.23,1.22
1150820,077447,華邦電元大64購03,0.82,0.77
1150820,077448,華邦電元大67購02,0.79,0.76
1150820,077449,英業達元大61購04,2.09,2.19
1150820,077450,英業達元大64購05,1.67,1.81
1150820,077451,金像電元大63購07,1.52,1.48
1150820,077452,金像電元大65購01,1.40,1.35
1150820,077453,金像電元大66購01,1.07,1.06
1150820,077454,威盛元大61購05,1.30,1.66
1150820,077455,研華元大61購07,2.43,2.33
1150820,077456,南亞科元大63購12,0.83,0.76
1150820,077457,京元電元大61購23,0.96,1.30
1150820,077458,京元電元大61購24,0.59,0.68
1150820,077459,京元電元大64購07,,0.56
1150820,077460,志聖元大61購02,2.22,2.12
1150820,077461,志聖元大61購03,1.74,1.63
1150820,077462,志聖元大65購01,1.38,1.31
1150820,077463,新興元大61購01,2.97,2.46
1150820,077464,漢翔元大64購01,2.66,2.22
1150820,077465,文曄元大61購04,1.44,1.74
1150820,077466,文曄元大66購01,1.41,1.59
1150820,077467,晶技元大67購02,0.70,0.70
1150820,077468,緯創元大63購02,0.82,0.98
1150820,077469,京鼎元大63購01,,1.15
1150820,077470,群創元大63購10,0.67,0.78
1150820,077471,宏致元大61購05,2.53,2.90
1150820,077472,日月光元大61購10,1.24,1.46
1150820,077473,日月光元大61購11,0.65,0.74
1150820,077474,材料元大61購04,0.63,0.67
1150820,077475,臻鼎元大61購26,1.22,1.35
1150820,077476,樺漢元大61購05,0.31,0.44
1150820,077477,愛普元大61購02,1.05,1.10
1150820,077478,愛普元大61購03,1.65,1.69
1150820,077479,愛普元大61購04,1.46,1.36
1150820,077480,緯穎元大61購21,1.32,1.37
1150820,077481,緯穎元大61購22,1.33,1.30
1150820,077482,緯穎元大63購05,1.60,1.57
1150820,077483,龍德船元大61購02,1.17,1.18
1150820,077484,力積電元大61購09,0.67,0.72
1150820,077485,國喬群益61購02,,0.53
1150820,077486,大成鋼群益61購03,1.76,1.39
1150820,077487,旺宏群益61購06,0.89,1.09
1150820,077488,華邦電群益61購04,1.61,1.59
1150820,077489,華邦電群益61購05,1.20,1.35
1150820,077490,正崴群益61購01,1.33,1.29
1150820,077491,正崴群益61購02,1.31,1.40
1150820,077492,億光群益61購01,1.87,1.64
1150820,077494,友達群益61購04,1.41,1.43
1150820,077495,志聖群益61購01,,3.32
1150820,077496,志聖群益61購02,2.84,2.81
1150820,077497,亞航群益61購03,0.54,0.54
1150820,077498,漢翔群益61購06,2.53,1.96
1150820,077499,奇鋐群益61購07,4.43,4.12
1150820,077500,奇鋐群益61購08,5.80,5.50
1150820,077501,益登群益61購01,,2.20
1150820,077502,益登群益61購02,1.77,2.14
1150820,077503,緯創群益61購04,3.41,4.64
1150820,077504,緯創群益61購05,1.61,2.12
1150820,077505,嘉澤群益61購05,,1.05
1150820,077506,智易群益61購01,0.66,0.84
1150820,077507,碩天群益61購01,,2.50
1150820,077508,貿聯群益61購05,1.43,1.50
1150820,077509,大聯大群益61購01,0.60,1.00
1150820,07750U,華通群益5C售02,,0.03
1150820,077510,康普群益61購03,,1.72
1150820,077511,康普群益61購04,,1.13
1150820,077512,臻鼎群益61購06,0.81,1.01
1150820,077513,飛捷群益61購01,,2.55
1150820,077514,樺漢群益61購04,0.55,0.77
1150820,077515,迅得群益61購01,,0.86
1150820,077516,光聖群益61購01,2.25,2.09
1150820,077517,光聖群益61購02,2.94,2.82
1150820,077518,達發群益61購02,,1.17
1150820,077519,愛普群益61購03,,1.09
1150820,077520,騰輝電群益61購03,,1.37
1150820,077521,長華群益61購01,1.05,1.09
1150820,077522,長華群益61購02,1.09,1.18
1150820,077523,世紀鋼群益63購01,0.43,0.60
1150820,077524,世紀鋼群益63購02,0.88,1.10
1150820,077525,台灣50凱基61購09,,1.67
1150820,077526,台灣50凱基63購11,,1.25
1150820,077527,T50正2凱基63購07,,1.37
1150820,077528,T50正2凱基63購08,,1.35
1150820,077529,元債2X凱基64購01,0.50,0.48
1150820,077530,群臺2X凱基63購01,,1.52
1150820,077531,未來50凱基63購01,1.53,1.52
1150820,077532,華城凱基63購02,4.20,3.83
1150820,077533,上銀凱基61購05,3.85,3.52
1150820,077534,光寶科凱基61購08,4.68,4.68
1150820,077535,華通凱基61購13,3.06,2.54
1150820,077536,華邦電凱基61購06,2.26,2.34
1150820,077537,華邦電凱基61購07,,1.64
1150820,077538,華邦電凱基61購08,,2.15
1150820,077539,華邦電凱基61購09,1.39,1.35
1150820,077540,智邦凱基61購11,1.97,2.47
1150820,077541,華碩凱基61購04,3.03,2.49
1150820,077542,漢唐凱基65購01,1.28,1.53
1150820,077543,超豐凱基61購03,,1.21
1150820,077544,京元電凱基64購05,1.28,1.59
1150820,077545,志聖凱基61購01,1.68,1.63
1150820,077546,志聖凱基61購02,,1.64
1150820,077547,志聖凱基61購03,1.72,1.85
1150820,077548,新興凱基61購01,1.93,1.53
1150820,077549,華航凱基61購01,1.64,1.65
1150820,077550,奇鋐凱基61購18,3.37,3.50
1150820,077551,奇鋐凱基61購19,3.28,3.25
1150820,077552,緯創凱基61購08,1.46,1.80
1150820,077553,新日興凱基61購03,,1.61
1150820,077554,貿聯凱基64購01,0.99,1.31
1150820,077555,神達凱基63購01,1.17,1.25
1150820,077556,日月光凱基61購08,1.64,1.89
1150820,077557,材料凱基61購02,1.89,1.98
1150820,077558,和碩凱基61購01,,1.89
1150820,077559,祥碩凱基61購04,1.31,1.31
1150820,07755U,臺股指富邦5C售09,0.05,0.05
1150820,077560,亞翔凱基61購07,,1.61
1150820,077561,帆宣凱基61購07,1.51,1.68
1150820,077562,光聖凱基61購01,1.51,1.41
1150820,077563,光聖凱基61購02,1.77,1.67
1150820,077564,愛普凱基61購03,2.52,2.79
1150820,077565,愛普凱基61購04,1.64,1.81
1150820,077566,愛普凱基61購05,2.23,2.48
1150820,077567,愛普凱基61購06,,1.82
1150820,077568,愛普凱基61購07,1.67,1.83
1150820,077569,緯穎凱基64購05,2.45,2.56
1150820,077571,台塑富邦61購06,,0.27
1150820,077572,台塑富邦67購01,,0.54
1150820,077573,金寶富邦64購01,0.46,0.58
1150820,077574,旺宏富邦65購01,0.61,0.68
1150820,077575,旺宏富邦67購01,0.68,0.73
1150820,077576,旺宏富邦77購01,0.67,0.71
1150820,077577,華邦電富邦61購01,0.83,0.85
1150820,077578,華邦電富邦63購02,0.88,0.89
1150820,077579,漢翔富邦64購01,0.92,0.78
1150820,07757U,群高息凱基5C售02,,0.14
1150820,077580,智原富邦63購01,0.43,0.47
1150820,077581,晶技富邦67購01,0.87,0.82
1150820,077582,緯創富邦61購06,0.97,1.22
1150820,077583,緯創富邦61購07,0.88,1.11
1150820,077584,緯創富邦64購04,0.94,1.07
1150820,077585,緯創富邦67購02,0.91,1.05
1150820,077586,樺漢富邦64購01,0.41,0.50
1150820,077587,愛普富邦67購01,0.57,0.59
1150820,077590,光寶科台新61購02,12.00,11.27
1150820,077591,光寶科台新63購01,9.65,9.51
1150820,077592,麗正台新61購01,0.91,0.98
1150820,077593,華通台新61購03,6.85,6.48
1150820,077594,華通台新63購01,5.65,5.36
1150820,077595,台積電台新61購12,0.99,1.08
1150820,077596,台積電台新77購01,1.91,1.97
1150820,077597,台積電台新77購02,,1.67
1150820,077598,華邦電台新61購01,7.00,6.82
1150820,077599,華邦電台新64購01,6.15,6.03
1150820,077600,漢翔台新64購01,1.56,1.23
1150820,077601,奇鋐台新61購06,8.80,8.67
1150820,077602,奇鋐台新63購01,,8.04
1150820,077603,聯詠台新61購01,5.65,6.13
1150820,077604,弘憶股台新61購03,1.44,1.54
1150820,077605,宏致台新61購01,1.62,1.91
1150820,077606,宏致台新64購01,,1.65
1150820,077607,貿聯台新61購09,,0.94
1150820,077608,貿聯台新64購02,0.94,1.03
1150820,077609,貿聯台新64購03,,1.45
1150820,077610,定穎控台新61購04,1.28,1.28
1150820,077611,定穎控台新61購05,0.97,1.14
1150820,077612,定穎控台新61購06,,0.90
1150820,077613,材料台新61購02,1.04,1.10
1150820,077614,愛普台新61購01,1.21,1.19
1150820,077615,愛普台新61購02,1.84,1.88
1150820,077616,愛普台新63購01,1.61,1.63
1150820,077617,愛普台新64購01,,1.23
1150820,077618,愛普台新67購01,1.32,1.29
1150820,077619,連加台新61購01,0.91,1.00
1150820,077620,新代台新61購02,1.97,1.95
1150820,077621,臺股指台新64購01,1.20,1.28
1150820,077622,臺股指台新64購02,,0.99
1150820,077623,臺股指台新64購03,0.66,0.71
1150820,077624,瑞昱中信65購01,0.69,0.81
1150820,077625,研華中信61購01,1.48,1.44
1150820,077626,南亞科中信67購03,1.10,1.00
1150820,077627,創見中信61購01,0.69,0.89
1150820,077628,奇鋐中信67購01,1.05,1.02
1150820,077629,聯詠中信61購01,1.00,1.05
1150820,077630,群創中信64購01,0.69,0.81
1150820,077631,T50正2永豐61購10,1.00,1.03
1150820,077633,宏泰永豐61購01,,0.75
1150820,077634,台肥永豐61購01,0.78,0.77
1150820,077635,光寶科永豐61購03,2.39,2.15
1150820,077636,鴻海永豐61購07,,1.89
1150820,077637,華邦電永豐77購01,1.94,2.10
1150820,077638,智邦永豐63購04,1.16,1.43
1150820,077639,海悅永豐61購01,1.42,1.42
1150820,077640,漢唐永豐61購11,1.23,1.57
1150820,077641,南亞科永豐61購08,1.75,1.71
1150820,077642,南亞科永豐61購09,2.81,2.51
1150820,077643,南亞科永豐77購01,6.70,6.48
1150820,077644,京元電永豐61購11,,2.19
1150820,077645,創見永豐61購04,1.67,1.81
1150820,077646,宏璟永豐61購01,1.13,1.25
1150820,077647,華固永豐61購01,0.85,0.88
1150820,077648,長榮永豐63購02,2.31,1.52
1150820,077649,萬海永豐63購02,3.26,1.97
1150820,077650,第一金永豐61購01,,1.01
1150820,077651,智原永豐63購03,0.98,0.95
1150820,077652,凌航永豐61購02,1.33,1.38
1150820,077653,緯創永豐61購11,1.14,1.37
1150820,077654,緯創永豐61購12,0.71,0.86
1150820,077655,緯創永豐63購01,,1.58
1150820,077656,嘉澤永豐61購03,0.54,0.83
1150820,077657,日月光永豐61購10,1.84,2.35
1150820,077658,臻鼎永豐61購06,0.96,1.11
1150820,077659,臻鼎永豐64購03,1.14,1.27
1150820,077660,眾達永豐61購04,1.62,1.50
1150820,077661,豐藝永豐61購01,,0.67
1150820,077662,力成永豐61購07,1.72,2.08
1150820,077663,旭隼永豐61購03,0.56,0.62
1150820,077664,達發永豐61購01,1.05,1.23
1150820,077665,采鈺永豐61購06,0.91,1.10
1150820,077666,睿生永豐64購01,,0.88
1150820,077667,宇瞻永豐61購04,1.49,1.56
1150820,077668,富邦媒永豐61購01,1.52,1.70
1150820,077669,T50反1群益61購02,,0.69
1150820,07766U,國巨群益5C售01,,0.06
1150820,077670,鼎元群益61購01,2.79,1.88
1150820,077671,緯創群益61購06,1.25,1.69
1150820,077672,松翰群益61購02,1.17,1.17
1150820,077673,凌華群益61購02,0.40,0.58
1150820,077674,睿生群益61購01,0.99,1.25
1150820,077675,臺指2X國泰63購01,,1.91
1150820,077676,臺指反國泰64購01,0.58,0.59
1150820,077677,國喬國泰63購01,0.90,0.89
1150820,077678,台積電國泰63購01,2.34,2.46
1150820,077679,台積電國泰63購02,,2.35
1150820,077680,新興國泰63購01,2.64,2.26
1150820,077681,長榮太國泰63購01,0.97,1.14
1150820,077682,奇鋐國泰63購02,3.09,2.97
1150820,077683,奇鋐國泰63購03,2.89,2.73
1150820,077684,智原國泰63購01,,1.26
1150820,077685,飛捷國泰63購01,2.18,2.40
1150820,077686,緯穎國泰63購01,,2.59
1150820,077687,緯穎國泰63購02,2.30,2.28
1150820,077689,富世達國泰63購02,2.03,1.89
1150820,077690,香港2X元大61購01,1.53,1.49
1150820,077691,國企2X元大63購01,,1.19
1150820,077692,台塑元大61購11,1.30,1.38
1150820,077693,麗正元大61購01,1.49,1.60
1150820,077694,台積電元大61購72,1.10,1.27
1150820,077695,台積電元大61購73,1.41,1.52
1150820,077696,台積電元大67購08,1.60,1.62
1150820,077697,華邦電元大63購06,1.47,1.43
1150820,077698,華邦電元大64購04,1.46,1.39
1150820,077699,金像電元大63購08,1.77,1.69
1150820,077700,金像電元大65購02,1.52,1.50
1150820,077701,金像電元大66購02,1.50,1.46
1150820,077702,微星元大61購04,1.03,1.29
1150820,077703,研華元大61購08,2.88,2.61
1150820,077704,漢唐元大61購11,0.65,0.77
1150820,077705,南亞科元大61購23,0.97,0.84
1150820,077706,南亞科元大61購24,1.09,1.00
1150820,077707,鼎元元大61購01,2.20,1.74
1150820,077708,超豐元大61購04,0.69,0.78
1150820,077709,立隆電元大61購07,1.31,1.52
1150820,077710,亞航元大61購04,1.54,1.51
1150820,077711,漢翔元大61購09,2.37,1.81
1150820,077712,漢翔元大64購02,2.07,1.65
1150820,077713,晶技元大61購04,1.81,1.71
1150820,077714,京鼎元大61購06,1.05,1.47
1150820,077715,群創元大65購03,0.71,0.81
1150820,077716,大聯大元大61購03,0.58,0.93
1150820,077717,定穎控元大61購12,0.83,0.95
1150820,077718,臻鼎元大65購03,1.55,1.70
1150820,077719,亞翔元大63購02,1.08,1.33
1150820,077720,精成科元大61購05,0.98,1.11
1150820,077721,帆宣元大61購07,1.58,1.76
1150820,077722,旭隼元大61購06,0.80,0.79
1150820,077723,緯穎元大61購23,1.64,1.60
1150820,077724,緯穎元大61購24,1.55,1.55
1150820,077726,緯穎元大63購06,1.47,1.46
1150820,077727,一詮統一5A購02,,3.03
1150820,077728,騰輝電元大61購05,2.56,2.10
1150820,07772U,欣興中信5A售02,0.02,0.02
1150820,077731,龍德船元大63購02,1.49,1.36
1150820,077732,力積電元大61購10,2.04,2.14
1150820,077734,力積電元大61購11,0.79,0.83
1150820,077736,宇瞻元大61購01,1.79,1.80
1150820,077737,宇瞻元大65購01,1.53,1.54
1150820,077738,世紀鋼元大61購02,,1.25
1150820,077739,元黃金凱基61購09,3.43,2.96
1150820,077741,元油反凱基61購01,1.60,1.85
1150820,077742,元金2X凱基61購09,4.27,3.67
1150820,077743,SGBR2X凱基61購03,,1.48
1150820,077744,道瓊銀凱基61購09,3.49,3.06
1150820,077745,台化凱基65購01,1.04,1.22
1150820,077746,長興凱基61購04,,2.73
1150820,077747,美時凱基61購04,1.84,1.67
1150820,077748,鴻海凱基61購12,,2.00
1150820,077749,仁寶凱基61購02,2.12,2.28
1150820,077750,英業達凱基61購03,,2.28
1150820,077751,金像電凱基65購01,1.18,1.19
1150820,077752,威盛凱基61購03,1.91,2.31
1150820,077755,研華凱基61購06,2.14,2.12
1150820,077756,南亞科凱基61購15,4.74,4.58
1150820,077757,南亞科凱基65購01,,3.31
1150820,077758,友達凱基61購13,1.83,2.07
1150820,077759,鼎元凱基61購01,2.72,1.81
1150820,07775U,FB科技凱基59售01,,0.10
1150820,077760,創見凱基66購01,2.30,2.42
1150820,077761,亞航凱基61購05,,1.03
1150820,077762,漢翔凱基65購01,2.01,1.76
1150820,077763,文曄凱基61購04,1.47,1.92
1150820,077764,晶技凱基67購01,2.70,2.61
1150820,077765,緯創凱基61購09,1.13,1.49
1150820,077766,緯創凱基61購10,1.53,1.93
1150820,077767,京鼎凱基63購01,,0.95
1150820,077768,群創凱基61購10,1.21,1.48
1150820,077769,嘉澤凱基61購08,,1.28
1150820,077770,宏致凱基61購04,2.61,2.61
1150820,077771,大聯大凱基61購02,,1.02
1150820,077772,臻鼎凱基63購06,1.88,2.12
1150820,077773,臻鼎凱基63購07,,1.16
1150820,077774,眾達凱基61購04,1.93,1.68
1150820,077775,飛捷凱基61購01,,1.80
1150820,077776,保瑞凱基61購02,3.68,3.12
1150820,077777,緯穎凱基61購14,2.08,2.20
1150820,077778,龍德船凱基64購02,1.16,1.30
1150820,077779,力積電凱基63購02,2.30,2.31
1150820,077780,宇瞻凱基61購01,2.25,2.28
1150820,077781,世紀鋼凱基61購01,,0.89
1150820,077782,元債2X國票61購01,,0.67
1150820,077784,華通國票69購01,,1.15
1150820,077785,友達國票61購04,1.96,2.01
1150820,077786,鼎元國票65購01,1.52,1.25
1150820,077787,萬海國票65購01,2.01,1.45
1150820,077788,富邦金國票61購01,0.87,0.91
1150820,077789,明泰國票65購01,0.75,0.84
1150820,077790,凌華國票63購01,0.67,0.93
1150820,077791,今國光國票61購02,,1.87
1150820,077792,富邦媒國票65購01,0.85,0.93
1150820,077793,元石油富邦64購01,,0.91
1150820,077794,光寶科富邦61購05,1.13,1.13
1150820,077795,友達富邦67購01,1.07,1.09
1150820,077796,創見富邦63購02,0.70,0.84
1150820,077797,文曄富邦61購01,0.78,0.94
1150820,077798,新唐富邦61購02,,0.50
1150820,077799,松川富邦63購01,0.85,0.83
1150820,077800,東聯台新61購01,0.67,0.70
1150820,077801,東聯台新61購02,0.59,0.57
1150820,077802,緯創台新61購03,1.68,1.97
1150820,077803,緯創台新61購04,2.10,2.68
1150820,077804,鴻海統一67購03,,0.71
1150820,077805,台積電統一67購07,,0.81
1150820,077806,華邦電統一67購01,1.02,1.05
1150820,077807,華碩統一67購01,0.95,0.90
1150820,077808,鼎元統一6C購01,0.76,0.67
1150820,077809,創見統一67購01,,0.77
1150820,077810,志聖統一66購01,,0.61
1150820,077811,志聖統一6C購01,0.60,0.60
1150820,077812,緯創統一63購03,0.53,0.60
1150820,077813,群創統一67購02,0.57,0.66
1150820,077814,光聖統一65購03,0.92,0.84
1150820,077815,光聖統一6A購01,0.88,0.84
1150820,077816,愛普統一67購01,,0.73
1150820,077817,愛普統一69購01,0.69,0.69
1150820,077818,愛普統一6A購01,0.51,0.50
1150820,077819,愛普統一6C購01,0.52,0.52
1150820,077820,富邦媒統一6C購01,0.80,0.83
1150820,077821,亞德客國泰63購01,1.77,2.13
1150820,077822,英業達國泰63購01,,2.57
1150820,077823,大立光國泰63購01,,2.57
1150820,077824,國精化國泰63購01,1.75,1.89
1150820,077825,眾達國泰63購01,2.54,2.21
1150820,077826,今國光國泰63購01,2.08,2.38
1150820,077827,研揚國泰63購01,,1.17
1150820,077828,南亞科中信67購04,1.74,1.61
1150820,077829,緯創中信61購01,0.73,0.87
1150820,077830,嘉澤中信61購01,0.46,0.79
1150820,077831,日月光中信61購02,0.60,0.71
1150820,077832,新唐中信61購01,0.59,0.74
1150820,077833,富世達中信61購01,1.26,1.16
1150820,077834,光寶科永豐63購03,2.24,2.05
1150820,077835,華邦電永豐61購08,1.20,1.22
1150820,077836,華邦電永豐61購09,1.61,1.70
1150820,077837,智邦永豐64購02,1.14,1.46
1150820,077838,所羅門永豐61購03,1.14,1.15
1150820,077839,創見永豐63購02,,1.63
1150820,077840,富邦金永豐63購02,0.97,1.01
1150820,077841,大立光永豐6B購01,,2.11
1150820,077842,大立光永豐73購01,3.02,2.51
1150820,077843,定穎控永豐61購06,,1.20
1150820,077844,力積電永豐64購04,,2.00
1150820,077845,力積電永豐67購01,,2.63
1150820,077846,力積電永豐67購02,2.17,2.31
1150820,077847,來億永豐61購01,0.64,0.89
1150820,077848,來億永豐61購02,0.67,0.75
1150820,077849,福懋科永豐63購01,1.20,1.32
1150820,077850,元黃金群益61購03,1.90,1.65
1150820,077852,元金2X群益61購04,1.29,1.08
1150820,077853,SGBR2X群益61購03,3.21,2.75
1150820,077855,美時群益61購01,2.39,2.20
1150820,077856,台玻群益61購04,2.11,2.05
1150820,077857,仁寶群益61購01,2.50,2.66
1150820,077858,台積電群益61購18,,3.02
1150820,077859,台積電群益61購19,,2.31
1150820,077860,金像電群益64購02,1.10,1.15
1150820,077861,南亞科群益61購12,1.37,1.15
1150820,077862,友達群益61購05,3.34,3.47
1150820,077863,大立光群益61購05,,2.43
1150820,077864,文曄群益61購01,2.27,2.74
1150820,077865,緯創群益61購07,2.84,3.46
1150820,077866,京鼎群益61購03,1.73,2.28
1150820,077867,群創群益61購07,1.94,2.34
1150820,077868,嘉澤群益61購06,1.50,2.82
1150820,077869,國精化群益61購02,,2.23
1150820,077870,臻鼎群益61購07,1.48,1.77
1150820,077871,騰輝電群益61購04,,1.51
1150820,077872,龍德船群益61購04,,2.48
1150820,077873,力積電群益61購06,2.05,2.06
1150820,077874,力積電群益61購07,4.92,5.12
1150820,077875,勤誠群益61購03,1.11,1.52
1150820,077876,台塑凱基61購06,1.19,1.43
1150820,077877,長興凱基61購05,2.64,2.67
1150820,077878,台玻凱基61購05,2.35,2.45
1150820,077879,華通凱基63購06,,2.53
1150820,077880,鴻海凱基63購06,1.26,1.81
1150820,077881,台積電凱基61購24,,1.34
1150820,077882,台積電凱基61購25,1.07,1.14
1150820,077883,台積電凱基61購26,,2.25
1150820,077884,華邦電凱基63購02,2.65,2.65
1150820,077885,微星凱基61購02,,1.37
1150820,077886,漢唐凱基64購02,1.46,1.71
1150820,077887,南亞科凱基61購16,,3.61
1150820,077888,立隆電凱基61購10,,1.39
1150820,077889,長榮凱基67購01,3.13,2.40
1150820,077890,萬海凱基61購02,5.05,2.86
1150820,077891,大立光凱基65購01,4.51,3.29
1150820,077892,大立光凱基67購01,4.38,3.10
1150820,077893,緯創凱基61購12,,2.34
1150820,077894,日月光凱基63購04,1.58,1.87
1150820,077895,定穎控凱基61購11,1.30,1.55
1150820,077896,國精化凱基61購03,1.39,1.74
1150820,077897,臻鼎凱基61購15,1.07,1.17
1150820,077899,旭隼凱基61購06,,1.12
1150820,077900,緯穎凱基63購02,2.19,2.19
1150820,077901,騰輝電凱基61購06,2.22,1.77
1150820,077902,AES凱基61購05,1.65,1.88
1150820,077903,至上凱基63購01,2.05,1.94
1150820,077904,台灣50元大61購10,1.59,1.67
1150820,077905,T50正2元大61購09,1.42,1.51
1150820,077906,T50反1元大61購08,0.90,0.96
1150820,077907,T50反1元大61購09,,0.97
1150820,077908,元債2X元大63購02,0.95,0.92
1150820,077909,元債2X元大63購03,1.17,1.12
1150820,077910,SGBR2X元大63購01,2.52,2.46
1150820,077911,SGBR2X元大63購02,2.50,2.16
1150820,077912,遠東新元大61購03,1.65,1.35
1150820,077913,東聯元大61購03,0.70,0.71
1150820,077914,台積電元大61購75,,1.05
1150820,077915,台積電元大61購76,1.12,1.19
1150820,077916,台積電元大67購09,1.53,1.57
1150820,077917,華邦電元大61購07,1.92,1.85
1150820,077918,華邦電元大61購08,1.86,1.80
1150820,077919,華邦電元大63購07,1.65,1.59
1150820,07791U,道瓊銀群益5A售02,0.66,0.91
1150820,077920,華邦電元大64購05,1.49,1.49
1150820,077921,佳世達元大61購03,1.61,1.61
1150820,077922,所羅門元大61購05,1.56,1.45
1150820,077923,金像電元大61購19,2.30,2.17
1150820,077924,微星元大61購05,1.05,1.32
1150820,077925,瑞昱元大61購07,1.21,1.40
1150820,077926,威盛元大61購06,1.41,1.64
1150820,077927,研華元大61購09,2.85,2.70
1150820,077928,南亞科元大61購25,2.68,2.54
1150820,077929,南亞科元大61購26,2.78,2.50
1150820,077930,南亞科元大61購27,2.78,2.57
1150820,077931,友達元大61購21,2.02,2.08
1150820,077932,志聖元大61購04,,1.94
1150820,077933,立隆電元大61購08,1.33,1.59
1150820,077934,陽明元大65購01,2.44,1.83
1150820,077935,萬海元大61購01,3.67,2.15
1150820,077936,漢翔元大61購10,2.37,1.90
1150820,077937,漢翔元大64購03,1.05,0.89
1150820,077938,長榮太元大61購06,0.52,0.59
1150820,077939,大立光元大61購20,3.06,2.20
1150820,077940,奇鋐元大61購36,2.12,2.03
1150820,077941,奇鋐元大61購37,2.83,2.54
1150820,077942,奇鋐元大61購38,,2.40
1150820,077943,奇鋐元大63購04,1.68,1.61
1150820,077944,晶技元大61購05,1.86,1.83
1150820,077945,宏致元大61購06,,3.51
1150820,077946,日月光元大61購12,1.58,1.77
1150820,077947,臻鼎元大61購27,1.56,1.72
1150820,077948,臻鼎元大65購04,1.51,1.84
1150820,077949,亞翔元大61購10,1.35,1.50
1150820,077950,旭隼元大61購07,0.82,0.78
1150820,077951,緯穎元大61購26,1.24,1.23
1150820,077952,緯穎元大61購27,1.66,1.66
1150820,077953,緯穎元大63購07,,1.74
1150820,077954,緯穎元大64購03,1.77,1.77
1150820,077955,龍德船元大61購03,1.33,1.26
1150820,077956,力積電元大61購12,2.17,2.28
1150820,077957,力積電元大61購13,,2.00
1150820,077958,富世達元大61購02,1.80,1.64
1150820,077959,臺股指元大61購35,,1.78
1150820,077960,臺股指元大61購36,1.20,1.30
1150820,077961,臺股指元大61購37,,1.42
1150820,077962,臺股指元大63購27,1.53,1.62
1150820,077963,鼎元統一65購01,1.04,0.84
1150820,077964,宏致統一67購02,0.80,0.90
1150820,077966,T50反1國票61購01,,1.61
1150820,077967,T50反1國票61購02,,1.74
1150820,077968,元黃金國票61購01,3.09,2.61
1150820,077969,元黃金國票61購02,2.15,1.85
1150820,077970,SGBR2X國票61購03,,1.95
1150820,077971,連加統一5A購01,,0.15
1150820,077972,聯成國票65購01,0.73,0.75
1150820,077973,台化國票61購05,,1.43
1150820,077974,華榮國票65購01,1.21,1.23
1150820,077975,華泰國票64購01,,1.18
1150820,077976,凱美國票61購03,1.26,1.41
1150820,077977,研華國票61購02,3.46,3.41
1150820,077978,健鼎國票65購01,1.39,1.24
1150820,077979,十銓國票61購02,,3.00
1150820,077980,界霖國票61購02,0.89,0.93
1150820,077981,佳必琪國票61購02,1.62,1.77
1150820,077982,愛普國票61購02,2.73,2.82
1150820,077983,惠特國票67購01,,1.00
1150820,077984,力積電國票61購05,2.77,2.83
1150820,077985,天虹國票61購01,1.58,1.75
1150820,077986,天虹國票61購02,,1.86
1150820,077988,上証2X富邦64購01,0.68,0.80
1150820,077989,滬深2X富邦61購03,0.68,0.85
1150820,07798U,力積電中信5A售03,,0.30
1150820,077990,台玻富邦61購02,0.83,0.81
1150820,077991,金像電富邦64購02,0.79,0.75
1150820,077992,義隆富邦61購02,0.35,0.45
1150820,077993,志聖富邦61購01,0.74,0.68
1150820,077994,立隆電富邦61購03,0.43,0.57
1150820,077995,大立光富邦63購04,,1.24
1150820,077996,聯詠富邦61購02,0.68,0.74
1150820,077997,京鼎富邦61購02,,0.62
1150820,077998,群創富邦63購03,0.54,0.70
1150820,077999,日月光富邦61購06,0.53,0.64
1150820,078000,帆宣富邦61購02,,0.64
1150820,078001,富世達富邦63購02,1.61,1.45
1150820,078002,致新富邦61購01,0.58,0.64
1150820,078003,宇瞻富邦63購01,0.78,0.81
1150820,078004,華通台新67購01,3.14,2.97
1150820,078007,華通台新67購02,2.99,2.85
1150820,078008,仁寶台新61購02,1.14,1.21
1150820,078009,台積電凱基64購04,,25.00
1150820,078010,華邦電台新67購01,3.28,3.15
1150820,078011,華邦電台新67購02,2.91,2.71
1150820,078012,志聖台新61購01,2.01,1.97
1150820,078013,奇鋐台新67購03,4.40,4.12
1150820,078014,奇鋐台新67購04,3.56,3.47
1150820,078015,晶技台新61購06,1.56,1.45
1150820,078016,晶技台新61購07,2.42,2.26
1150820,078017,晶技台新61購08,1.83,1.86
1150820,078018,盛群台新61購01,1.68,1.97
1150820,078019,捷敏台新61購04,1.32,1.33
1150820,078020,愛普台新61購03,1.43,1.38
1150820,078021,華邦電中信6B購01,1.74,1.74
1150820,078022,漢唐中信62購01,0.96,1.18
1150820,078023,南亞科中信6B購01,1.77,1.63
1150820,078024,力積電中信65購01,1.52,1.62
1150820,078025,國喬群益62購01,1.33,1.37
1150820,078026,中砂群益62購01,1.69,1.73
1150820,078027,華泰群益62購01,,2.57
1150820,078028,旺宏群益62購01,1.81,2.12
1150820,078029,旺宏群益62購02,2.28,2.60
1150820,078030,敬鵬群益62購01,2.03,2.12
1150820,078031,金像電群益62購01,2.64,2.54
1150820,078032,京元電群益62購05,1.52,1.79
1150820,078033,京元電群益63購03,,1.99
1150820,078034,兆赫群益62購01,,1.85
1150820,078035,大立光群益62購03,,2.38
1150820,078036,亞光群益62購01,1.55,1.62
1150820,078037,群創群益62購01,1.72,2.00
1150820,078038,定穎控群益62購01,1.49,1.78
1150820,078039,臻鼎群益62購01,2.53,2.84
1150820,078040,亞翔群益62購02,1.83,2.13
1150820,078041,南茂群益62購01,2.84,3.20
1150820,078042,T50反1凱基62購02,,0.80
1150820,078043,台化凱基62購01,1.26,1.42
1150820,078044,美時凱基62購01,2.20,2.05
1150820,078046,鴻海凱基62購02,2.17,2.75
1150820,078047,仁寶凱基62購01,2.17,2.32
1150820,078048,台積電凱基62購03,1.25,1.24
1150820,078049,台積電凱基62購04,1.78,2.08
1150820,078050,台積電凱基63購18,1.44,1.44
1150820,078051,華邦電凱基62購01,2.96,2.86
1150820,078052,所羅門凱基62購01,2.07,1.75
1150820,078053,金像電凱基63購04,,2.92
1150820,078054,瑞昱凱基65購02,1.44,2.14
1150820,078055,漢唐凱基62購01,,1.67
1150820,078056,南亞科凱基67購01,3.70,3.45
1150820,078057,友達凱基62購01,2.29,2.41
1150820,078058,志聖凱基63購01,1.23,1.37
1150820,078059,陽明凱基65購01,3.07,2.30
1150820,078060,漢翔凱基62購01,1.73,1.60
1150820,078061,長榮太凱基62購01,1.68,1.94
1150820,078062,大立光凱基65購02,,3.23
1150820,078063,奇鋐凱基62購02,2.67,2.85
1150820,078064,奇鋐凱基62購03,,3.89
1150820,078065,晶技凱基62購01,,2.54
1150820,078066,京鼎凱基62購01,1.21,2.08
1150820,078067,群創凱基62購01,1.84,2.29
1150820,078068,嘉澤凱基62購01,1.22,2.17
1150820,078069,宏致凱基62購01,,3.00
1150820,078070,日月光凱基62購01,2.15,2.48
1150820,078071,臻鼎凱基62購01,2.64,2.67
1150820,078072,十銓凱基62購01,,3.48
1150820,078073,亞翔凱基62購02,,2.83
1150820,078074,今國光凱基62購01,1.60,1.95
1150820,078075,力成凱基62購01,3.23,3.39
1150820,078076,愛普凱基62購01,4.48,4.58
1150820,078077,緯穎凱基62購01,4.35,4.15
1150820,078078,龍德船凱基62購01,1.85,1.73
1150820,078079,力積電凱基62購03,,2.89
1150820,078080,富世達凱基62購01,3.11,2.78
1150820,078081,南茂凱基62購01,2.67,2.85
1150820,078082,華城永豐63購03,2.06,1.86
1150820,078083,友達永豐67購02,9.15,9.27
1150820,078084,亞翔永豐62購01,,1.44
1150820,078085,南茂永豐62購01,1.30,1.44
1150820,078086,台化國泰63購01,1.13,1.22
1150820,078087,台化國泰63購02,,1.05
1150820,078088,台積電國泰63購03,1.71,1.82
1150820,078089,旺宏國泰63購01,,2.70
1150820,078090,旺宏國泰63購02,2.17,2.44
1150820,078091,漢唐國泰63購01,1.40,1.63
1150820,078092,南亞科國泰63購05,3.71,3.45
1150820,078093,南亞科國泰63購06,,3.60
1150820,078094,南亞科國泰63購07,3.30,3.11
1150820,078095,京元電國泰63購01,,0.95
1150820,078096,晟銘電國泰63購01,,1.39
1150820,078097,威強電國泰63購01,2.22,2.48
1150820,078098,中磊國泰63購01,0.91,1.31
1150820,078099,亞翔國泰63購01,,1.82
1150820,078100,亞翔國泰63購02,,1.58
1150820,078101,精誠國泰63購01,2.55,1.82
1150820,078102,南茂國泰63購02,,2.95
1150820,078103,S&P反1國票62購01,,0.42
1150820,078104,長興國票62購01,,2.87
1150820,078105,台積電國票62購02,1.70,1.88
1150820,078106,台積電國票63購04,1.77,1.86
1150820,078107,台積電國票63購05,1.43,1.60
1150820,078108,台積電國票63購06,,1.80
1150820,078109,華邦電國票62購02,1.77,1.79
1150820,078110,金像電國票66購01,2.06,1.94
1150820,078111,漢唐國票65購01,0.87,0.99
1150820,078112,南亞科國票62購02,,2.26
1150820,078113,智原國票62購02,,0.89
1150820,078114,日月光國票62購02,1.19,1.33
1150820,078115,定穎控國票65購03,,1.02
1150820,078116,國精化國票62購01,1.89,2.21
1150820,078117,啟碁國票62購02,,1.25
1150820,078118,光聖國票62購01,2.19,1.95
1150820,078119,愛普國票62購01,3.30,3.10
1150820,078120,愛普國票63購01,2.95,2.97
1150820,078121,緯穎國票62購03,1.67,1.63
1150820,078122,來億國票62購01,0.99,1.16
1150820,078123,至上國票65購01,1.65,1.63
1150820,078124,南茂國票66購01,1.54,1.71
1150820,078125,華城富邦63購03,1.18,1.08
1150820,078126,華邦電富邦62購02,1.15,1.20
1150820,078127,華邦電富邦62購03,1.08,1.07
1150820,078128,英業達富邦62購01,0.67,0.84
1150820,078129,所羅門富邦63購01,1.00,0.98
1150820,078130,矽統富邦63購03,,0.75
1150820,078131,技嘉富邦62購01,0.76,0.84
1150820,078132,研華富邦65購01,1.18,1.14
1150820,078133,南亞科富邦63購08,1.03,0.95
1150820,078134,南亞科富邦63購09,0.90,0.82
1150820,078135,京元電富邦63購01,0.54,0.64
1150820,078136,華航富邦62購01,,0.58
1150820,078137,玉山金富邦65購01,0.53,0.71
1150820,078138,元大金富邦62購01,0.58,0.77
1150820,078139,永豐金富邦65購01,0.61,0.64
1150820,078140,中信金富邦62購01,0.57,0.78
1150820,078141,晶豪科富邦63購03,0.97,0.97
1150820,078142,大立光富邦63購05,,1.34
1150820,078143,奇鋐富邦63購05,1.70,1.76
1150820,078144,亞光富邦62購02,0.80,0.84
1150820,078147,新日興富邦63購04,,0.82
1150820,078148,玉晶光富邦63購06,,1.04
1150820,078149,定穎控富邦63購04,0.63,0.78
1150820,07814U,臺股指中信5B售02,0.03,0.03
1150820,078150,定穎控富邦63購05,0.66,0.77
1150820,078151,臻鼎富邦63購05,0.69,0.80
1150820,078152,啟碁富邦63購01,0.64,0.74
1150820,078153,緯穎富邦63購04,1.62,1.55
1150820,078154,力智富邦63購05,,0.68
1150820,078155,力智富邦63購06,0.57,0.68
1150820,078156,力積電富邦63購04,1.11,1.19
1150820,078157,AES富邦63購03,0.93,1.03
1150820,078158,泰金寶富邦63購05,0.76,0.78
1150820,078159,泰金寶富邦65購01,,0.73
1150820,07815U,臺股指中信5B售03,,0.35
1150820,078161,T50正2台新62購05,,1.18
1150820,078162,元金2X台新62購01,2.76,2.34
1150820,078163,元金2X台新62購02,1.79,1.57
1150820,078164,道瓊銀台新62購01,1.89,1.68
1150820,078165,道瓊銀台新62購02,1.48,1.48
1150820,078166,美費半台新62購01,1.48,1.65
1150820,078167,金像電台新62購01,,2.62
1150820,078168,京元電台新62購01,2.34,2.81
1150820,078169,遠傳台新62購01,1.02,1.02
1150820,078170,力積電台新62購01,3.90,4.20
1150820,078171,台灣50元大62購01,,1.57
1150820,078172,台塑元大62購01,0.63,0.62
1150820,078173,儒鴻元大62購04,1.14,1.39
1150820,078174,中興電元大67購01,1.67,1.72
1150820,078175,美時元大62購01,1.49,1.54
1150820,078176,中鋼元大66購04,2.31,2.27
1150820,078177,中鋼元大67購03,1.61,1.64
1150820,078178,大成鋼元大62購01,2.09,1.77
1150820,078179,鴻海元大62購08,1.71,2.09
1150820,078180,鴻海元大62購09,1.74,2.07
1150820,078181,台積電元大62購11,1.24,1.30
1150820,078182,台積電元大62購12,,1.36
1150820,078183,台積電元大62購13,1.38,1.44
1150820,078184,華邦電元大62購02,1.92,1.94
1150820,078185,華邦電元大62購03,2.07,2.09
1150820,078186,順德元大62購01,2.35,2.17
1150820,078187,所羅門元大62購01,1.86,1.58
1150820,078188,微星元大62購02,1.03,1.34
1150820,078189,研華元大62購01,0.99,0.97
1150820,078190,南亞科元大62購01,2.84,2.65
1150820,078191,創見元大62購01,2.28,2.46
1150820,078192,創見元大62購02,1.61,1.80
1150820,078193,創見元大62購03,0.79,0.88
1150820,078194,志聖元大62購01,2.03,1.94
1150820,078195,華航元大62購01,,1.18
1150820,078196,國泰金元大62購03,,0.72
1150820,078197,德律元大62購01,2.23,2.50
1150820,078198,德律元大62購02,0.68,0.81
1150820,078199,晶技元大66購05,2.48,2.36
1150820,078200,緯創元大62購04,1.41,1.67
1150820,078201,京鼎元大67購01,1.52,1.79
1150820,078202,群創元大62購05,1.58,1.83
1150820,078203,群創元大62購06,1.78,2.05
1150820,078204,宏致元大62購01,3.21,3.39
1150820,078205,大聯大元大62購01,0.68,1.05
1150820,078206,日月光元大62購03,2.27,2.50
1150820,078207,定穎控元大62購01,0.99,1.16
1150820,078208,國精化元大62購01,,2.47
1150820,078209,臻鼎元大62購03,2.12,2.28
1150820,078210,中磊元大62購02,0.98,1.27
1150820,078211,力成元大62購02,1.66,1.86
1150820,078212,保瑞元大62購01,2.15,1.93
1150820,078213,緯穎元大62購02,1.57,1.55
1150820,078214,緯穎元大62購03,2.22,2.16
1150820,078215,龍德船元大62購01,1.25,1.28
1150820,078216,龍德船元大62購02,0.92,0.89
1150820,078217,松川元大62購01,2.71,2.23
1150820,078218,南茂元大62購01,1.62,1.70
1150820,078219,宇瞻元大62購01,0.80,0.81
1150820,078220,晶豪科中信65購01,1.97,2.27
1150820,078221,台塑化中信62購01,0.65,0.59
1150820,078222,台股增永豐64購01,4.12,4.15
1150820,078223,華榮永豐65購01,,1.65
1150820,078224,鴻海永豐63購03,1.60,1.83
1150820,078225,鴻海永豐64購04,,1.60
1150820,078226,中環永豐64購02,1.38,1.36
1150820,078227,華邦電永豐64購04,1.82,2.26
1150820,078228,華邦電永豐65購04,,1.99
1150820,078229,佳能永豐64購01,,1.78
1150820,078230,南亞科永豐65購03,2.12,1.97
1150820,078231,京元電永豐63購02,2.20,2.52
1150820,078232,兆赫永豐65購01,1.58,1.68
1150820,078233,新興永豐62購01,1.69,1.31
1150820,078234,大立光永豐65購02,,1.53
1150820,078236,智原永豐64購03,,1.49
1150820,078237,台塑化永豐62購01,0.71,0.95
1150820,078238,東元國泰63購01,2.17,1.94
1150820,078239,鴻海國泰66購01,2.42,2.95
1150820,078242,漢唐國泰63購02,1.68,1.95
1150820,078243,志聖國泰64購01,,3.10
1150820,078244,立隆電國泰63購01,,2.55
1150820,078245,京鼎國泰63購01,2.25,2.58
1150820,078246,嘉澤國泰63購01,1.17,1.76
1150820,078247,祥碩國泰63購01,1.79,1.85
1150820,078248,龍德船國泰63購01,2.23,2.26
1150820,078249,至上國泰63購01,2.05,2.04
1150820,078250,至上國泰63購02,,1.79
1150820,078251,台泥國票64購01,1.04,1.02
1150820,078252,永光國票64購01,,1.60
1150820,078253,台玻國票67購01,2.28,2.32
1150820,078254,華通國票64購01,1.91,1.83
1150820,078255,矽統國票66購01,,1.59
1150820,078256,金像電國票64購02,2.77,2.51
1150820,078257,菱生國票64購01,,1.99
1150820,078258,志聖國票66購01,,1.59
1150820,078259,立隆電國票64購02,,1.84
1150820,078260,奇鋐國票64購02,2.05,2.04
1150820,078261,德律國票65購01,,1.47
1150820,078262,晶技國票64購02,,1.56
1150820,078263,緯創國票64購01,,1.35
1150820,078264,京鼎國票64購02,,1.63
1150820,078265,牧德國票64購02,,1.67
1150820,078266,帆宣國票66購01,,1.68
1150820,078267,富世達國票64購02,,1.75
1150820,078268,松川國票66購01,1.92,1.95
1150820,078269,宇瞻國票64購01,1.25,1.41
1150820,07826U,欣興凱基58售02,0.48,0.39
1150820,078270,元黃金元大63購01,2.18,1.93
1150820,078271,滬深2X元大63購07,,1.87
1150820,078272,滬深2X元大63購08,2.17,2.47
1150820,078273,中502X元大63購01,2.22,2.38
1150820,078274,美費半元大63購01,2.01,2.28
1150820,078275,台塑元大64購02,,0.68
1150820,078276,大成鋼元大64購01,1.18,1.06
1150820,078277,華通元大63購05,3.00,2.86
1150820,078278,華通元大63購06,2.70,2.55
1150820,078279,華通元大64購05,1.09,1.03
1150820,07827U,道瓊銀中信5A售01,0.84,1.09
1150820,078280,鴻海元大63購12,1.48,1.76
1150820,078281,鴻海元大64購17,1.38,1.61
1150820,078282,台積電元大63購16,1.55,1.63
1150820,078283,台積電元大63購17,1.57,1.66
1150820,078284,台積電元大64購19,1.05,1.09
1150820,078285,華碩元大64購01,2.69,2.37
1150820,078286,微星元大64購05,0.65,0.76
1150820,078287,研華元大64購02,2.16,2.01
1150820,078288,南亞科元大64購07,,0.99
1150820,078289,超豐元大64購01,,1.70
1150820,078290,志聖元大64購01,1.91,1.91
1150820,078291,立隆電元大64購01,,0.81
1150820,078292,鉅祥元大64購03,1.28,1.33
1150820,078293,萬海元大64購01,2.89,1.81
1150820,078294,長榮航元大63購01,0.78,0.82
1150820,078295,晶豪科元大64購03,2.78,2.70
1150820,078296,大立光元大64購05,2.11,1.59
1150820,078297,緯創元大63購03,1.56,1.86
1150820,078298,緯創元大64購02,0.71,0.84
1150820,078299,群創元大64購06,1.99,2.24
1150820,078300,日月光元大64購04,2.31,2.50
1150820,078301,定穎控元大64購01,2.24,2.53
1150820,078302,臻鼎元大64購03,2.05,2.17
1150820,078303,十銓元大63購02,3.13,3.16
1150820,078304,十銓元大64購01,1.13,1.16
1150820,078305,亞翔元大64購05,2.23,2.41
1150820,078306,佳必琪元大64購02,1.61,1.92
1150820,078307,台塑化元大64購01,0.67,0.63
1150820,078308,緯穎元大63購08,1.93,1.90
1150820,078309,緯穎元大64購04,1.96,1.93
1150820,078310,力積電元大64購02,2.42,2.55
1150820,078311,汎銓元大64購01,2.28,2.26
1150820,078312,宇瞻元大64購01,0.73,0.74
1150820,078313,T50正2台新65購03,2.03,2.12
1150820,078314,上証2X台新62購01,1.12,1.29
1150820,078315,台股增台新62購02,2.52,2.50
1150820,078316,東元台新62購01,2.34,2.06
1150820,078317,長興台新62購02,,2.31
1150820,078318,台積電台新62購09,,1.16
1150820,078320,鴻準台新62購01,2.09,2.20
1150820,078321,矽統台新62購01,1.56,1.75
1150820,078322,漢唐台新62購02,,1.56
1150820,078323,南亞科台新62購05,,1.74
1150820,078324,南亞科台新62購06,,1.89
1150820,078325,可成台新62購01,1.94,1.79
1150820,078326,普安台新62購01,,2.76
1150820,078327,大立光台新68購01,5.95,4.24
1150820,078328,群創台新62購02,,1.71
1150820,078329,臺股指台新65購01,,2.30
1150820,078330,臺股指台新65購02,1.71,1.78
1150820,078331,元黃金群益62購06,2.80,2.20
1150820,078333,鴻海群益62購05,1.61,2.02
1150820,078334,台積電群益62購09,,1.96
1150820,078335,台積電群益62購10,,2.27
1150820,078336,台積電群益62購11,4.09,4.98
1150820,078339,漢翔群益62購01,3.33,2.56
1150820,078340,群創群益62購02,2.11,2.63
1150820,078341,嘉澤群益62購01,1.22,2.03
1150820,078342,臻鼎群益62購02,,2.29
1150820,078343,致新群益62購01,,1.50
1150820,078344,至上群益62購01,3.26,3.32
1150820,078345,台灣50凱基63購12,2.44,2.58
1150820,078346,金寶凱基63購01,1.89,2.20
1150820,078347,鴻海凱基63購07,2.19,2.74
1150820,078348,華泰凱基63購01,2.21,2.58
1150820,078349,台積電凱基63購19,,1.73
1150820,078350,台積電凱基63購20,1.65,1.90
1150820,078351,台積電凱基64購12,1.41,1.40
1150820,078352,旺宏凱基63購01,,2.13
1150820,078353,華邦電凱基63購04,,3.40
1150820,078355,金像電凱基63購05,,4.22
1150820,078356,微星凱基63購01,1.24,1.58
1150820,078357,南亞科凱基63購05,,3.68
1150820,078358,超豐凱基63購01,,2.58
1150820,078359,京元電凱基63購01,1.21,1.85
1150820,078360,創見凱基63購02,2.36,2.51
1150820,078361,兆赫凱基63購01,3.03,3.16
1150820,078364,德律凱基63購02,,1.83
1150820,078365,智原凱基63購01,,1.80
1150820,078367,緯創凱基63購02,1.79,2.16
1150820,078368,大聯大凱基63購01,1.15,1.61
1150820,078369,日月光凱基63購05,,3.25
1150820,078370,臻鼎凱基63購08,,2.33
1150820,078371,中磊凱基63購01,1.18,1.63
1150820,078372,緯穎凱基64購06,3.41,3.41
1150820,078373,力積電凱基63購03,,3.76
1150820,078374,汎銓凱基63購01,2.50,2.57
1150820,078375,汎銓凱基63購02,2.68,2.71
1150820,078376,松川凱基63購01,3.12,2.83
1150820,078377,矽創凱基63購01,1.95,2.23
1150820,078378,至上凱基64購01,3.29,3.28
1150820,078379,南茂凱基63購03,,2.59
1150820,078380,宇瞻凱基66購01,1.70,1.75
1150820,078381,臺股指凱基63購23,3.62,3.64
1150820,078382,台灣50富邦62購07,,1.58
1150820,078383,台灣50富邦64購08,1.45,1.51
1150820,078384,台股增富邦62購01,,2.27
1150820,078385,所羅門富邦63購02,0.99,0.90
1150820,078386,金像電富邦62購01,,1.42
1150820,078387,陽明富邦63購02,1.21,0.88
1150820,078388,亞航富邦63購02,,0.79
1150820,078389,德律富邦63購02,1.00,1.16
1150820,078390,智原富邦63購02,0.69,0.79
1150820,078391,晶技富邦62購01,1.36,1.35
1150820,078392,牧德富邦63購01,1.04,1.13
1150820,078393,亞翔富邦62購04,,1.41
1150820,078395,今國光富邦64購02,0.81,0.98
1150820,078396,同欣電富邦63購02,,1.06
1150820,078397,同欣電富邦64購02,0.96,0.98
1150820,078398,台塑化富邦64購02,0.79,0.72
1150820,078399,台塑化富邦65購01,0.77,0.72
1150820,078400,惠特富邦64購02,0.97,0.99
1150820,078401,力積電富邦62購04,1.53,1.46
1150820,078402,南茂富邦62購01,1.01,1.05
1150820,078403,南茂富邦62購02,0.77,0.93
1150820,078405,臺股指富邦62購10,,1.26
1150820,078407,臺股指富邦63購16,,1.44
1150820,078408,臺股指富邦68購03,,1.57
1150820,078409,旺宏中信64購01,0.99,1.11
1150820,078410,智邦中信62購03,0.80,0.99
1150820,078411,台化永豐63購02,,2.15
1150820,078412,華新永豐63購01,3.33,3.52
1150820,078413,上銀永豐63購01,,4.58
1150820,078414,華通永豐63購03,2.28,2.21
1150820,078415,鴻海永豐62購01,,2.06
1150820,078416,華泰永豐63購01,,0.92
1150820,078417,旺宏永豐63購01,1.78,2.02
1150820,078418,旺宏永豐63購02,2.77,3.08
1150820,078419,旺宏永豐64購01,4.47,4.98
1150820,07841U,力積電永豐59售02,,0.06
1150820,078420,旺宏永豐65購01,2.38,2.71
1150820,078421,華邦電永豐64購05,,1.98
1150820,078422,金像電永豐63購03,,3.28
1150820,078423,金像電永豐63購04,,3.44
1150820,078424,凱美永豐63購01,1.20,1.28
1150820,078425,漢唐永豐63購02,,0.90
1150820,078426,漢唐永豐63購03,3.32,3.90
1150820,078427,萬海永豐65購01,2.84,1.76
1150820,078428,奇鋐永豐64購12,,2.96
1150820,078429,文曄永豐63購01,1.79,2.07
1150820,078430,晶技永豐63購03,1.85,1.76
1150820,078431,晶技永豐65購01,2.69,2.79
1150820,078432,日月光永豐63購02,3.26,3.47
1150820,078433,日月光永豐64購02,3.07,3.82
1150820,078434,力成永豐63購04,2.95,3.03
1150820,078435,力成永豐64購04,,2.23
1150820,078436,同欣電永豐63購01,3.44,3.53
1150820,078437,訊芯永豐63購01,,1.83
1150820,078438,訊芯永豐64購01,4.02,3.98
1150820,078439,訊芯永豐65購01,2.30,2.35
1150820,078440,緯穎永豐63購04,,3.70
1150820,078441,富世達永豐63購03,,3.00
1150820,078442,至上永豐63購02,2.30,2.23
1150820,078443,京元電統一6A購02,0.87,0.94
1150820,078444,訊芯統一66購02,0.60,0.61
1150820,078445,訊芯統一71購01,1.11,1.12
1150820,078446,訊芯統一71購02,1.04,1.05
1150820,078447,台塑化統一66購01,0.60,0.59
1150820,078448,汎銓統一6A購01,1.05,1.08
1150820,078449,宇瞻統一68購01,0.67,0.68
1150820,078450,智邦富邦64購01,1.06,1.22
1150820,078451,智邦富邦64購02,1.17,1.35
1150820,078452,智原富邦63購03,0.91,1.01
1150820,078453,晶技富邦62購02,1.32,1.30
1150820,078454,康舒富邦62購01,,1.12
1150820,078456,南茂富邦62購03,,1.26
1150820,078457,台泥元大63購02,1.34,1.31
1150820,078458,華通元大63購07,3.17,3.09
1150820,078459,華通元大64購06,2.75,2.67
1150820,078460,鴻海元大63購13,1.21,1.45
1150820,078461,鴻海元大63購14,1.47,1.64
1150820,078462,台積電元大63購18,1.86,1.96
1150820,078463,台積電元大63購19,,1.65
1150820,078464,台積電元大65購03,,1.19
1150820,078465,華邦電元大63購09,1.86,1.90
1150820,078466,鴻準元大63購04,2.09,2.30
1150820,078467,微星元大64購06,1.44,1.74
1150820,078468,研華元大64購03,,1.62
1150820,078469,南亞科元大63購14,,1.16
1150820,07846U,創意凱基58售01,,0.01
1150820,078470,友達元大64購09,1.37,1.47
1150820,078471,凱基金元大63購01,,1.91
1150820,078472,大立光元大63購20,2.18,1.67
1150820,078473,大立光元大64購06,2.15,1.61
1150820,078474,奇鋐元大64購05,,2.35
1150820,078475,健鼎元大63購01,2.73,2.39
1150820,078476,緯創元大63購04,1.90,2.19
1150820,078477,緯創元大64購03,0.84,0.96
1150820,078478,國精化元大64購01,2.16,2.52
1150820,078479,材料元大64購01,1.33,1.34
1150820,07847U,創意凱基5A售02,0.01,0.06
1150820,078480,臻鼎元大63購10,1.90,2.03
1150820,078481,臻鼎元大64購04,0.88,0.96
1150820,078482,眾達元大63購03,2.21,2.11
1150820,078483,亞翔元大64購06,1.74,2.24
1150820,078484,精成科元大63購01,0.71,0.79
1150820,078485,佳必琪元大64購03,1.47,1.82
1150820,078486,力成元大63購08,2.83,3.06
1150820,078487,力成元大64購01,0.92,0.96
1150820,078488,訊芯元大63購02,2.06,2.08
1150820,078489,台塑化元大64購02,0.69,0.63
1150820,078490,緯穎元大64購05,,2.28
1150820,078491,AES元大64購05,2.70,3.29
1150820,078492,采鈺元大63購04,1.85,2.15
1150820,078493,采鈺元大63購05,1.46,1.76
1150820,078494,采鈺元大64購01,,1.54
1150820,078495,富世達元大63購01,,2.09
1150820,078496,富世達元大64購02,2.27,2.25
1150820,078497,宇瞻元大64購02,1.53,1.56
1150820,078498,國喬國票66購01,0.80,0.81
1150820,078499,順德國票65購01,1.49,1.40
1150820,078500,鼎元國票67購01,1.54,1.36
1150820,078501,健鼎國票67購01,1.57,1.49
1150820,078502,達邁國票65購02,1.08,1.08
1150820,078503,康普國票65購01,1.62,1.84
1150820,078504,盛群國票66購01,,1.76
1150820,078506,訊芯國票65購02,1.58,1.58
1150820,078507,訊芯國票66購01,,1.83
1150820,078508,洋基國票65購01,1.10,1.18
1150820,078509,采鈺國票62購01,2.27,2.44
1150820,078510,南茂國票68購01,1.45,1.57
1150820,078511,台灣50國泰63購01,,3.03
1150820,078512,台灣50國泰63購02,,2.96
1150820,078513,智邦國泰63購01,1.59,1.89
1150820,078514,智邦國泰63購02,1.39,1.69
1150820,078515,智邦國泰63購03,1.47,1.69
1150820,078516,所羅門國泰63購01,2.95,3.07
1150820,078517,日月光國泰63購01,2.78,3.09
1150820,078518,臻鼎國泰63購01,,2.58
1150820,078519,臻鼎國泰63購02,2.09,2.31
1150820,078520,臻鼎國泰63購03,,2.08
1150820,078521,帆宣國泰63購01,2.08,2.28
1150820,078522,光聖國泰63購02,3.98,3.65
1150820,078523,訊芯國泰63購01,3.25,3.41
1150820,078524,AES國泰63購01,1.86,1.97
1150820,078525,勤誠國泰63購01,1.48,1.79
1150820,078526,勤誠國泰63購02,1.26,1.69
1150820,078528,T50正2群益62購05,,2.34
1150820,078529,T50正2群益63購02,,2.19
1150820,078531,T50正2群益65購01,,1.78
1150820,078532,T50反1群益64購01,,1.09
1150820,078533,T50反1群益64購02,,0.76
1150820,078534,臺指2X群益62購02,,3.17
1150820,078536,金像電群益62購03,,3.22
1150820,078537,南亞科群益62購03,3.64,3.66
1150820,078538,創見群益62購01,2.10,2.31
1150820,078539,宏達電群益62購02,1.72,1.79
1150820,078540,訊芯群益62購01,,2.39
1150820,078541,訊芯群益62購02,2.16,2.16
1150820,078542,訊芯群益62購03,2.61,2.64
1150820,078543,訊芯群益62購04,3.05,3.16
1150820,078544,松川群益62購01,2.35,2.11
1150820,078545,美費半凱基63購01,2.97,3.40
1150820,078546,台股增凱基63購04,3.20,3.34
1150820,078547,台塑凱基64購01,2.15,2.17
1150820,078548,台玻凱基63購01,4.30,3.85
1150820,078549,大成鋼凱基63購01,3.24,2.84
1150820,078550,華通凱基64購01,2.34,2.28
1150820,078551,鴻海凱基63購08,2.27,2.95
1150820,078552,鴻海凱基63購09,1.91,2.60
1150820,078553,台積電凱基63購21,1.75,1.94
1150820,078554,台積電凱基63購22,2.38,2.56
1150820,078555,台積電凱基64購13,1.30,1.56
1150820,078556,台積電凱基64購14,,2.34
1150820,078557,華碩凱基63購02,4.43,4.05
1150820,078558,技嘉凱基63購01,2.31,2.69
1150820,078559,研華凱基63購01,2.35,2.32
1150820,078560,南亞科凱基63購07,,1.38
1150820,078562,京元電凱基63購03,2.22,2.58
1150820,078563,京元電凱基63購04,,2.82
1150820,078564,志聖凱基63購02,,2.66
1150820,078565,可成凱基63購01,2.31,2.29
1150820,078566,鉅祥凱基63購01,1.46,1.62
1150820,078567,長榮航凱基63購01,1.19,1.37
1150820,078568,大立光凱基64購02,4.94,3.62
1150820,078569,奇鋐凱基64購02,,4.84
1150820,078570,京鼎凱基63購02,1.78,2.17
1150820,078571,群創凱基65購01,1.54,1.80
1150820,078572,嘉澤凱基63購01,1.35,1.97
1150820,078573,祥碩凱基63購01,1.61,1.64
1150820,078574,亞翔凱基63購03,,2.84
1150820,078575,訊芯凱基63購01,3.93,3.58
1150820,078578,台塑化凱基63購01,,1.13
1150820,078579,台塑化凱基63購02,,1.33
1150820,078581,騰輝電凱基63購01,,3.86
1150820,078582,富世達凱基63購01,3.91,3.93
1150820,078583,台灣50台新65購01,3.38,3.49
1150820,078584,台股增台新62購03,,2.13
1150820,078585,士電台新62購01,2.10,2.08
1150820,078586,中砂台新62購01,,3.58
1150820,078587,美時台新68購01,2.15,1.98
1150820,078588,鴻海台新68購01,3.40,3.96
1150820,078589,京元電台新65購01,1.92,2.09
1150820,078590,日月光台新62購01,2.90,3.31
1150820,078591,臻鼎台新62購01,4.24,4.53
1150820,078592,亞翔台新68購01,,2.74
1150820,078593,力成台新65購02,2.07,2.25
1150820,078594,訊芯台新62購01,2.87,2.92
1150820,078595,訊芯台新68購01,2.87,2.94
1150820,078596,訊芯台新68購02,2.35,2.36
1150820,078597,AES台新68購01,2.44,2.40
1150820,078599,致新台新62購01,1.68,1.72
1150820,078600,南茂台新68購01,2.38,2.46
1150820,078601,南茂台新68購02,,2.43
1150820,078602,旺宏中信64購02,0.81,0.91
1150820,078603,智邦中信68購01,0.66,0.74
1150820,078604,南亞科中信62購02,1.70,1.60
1150820,078605,南亞科中信65購02,,1.14
1150820,078606,友達中信64購01,,0.63
1150820,078607,群創中信66購01,,1.13
1150820,078608,力成中信62購02,0.78,0.86
1150820,078609,力積電中信62購02,1.21,1.25
1150820,078610,AES中信64購01,0.78,1.12
1150820,078611,中興電元大64購01,0.76,0.78
1150820,078612,鴻海元大63購16,1.16,1.39
1150820,078613,台積電元大63購20,,1.43
1150820,078615,台積電元大65購04,,1.08
1150820,078616,華邦電元大63購10,2.17,2.23
1150820,078617,華邦電元大63購11,1.91,1.94
1150820,078618,華邦電元大64購06,0.98,1.02
1150820,078619,所羅門元大64購01,2.02,1.87
1150820,078620,金像電元大64購04,1.85,1.85
1150820,078621,研華元大64購04,1.58,1.59
1150820,078622,南亞科元大63購15,1.33,1.27
1150820,078623,南亞科元大63購16,,1.32
1150820,078624,南亞科元大64購08,1.33,1.24
1150820,078625,超豐元大64購02,0.86,1.06
1150820,078626,萬海元大64購02,2.55,1.98
1150820,078627,漢翔元大64購04,2.07,1.70
1150820,078628,晶豪科元大64購04,1.17,1.28
1150820,078629,緯創元大63購05,1.49,1.97
1150820,07862U,台達電元富5A售01,,0.09
1150820,078630,緯創元大64購04,1.58,1.83
1150820,078631,京鼎元大64購01,1.60,1.84
1150820,078632,嘉澤元大63購04,0.96,1.41
1150820,078633,嘉澤元大63購05,1.10,1.60
1150820,078634,嘉澤元大63購06,1.16,1.59
1150820,078635,嘉澤元大64購03,0.79,1.17
1150820,078636,牧德元大64購01,1.85,2.02
1150820,078637,日月光元大64購05,0.71,0.80
1150820,078638,中磊元大63購01,0.62,0.81
1150820,078639,佳必琪元大64購04,1.49,1.66
1150820,078640,力成元大63購09,3.03,3.24
1150820,078641,力成元大63購10,1.76,1.89
1150820,078642,力成元大64購02,1.44,1.63
1150820,078643,樺漢元大63購03,1.29,1.67
1150820,078644,T50反1中信5A購01,0.01,0.01
1150820,078645,樺漢元大64購02,1.24,1.60
1150820,078646,緯穎元大64購06,1.77,1.89
1150820,078647,力積電元大63購07,2.53,2.77
1150820,078648,力積電元大63購08,2.36,2.60
1150820,078649,力積電元大64購03,0.91,0.98
1150820,078650,AES元大63購01,2.66,3.10
1150820,078651,富世達元大63購02,2.51,2.40
1150820,078652,富世達元大64購03,2.52,2.46
1150820,078653,台灣50永豐63購05,,2.24
1150820,078654,台灣50永豐63購06,2.10,2.11
1150820,078655,T50正2永豐64購02,,1.03
1150820,078656,T50正2永豐64購03,,0.81
1150820,078658,光寶科永豐64購02,2.62,2.62
1150820,078659,鴻海永豐64購05,,0.89
1150820,078660,鴻海永豐64購06,0.49,1.26
1150820,078661,台積電永豐63購13,,2.99
1150820,078664,台積電永豐63購16,,1.60
1150820,078665,台亞永豐64購01,1.07,1.13
1150820,078666,華邦電永豐65購05,1.47,1.47
1150820,078667,智邦永豐64購03,,1.53
1150820,078668,菱生永豐64購02,0.70,0.99
1150820,078669,微星永豐63購01,1.96,2.56
1150820,078670,瑞昱永豐63購01,1.18,1.41
1150820,078671,興勤永豐64購02,1.27,1.09
1150820,078672,京元電永豐63購03,,1.20
1150820,078673,立隆電永豐63購01,,2.44
1150820,078674,宏達電永豐63購01,1.41,1.36
1150820,078675,聯詠永豐63購01,2.04,2.07
1150820,078676,晶技永豐63購04,,1.55
1150820,078677,健鼎永豐63購02,2.77,2.52
1150820,078678,緯創永豐64購02,2.72,3.16
1150820,078679,玉晶光永豐63購01,,3.57
1150820,078680,定穎控永豐63購02,2.32,2.77
1150820,078681,國精化永豐64購01,1.65,1.90
1150820,078682,材料永豐63購01,,1.96
1150820,078683,新唐永豐63購02,1.18,1.34
1150820,078684,臻鼎永豐63購04,,2.14
1150820,078685,祥碩永豐63購04,2.03,2.02
1150820,078686,祥碩永豐63購05,1.71,1.59
1150820,078687,中磊永豐63購01,1.06,1.41
1150820,078688,上海銀永豐63購01,1.29,1.22
1150820,078689,啟碁永豐63購04,1.30,1.47
1150820,078690,迅得永豐64購02,1.12,1.20
1150820,078691,緯穎永豐63購05,,1.65
1150820,078692,緯穎永豐63購06,2.52,2.71
1150820,078693,勤誠永豐64購01,0.59,0.75
1150820,078694,美費半富邦64購02,1.00,1.10
1150820,078695,美費半富邦64購03,1.00,1.01
1150820,078696,亞德客富邦63購01,1.08,1.30
1150820,078697,長榮太富邦62購02,0.65,0.75
1150820,078698,群創富邦63購04,0.73,0.92
1150820,078699,中磊富邦64購01,0.74,0.80
1150820,078700,力成富邦64購01,0.86,0.92
1150820,078701,保瑞富邦64購01,1.07,0.99
1150820,078702,富世達富邦63購03,1.42,1.43
1150820,078703,宇瞻富邦62購01,0.76,0.82
1150820,078704,旺宏統一6B購04,,0.78
1150820,078705,京元電統一65購06,0.78,0.90
1150820,078706,日月光統一6B購02,,1.04
1150820,078707,定穎控統一6A購01,0.66,0.69
1150820,078708,康舒統一6A購05,,0.98
1150820,078709,樺漢統一66購02,,0.61
1150820,078710,台灣50凱基63購13,2.16,2.31
1150820,078711,T50正2凱基63購09,1.64,1.72
1150820,078712,臺指2X凱基63購02,,1.78
1150820,078713,中砂凱基63購01,,2.05
1150820,078714,光寶科凱基63購01,3.99,4.06
1150820,078715,華通凱基63購07,2.20,2.34
1150820,078716,鴻海凱基64購09,1.46,2.07
1150820,078717,旺宏凱基64購01,2.18,2.89
1150820,078718,旺宏凱基64購02,2.45,2.75
1150820,078720,順德凱基63購01,2.45,2.25
1150820,078721,金像電凱基66購01,3.12,3.16
1150820,078722,微星凱基64購03,1.72,2.09
1150820,078723,南亞科凱基63購08,2.72,2.61
1150820,078724,友達凱基64購03,2.14,2.30
1150820,078725,京元電凱基63購05,,2.17
1150820,078726,鉅祥凱基64購02,1.66,1.79
1150820,078727,大立光凱基63購07,3.01,2.32
1150820,078728,奇鋐凱基63購03,2.61,2.83
1150820,078729,健鼎凱基63購01,3.24,2.97
1150820,078730,緯創凱基63購03,1.78,2.17
1150820,078731,群創凱基64購01,1.76,2.05
1150820,078732,日月光凱基63購06,1.06,1.74
1150820,078733,康普凱基63購01,,2.21
1150820,078734,材料凱基63購01,1.77,1.89
1150820,078735,臻鼎凱基66購01,2.06,2.34
1150820,078736,亞翔凱基63購04,,2.32
1150820,078737,佳必琪凱基66購01,,1.99
1150820,078738,盛群凱基63購01,,2.29
1150820,078739,力成凱基63購03,,1.55
1150820,078740,樺漢凱基63購01,,2.65
1150820,078741,樺漢凱基63購02,,2.12
1150820,078742,樺漢凱基63購03,1.41,1.84
1150820,078743,樺漢凱基63購04,1.26,1.59
1150820,078744,緯穎凱基65購01,,3.08
1150820,078745,洋基凱基65購01,1.50,1.74
1150820,078746,力積電凱基64購01,3.11,3.39
1150820,078747,富世達凱基64購01,4.17,4.31
1150820,078748,致新凱基63購01,1.72,1.85
1150820,078749,南茂凱基63購04,2.54,2.79
1150820,078750,宇瞻凱基63購02,1.69,1.95
1150820,078751,台股增國泰64購01,2.55,2.65
1150820,078752,台股增國泰67購01,,2.51
1150820,078753,中華化國泰63購01,4.23,3.36
1150820,078757,大立光國泰67購01,1.92,1.39
1150820,078758,群創國泰63購01,1.98,2.49
1150820,078759,國精化國泰64購01,2.54,2.70
1150820,078760,啟碁國泰64購01,2.18,2.37
1150820,078761,樺漢國泰63購01,,2.21
1150820,078762,兆聯國泰63購01,,2.73
1150820,078763,新代國泰63購01,2.56,2.54
1150820,078764,宇瞻國泰63購02,1.90,1.91
1150820,078765,台股增群益64購01,,2.27
1150820,078766,華城群益62購02,2.00,1.91
1150820,078767,光寶科群益62購01,5.20,5.18
1150820,078768,華通群益62購02,2.30,2.22
1150820,078769,廣宇群益62購01,1.80,1.89
1150820,078770,台積電群益62購12,,1.28
1150820,078771,智邦群益62購02,3.87,4.46
1150820,078772,京元電群益64購02,1.36,1.68
1150820,078773,晶豪科群益62購02,4.00,3.99
1150820,078774,晟銘電群益62購01,,1.22
1150820,078775,奇鋐群益62購02,3.32,3.47
1150820,078776,零壹群益62購01,1.11,1.10
1150820,078777,健鼎群益62購01,2.78,2.77
1150820,078778,日月光群益62購03,3.18,3.30
1150820,078779,新唐群益66購01,1.03,1.10
1150820,07877U,道瓊銀中信5B售02,,0.54
1150820,078780,眾達群益62購01,2.17,2.02
1150820,078781,佳必琪群益62購01,2.69,3.01
1150820,078782,今國光群益62購01,2.39,2.74
1150820,078783,力成群益64購01,,1.40
1150820,078784,啟碁群益62購01,2.28,2.50
1150820,078785,光聖群益62購01,2.63,2.55
1150820,078786,力積電群益62購03,5.25,6.21
1150820,078787,勤誠群益62購04,,2.29
1150820,078788,新纖國票65購01,,1.36
1150820,078789,光罩國票65購02,,1.22
1150820,078790,聯強國票65購01,0.78,0.90
1150820,078791,矽統國票65購01,,1.26
1150820,078792,佳能國票65購01,1.07,1.14
1150820,078793,凌陽國票65購01,,1.21
1150820,078794,瑞軒國票65購02,1.42,1.41
1150820,078795,王品國票65購01,0.81,0.81
1150820,078796,信邦國票65購01,1.10,1.15
1150820,078797,群創國票63購01,,2.42
1150820,078798,康普國票66購01,,1.21
1150820,078799,新唐國票69購01,0.92,1.01
1150820,078801,台郡國票65購01,1.67,1.82
1150820,078802,同欣電國票65購02,,1.42
1150820,078803,樺漢國票68購01,1.03,1.06
1150820,078804,T50反1台新63購01,,1.00
1150820,078805,華榮台新62購01,1.95,2.04
1150820,078806,華通台新68購01,3.18,3.12
1150820,078807,群創台新65購01,1.28,1.57
1150820,078808,群創台新65購02,,1.51
1150820,078809,緯穎台新65購04,1.90,1.98
1150820,078810,緯穎台新65購05,,1.84
1150820,078812,臺股指台新68購01,,0.87
1150820,078813,臺股指台新68購02,,1.27
1150820,078814,臺股指台新68購03,0.84,0.94
1150820,078815,台灣50中信66購05,0.64,0.69
1150820,078816,定穎控中信64購02,0.59,0.73
1150820,078817,緯穎中信62購01,1.14,1.28
1150820,078820,上証2X永豐62購01,,1.32
1150820,078822,和桐永豐63購01,1.26,1.21
1150820,078823,和桐永豐63購02,1.34,1.28
1150820,078824,和桐永豐65購01,,1.53
1150820,078825,光寶科永豐65購03,1.77,1.75
1150820,078826,華通永豐63購04,,1.50
1150820,078829,台積電永豐68購03,1.93,2.08
1150820,078830,台積電永豐68購04,,3.33
1150820,078831,英業達永豐63購01,,2.44
1150820,078832,華碩永豐63購02,,2.11
1150820,078833,燿華永豐63購01,1.55,1.73
1150820,078834,金像電永豐63購05,1.37,1.37
1150820,078835,金像電永豐63購06,2.15,2.22
1150820,078836,技嘉永豐63購01,1.46,1.83
1150820,078837,瑞昱永豐63購02,0.98,1.25
1150820,078838,瑞昱永豐63購03,,0.99
1150820,078839,友達永豐66購04,7.30,7.46
1150820,078840,鼎元永豐63購01,,1.47
1150820,078841,創見永豐65購01,,1.52
1150820,078842,盟立永豐63購03,1.74,1.87
1150820,078843,盟立永豐64購02,1.53,1.71
1150820,078844,大毅永豐65購01,1.42,1.48
1150820,078845,嘉晶永豐63購01,1.46,1.51
1150820,078846,晶技永豐63購05,1.82,1.85
1150820,078847,晶技永豐63購06,2.14,2.09
1150820,078848,昇貿永豐63購01,,1.05
1150820,078849,辛耘永豐63購01,1.01,1.07
1150820,078850,辛耘永豐63購02,,2.76
1150820,078851,辛耘永豐64購02,1.71,1.88
1150820,078852,辛耘永豐65購01,,1.86
1150820,078853,臻鼎永豐63購05,1.53,1.71
1150820,078854,臻鼎永豐64購04,1.76,1.95
1150820,078855,眾達永豐63購03,2.22,2.13
1150820,078856,祥碩永豐65購01,1.72,1.66
1150820,078857,長虹永豐63購01,1.50,1.45
1150820,078858,亞翔永豐63購05,,1.57
1150820,078859,佳必琪永豐63購01,1.02,1.05
1150820,07885U,T50正2富邦5A售04,,0.10
1150820,078860,佳必琪永豐63購02,0.82,0.99
1150820,078861,矽格永豐63購01,,1.38
1150820,078862,樺漢永豐63購01,1.05,1.07
1150820,078863,光聖永豐64購01,2.17,2.09
1150820,078864,緯穎永豐63購07,,2.11
1150820,078865,緯穎永豐65購01,,2.66
1150820,078866,緯穎永豐65購02,2.27,2.40
1150820,078867,騰輝電永豐63購02,2.68,2.36
1150820,078868,和桐國泰63購01,1.88,1.84
1150820,078869,友達國泰63購01,2.03,2.17
1150820,07886U,T50正2富邦61售03,,0.03
1150820,078870,友達國泰63購02,1.89,1.97
1150820,078871,京元電國泰63購02,1.11,1.30
1150820,078872,盟立國泰63購01,2.18,2.31
1150820,078873,大毅國泰63購01,1.51,1.54
1150820,078874,揚博國泰63購01,1.32,1.89
1150820,078875,長榮航國泰63購01,,1.21
1150820,078876,揚明光國泰63購01,1.74,1.73
1150820,078877,辛耘國泰63購01,1.79,1.94
1150820,078878,辛耘國泰63購02,1.75,1.83
1150820,078879,精成科國泰63購01,,1.31
1150820,078880,佳必琪國泰63購01,1.30,1.41
1150820,078881,FB科技富邦68購01,,0.91
1150820,078882,華通富邦62購02,0.95,0.92
1150820,078883,華通富邦65購01,,0.91
1150820,078884,燿華富邦64購01,,1.06
1150820,078885,友達富邦62購01,,0.81
1150820,078886,超豐富邦65購01,0.79,0.91
1150820,078887,志聖富邦62購01,1.05,1.01
1150820,078888,國泰金富邦68購01,,0.69
1150820,078889,凱基金富邦68購01,0.76,0.81
1150820,078890,台新金富邦62購01,,0.66
1150820,078891,台郡富邦62購01,0.96,1.08
1150820,078892,樺漢富邦65購01,0.51,0.59
1150820,078893,台玻台新62購02,1.91,1.89
1150820,078894,世紀WP台新62購01,,1.33
1150820,078895,旺宏台新68購01,1.78,2.05
1150820,078896,旺宏台新68購02,1.62,1.82
1150820,078897,大毅台新62購01,1.49,1.45
1150820,078898,揚博台新62購01,,1.95
1150820,078899,嘉晶台新62購01,,1.72
1150820,078900,嘉晶台新62購02,1.68,1.82
1150820,078901,嘉晶台新65購01,2.01,2.04
1150820,078902,辛耘台新65購01,,1.48
1150820,078903,緯穎台新62購06,,1.99
1150820,078904,緯穎台新62購07,,1.99
1150820,078905,緯穎台新65購06,,1.37
1150820,078906,緯穎台新65購07,,1.23
1150820,078907,緯穎台新68購01,1.34,1.34
1150820,078908,汎銓台新62購01,1.57,1.60
1150820,078909,道瓊銀國票63購01,,2.94
1150820,078910,和桐國票66購01,,1.10
1150820,078911,東鋼國票65購01,,1.00
1150820,078912,百達國票67購01,,0.61
1150820,078913,金像電國票68購01,1.46,1.44
1150820,078914,鼎元國票65購02,,1.50
1150820,078915,京元電國票63購01,2.07,2.45
1150820,078916,大毅國票63購01,,1.62
1150820,078917,揚博國票63購01,,2.15
1150820,078919,嘉晶國票63購01,,3.03
1150820,078920,凌航國票67購01,0.76,0.86
1150820,078921,昇貿國票63購01,1.22,1.41
1150820,078922,辛耘國票63購01,1.99,2.04
1150820,078923,辛耘國票64購01,2.28,2.42
1150820,078924,康普國票68購01,,1.03
1150820,078925,臻鼎國票63購01,2.11,2.38
1150820,078926,台表科國票67購01,1.18,1.13
1150820,078927,聯策國票66購01,0.89,0.89
1150820,078929,洋基國票66購01,,1.03
1150820,078930,三集瑞國票67購01,,0.86
1150820,078931,美費半凱基64購01,1.13,1.27
1150820,078932,中興電凱基64購01,1.38,1.47
1150820,078933,亞德客凱基63購01,,1.30
1150820,078934,華通凱基63購08,,1.72
1150820,078935,旺宏凱基63購02,1.73,2.11
1150820,078936,華邦電凱基63購05,1.95,2.19
1150820,078937,佳能凱基63購01,,1.21
1150820,078938,研華凱基64購01,,2.09
1150820,078939,南亞科凱基63購09,,2.30
1150820,078940,超豐凱基63購02,1.23,1.48
1150820,078941,京元電凱基63購06,0.91,1.71
1150820,078942,萬海凱基63購01,1.68,1.11
1150820,078943,漢翔凱基63購02,1.52,1.45
1150820,078944,晶豪科凱基63購05,2.19,2.77
1150820,078945,奇鋐凱基63購04,2.25,2.29
1150820,078946,零壹凱基63購01,1.22,1.25
1150820,078947,智原凱基63購02,,1.46
1150820,078948,緯創凱基63購04,,1.44
1150820,078949,日月光凱基63購07,0.92,1.56
1150820,078950,大銀凱基63購01,,1.31
1150820,078951,國精化凱基63購01,1.32,1.45
1150820,078952,新唐凱基66購01,,1.45
1150820,078954,眾達凱基63購01,2.34,2.19
1150820,078955,長榮群益5A購01,1.45,0.85
1150820,078956,帆宣凱基66購02,1.10,1.34
1150820,078957,矽格凱基63購01,0.86,1.27
1150820,078958,台塑化凱基64購01,,1.28
1150820,078959,緯穎凱基63購04,,1.97
1150820,078960,AES凱基63購02,1.23,1.47
1150820,078961,富世達凱基63購02,2.64,2.60
1150820,078962,勤誠凱基63購02,1.20,1.48
1150820,078963,台股增群益64購02,,1.80
1150820,078964,台強棒群益64購01,,1.83
1150820,078965,未來50群益66購01,,4.35
1150820,078966,中砂群益64購01,3.82,4.18
1150820,078968,上銀群益64購01,1.37,1.53
1150820,078969,華通群益62購03,1.57,1.47
1150820,07896U,臺股指元大5C售05,,0.03
1150820,078970,台積電群益62購13,0.97,1.14
1150820,078971,台積電群益68購01,,0.91
1150820,078972,旺宏群益62購03,1.72,2.04
1150820,078973,華邦電群益62購02,2.06,2.08
1150820,078974,華邦電群益62購03,1.82,1.97
1150820,078975,金像電群益62購04,1.87,1.87
1150820,078976,技嘉群益62購02,1.65,2.10
1150820,078977,微星群益62購02,1.00,1.30
1150820,078978,微星群益62購03,1.61,2.21
1150820,078979,研華群益63購01,1.04,1.11
1150820,078980,友達群益62購01,2.17,2.33
1150820,078981,創見群益62購02,1.70,1.89
1150820,078982,盟立群益62購02,2.08,2.04
1150820,078983,志聖群益64購01,,2.44
1150820,078984,鉅祥群益62購01,,1.06
1150820,078985,揚博群益62購01,0.95,1.29
1150820,078986,大立光群益62購04,6.10,4.66
1150820,078987,嘉晶群益68購01,2.32,2.36
1150820,078988,奇鋐群益62購03,2.24,2.40
1150820,078989,晶技群益62購01,3.20,3.21
1150820,078990,緯創群益62購04,2.12,2.58
1150820,078991,牧德群益62購02,2.54,2.86
1150820,078992,辛耘群益62購01,2.89,3.04
1150820,078993,辛耘群益68購01,1.77,1.88
1150820,078994,材料群益62購01,1.63,1.84
1150820,078995,臻鼎群益62購03,1.98,2.25
1150820,078996,亞翔群益66購01,,1.11
1150820,078997,帆宣群益62購01,1.72,1.89
1150820,078998,力成群益63購03,0.90,1.00
1150820,07899U,台積電群益61售02,,0.01
1150820,079000,矽格群益62購02,1.18,1.37
1150820,079001,旭隼群益62購02,1.30,1.31
1150820,079002,保瑞群益63購01,1.18,1.14
1150820,079003,騰輝電群益62購01,,2.05
1150820,079004,AES群益66購01,2.67,3.05
1150820,079005,富世達群益62購01,2.38,2.42
1150820,079007,松川群益62購02,3.69,3.61
1150820,079008,台灣50統一63購02,,0.60
1150820,079010,旺宏統一68購01,0.82,0.92
1150820,079011,華邦電統一68購01,,1.01
1150820,079012,創見統一68購01,0.61,0.67
1150820,079013,志聖統一68購01,0.88,0.87
1150820,079014,大毅統一6B購01,,0.68
1150820,079015,大毅統一6C購01,0.67,0.66
1150820,079016,揚博統一68購01,0.59,0.82
1150820,079017,嘉晶統一6B購01,0.67,0.68
1150820,079018,嘉晶統一6C購01,0.63,0.66
1150820,079019,樺漢統一68購01,0.57,0.65
1150820,07901U,創意群益61售01,,0.08
1150820,079021,台灣50元大63購07,1.44,1.53
1150820,079022,美時元大64購01,1.29,1.27
1150820,079023,光寶科元大64購01,1.75,1.75
1150820,079024,華通元大64購07,2.56,2.43
1150820,079025,鴻海元大64購18,1.11,1.54
1150820,079026,台積電元大63購23,,1.48
1150820,079027,台積電元大64購20,1.13,1.22
1150820,079028,旺宏元大63購03,2.16,2.49
1150820,079029,旺宏元大63購04,0.67,0.76
1150820,079030,智邦元大63購04,1.16,1.50
1150820,079031,智邦元大63購05,0.68,0.95
1150820,079032,智邦元大64購07,0.89,1.03
1150820,079033,金像電元大64購05,1.64,1.60
1150820,079034,研華元大64購05,2.89,2.89
1150820,079035,京元電元大63購03,1.47,1.66
1150820,079036,京元電元大63購04,1.23,1.49
1150820,079037,京元電元大64購08,1.19,1.43
1150820,079038,盟立元大64購02,0.85,0.96
1150820,079039,大毅元大63購01,1.96,1.95
1150820,079040,揚博元大63購01,1.09,1.49
1150820,079041,揚博元大64購01,,0.72
1150820,079042,國泰金元大63購04,,0.58
1150820,079043,大立光元大64購07,2.17,1.81
1150820,079044,嘉晶元大63購01,1.92,2.15
1150820,079045,晶技元大64購03,1.69,1.66
1150820,079046,緯創元大64購05,1.16,1.47
1150820,079047,辛耘元大64購01,0.73,0.76
1150820,079048,亞翔元大64購07,1.01,1.30
1150820,079049,佳必琪元大64購05,1.24,1.49
1150820,079050,精誠元大63購01,2.25,1.52
1150820,079051,樺漢元大63購04,1.16,1.49
1150820,079052,樺漢元大64購03,0.90,1.28
1150820,079053,晶碩元大63購01,1.81,1.87
1150820,079054,台塑化元大64購03,1.72,1.63
1150820,079055,捷敏元大63購01,1.94,2.14
1150820,079056,緯穎元大64購07,,1.41
1150820,079057,AES元大64購06,1.00,1.18
1150820,079058,富世達元大63購03,2.10,2.04
1150820,079059,富世達元大63購04,1.68,1.67
1150820,079060,富世達元大64購04,1.75,1.78
1150820,079061,兆聯元大63購01,,0.75
1150820,079062,臺股指元大63購32,,1.42
1150820,079063,臺股指元大63購33,,1.59
1150820,079066,T50正2中信64購07,,0.73
1150820,079067,T50反1中信68購01,,1.10
1150820,079068,台玻中信64購01,0.80,0.77
1150820,079069,光寶科中信62購01,0.65,0.66
1150820,079070,旺宏中信64購03,0.55,0.67
1150820,079071,大同中信64購01,0.99,0.92
1150820,079072,京元電中信62購02,,0.72
1150820,079073,嘉晶中信62購01,0.92,0.97
1150820,079074,緯創中信62購01,,0.71
1150820,079075,辛耘中信62購01,0.66,0.70
1150820,079076,貿聯中信62購02,,0.78
1150820,079077,神達中信62購01,,0.87
1150820,079078,臻鼎中信62購02,0.68,0.77
1150820,079079,力成中信64購01,,0.81
1150820,079080,力積電中信62購03,0.84,0.94
1150820,079081,臺股指中信65購03,,0.76
1150820,079082,T50正2國泰63購03,,2.75
1150820,079084,上銀國泰63購01,2.42,2.65
1150820,079085,台積電國泰63購04,,2.40
1150820,079086,南亞科國泰63購08,3.06,2.94
1150820,079087,建準國泰63購01,2.06,2.24
1150820,079088,創見國泰63購01,2.08,2.08
1150820,079089,健鼎國泰63購01,2.19,1.97
1150820,079092,中興電群益62購01,0.79,0.87
1150820,079093,台玻群益62購01,2.24,2.37
1150820,079094,台積電群益67購02,0.79,0.79
1150820,079095,旺宏群益62購04,1.51,1.75
1150820,079096,旺宏群益62購05,1.36,1.65
1150820,079097,華邦電群益63購01,1.08,1.06
1150820,079098,南亞科群益62購04,1.46,1.42
1150820,079099,京元電群益68購01,,0.84
1150820,079100,盟立群益62購03,1.84,1.97
1150820,079102,長榮群益62購01,2.08,1.65
1150820,079103,長榮群益62購02,2.12,1.66
1150820,079104,萬海群益62購01,1.85,1.33
1150820,079105,漢翔群益62購02,2.41,1.93
1150820,079106,長榮元富5A購01,,1.41
1150820,079107,大立光群益62購05,2.95,2.08
1150820,079108,奇鋐群益68購01,,1.21
1150820,079109,智原群益62購01,1.77,1.94
1150820,079110,緯創群益68購01,,0.59
1150820,079111,貿聯群益62購01,1.42,1.45
1150820,079112,貿聯群益62購02,,1.32
1150820,079113,日月光群益67購01,,0.92
1150820,079114,臻鼎群益62購04,1.39,1.70
1150820,079115,臻鼎群益62購05,1.99,2.80
1150820,079116,十銓群益62購01,1.62,1.61
1150820,079117,凌華群益62購01,1.10,1.15
1150820,079118,康舒群益62購01,1.10,1.22
1150820,079119,力積電群益67購01,1.03,1.22
1150820,079120,汎銓群益62購01,1.16,1.20
1150820,079121,汎銓群益62購02,1.46,1.55
1150820,079122,新代群益62購01,1.53,1.58
1150820,079123,新代群益62購02,1.49,1.55
1150820,079124,華通統一6B購01,0.68,0.69
1150820,079125,盟立統一68購01,,0.89
1150820,079126,盟立統一68購02,0.68,0.68
1150820,079127,盟立統一6B購01,0.72,0.78
1150820,079128,大毅統一66購01,0.75,0.77
1150820,079129,大毅統一68購01,0.82,0.83
1150820,079130,嘉晶統一66購01,0.75,0.80
1150820,079131,嘉晶統一68購01,0.64,0.65
1150820,079132,嘉晶統一68購02,0.78,0.83
1150820,079133,緯創統一64購03,,0.62
1150820,079134,貿聯統一67購01,,0.52
1150820,079135,合勤控統一6A購01,,0.63
1150820,079137,力成統一6B購01,,0.93
1150820,079138,騰輝電統一6B購01,,0.94
1150820,079139,汎銓統一6B購01,0.65,0.66
1150820,079140,台化永豐63購03,,2.10
1150820,079141,直得永豐65購01,0.97,1.14
1150820,079142,光寶科永豐63購04,1.29,1.33
1150820,079144,台積電永豐63購18,2.05,2.85
1150820,079146,台積電永豐78購01,,5.28
1150820,079147,華邦電永豐66購02,1.40,1.46
1150820,079148,華邦電永豐68購02,1.39,1.47
1150820,079149,華邦電永豐6C購03,1.74,1.78
1150820,07914U,可寧衛國票59售01,3.50,0.61
1150820,079150,威盛永豐63購01,1.18,1.29
1150820,079151,南亞科永豐65購04,1.68,1.63
1150820,079152,南亞科永豐6A購02,1.92,2.05
1150820,079153,南亞科永豐78購01,2.28,2.26
1150820,079154,京元電永豐64購02,,2.06
1150820,079155,揚博永豐65購01,,1.55
1150820,079157,嘉晶永豐64購01,1.58,1.58
1150820,079158,奇鋐永豐64購13,1.50,1.71
1150820,079159,奇鋐永豐65購02,1.66,1.86
1150820,079160,德律永豐63購01,,1.10
1150820,079161,宏致永豐63購01,2.99,3.52
1150820,079162,貿聯永豐63購02,,0.92
1150820,079163,貿聯永豐63購03,,1.25
1150820,079164,貿聯永豐63購04,0.96,0.94
1150820,079165,貿聯永豐65購01,1.54,1.52
1150820,079166,合勤控永豐63購01,,1.08
1150820,079167,凌華永豐63購01,1.05,1.36
1150820,079168,佳必琪永豐63購03,0.93,1.02
1150820,079169,力成永豐64購05,5.95,6.73
1150820,079170,同欣電永豐63購02,1.58,1.65
1150820,079171,同欣電永豐64購02,,2.15
1150820,079173,樺漢永豐63購02,1.30,1.67
1150820,079174,樺漢永豐68購01,2.31,2.40
1150820,079175,緯穎永豐63購08,,1.11
1150820,079178,緯穎永豐68購03,,3.26
1150820,079179,力積電永豐65購04,,2.47
1150820,079180,汎銓永豐65購01,,1.39
1150820,079181,汎銓永豐68購01,1.90,1.94
1150820,079182,兆聯永豐63購01,,0.99
1150820,079183,至上永豐63購03,1.64,1.67
1150820,079185,台股增元大64購02,1.45,1.52
1150820,079186,中砂元大64購02,1.21,1.24
1150820,079187,上銀元大63購04,2.37,2.60
1150820,079188,上銀元大64購04,0.94,1.02
1150820,079189,華通元大63購08,2.03,1.95
1150820,07918U,群創元富61售03,0.04,0.06
1150820,079190,華通元大63購09,1.25,1.28
1150820,079191,華通元大64購08,0.68,0.66
1150820,079192,鴻海元大64購19,1.14,1.42
1150820,079193,台積電元大64購21,1.10,1.33
1150820,079194,華邦電元大64購07,1.14,1.31
1150820,079195,智邦元大63購06,1.16,1.32
1150820,079196,智邦元大63購07,0.93,1.09
1150820,079197,智邦元大64購08,0.87,0.98
1150820,079198,所羅門元大64購02,,1.84
1150820,079199,金像電元大64購06,1.66,1.70
1150820,07919U,T50正2凱基63售02,,0.17
1150820,079200,南亞科元大63購17,1.73,1.70
1150820,079201,南亞科元大63購18,1.61,1.64
1150820,079202,南亞科元大64購09,,1.30
1150820,079203,京元電元大64購09,1.17,1.30
1150820,079204,創見元大63購03,,1.33
1150820,079205,創見元大64購01,0.57,0.61
1150820,079206,盟立元大64購03,0.75,0.83
1150820,079207,亞航元大63購01,1.83,1.71
1150820,079208,嘉晶元大63購02,1.97,2.08
1150820,079209,緯創元大64購06,0.44,0.51
1150820,079210,昇貿元大63購01,0.93,1.07
1150820,079211,昇貿元大64購01,0.68,0.77
1150820,079212,辛耘元大64購02,0.61,0.63
1150820,079213,貿聯元大63購16,1.27,1.25
1150820,079214,貿聯元大63購17,1.23,1.21
1150820,079215,貿聯元大63購18,1.17,1.15
1150820,079216,貿聯元大64購02,,1.06
1150820,079217,合勤控元大63購01,1.36,1.48
1150820,079218,臻鼎元大64購05,1.67,1.86
1150820,079219,亞翔元大64購08,,0.85
1150820,079220,凌華元大63購01,1.02,1.35
1150820,079221,力成元大63購11,1.67,1.93
1150820,079222,力成元大63購12,1.15,1.29
1150820,079223,力成元大64購03,0.65,0.72
1150820,079224,矽格元大64購01,0.56,0.63
1150820,079225,力積電元大63購09,0.80,0.85
1150820,079226,力積電元大64購04,0.78,0.90
1150820,079227,富世達元大63購05,1.47,1.46
1150820,079228,富世達元大63購06,,1.41
1150820,079229,富世達元大64購05,0.99,0.99
1150820,079230,兆聯元大64購02,0.54,0.72
1150820,079231,振樺電元大63購01,0.45,0.55
1150820,079232,勤誠元大63購04,0.57,0.65
1150820,079233,勤誠元大63購05,0.68,0.79
1150820,079234,勤誠元大64購03,,0.54
1150820,079236,道瓊銀凱基63購03,3.09,2.88
1150820,079237,上銀凱基67購01,,2.71
1150820,079238,光寶科凱基64購01,2.03,2.33
1150820,079239,鴻海凱基66購01,,2.77
1150820,079240,華邦電凱基63購06,2.15,2.07
1150820,079241,智邦凱基63購02,1.00,1.36
1150820,079242,金像電凱基63購07,3.11,3.14
1150820,079243,南亞科凱基63購10,,2.11
1150820,079244,鉅祥凱基63購02,1.01,1.22
1150820,079246,大毅凱基63購01,2.06,2.00
1150820,079247,揚博凱基63購01,,1.39
1150820,079248,揚博凱基63購02,1.17,1.62
1150820,079249,大立光凱基63購08,3.21,2.53
1150820,079250,大立光凱基66購01,3.43,2.55
1150820,079251,嘉晶凱基63購02,2.03,2.12
1150820,079252,奇鋐凱基63購05,1.54,1.73
1150820,079253,晶技凱基63購05,1.30,1.29
1150820,079254,晶技凱基66購01,1.60,1.87
1150820,079255,辛耘凱基63購01,1.35,1.53
1150820,079256,辛耘凱基64購01,1.53,1.94
1150820,079257,辛耘凱基68購01,1.62,2.01
1150820,079258,貿聯凱基63購02,,2.46
1150820,079259,貿聯凱基63購03,1.69,2.05
1150820,079260,貿聯凱基63購04,2.14,2.19
1150820,079261,合勤控凱基63購01,1.36,1.55
1150820,079262,臻鼎凱基63購10,1.69,1.96
1150820,079263,亞翔凱基64購02,1.70,1.98
1150820,079264,凌華凱基63購01,1.70,2.19
1150820,079265,凌華凱基63購02,1.56,2.00
1150820,079266,帆宣凱基63購01,0.88,0.97
1150820,079267,力成凱基64購01,1.40,1.80
1150820,079268,保瑞凱基63購02,1.52,1.65
1150820,079269,緯穎凱基64購08,,2.17
1150820,079270,力積電凱基63購04,1.82,2.49
1150820,079271,富世達凱基63購03,1.58,1.91
1150820,079275,高股息國票63購01,2.00,2.18
1150820,079276,上証2X國票65購03,,1.57
1150820,079278,香港反國票64購01,,0.74
1150820,079280,臺指2X國票63購01,,2.92
1150820,079281,道瓊反國票64購01,0.93,0.93
1150820,079282,FBNQ2X國票64購01,2.44,2.71
1150820,079283,華榮國票65購02,1.19,1.31
1150820,079284,上銀國票65購01,1.43,1.45
1150820,079286,華通國票65購02,,1.58
1150820,079287,鴻海國票68購01,,1.50
1150820,079288,仁寶國票65購01,,1.24
1150820,079289,智邦國票65購02,0.99,1.09
1150820,079290,所羅門國票63購01,2.55,2.50
1150820,079291,毅嘉國票63購01,,1.71
1150820,079292,南亞科國票65購02,,1.68
1150820,079293,台積電永豐5A購01,,7.40
1150820,079294,興勤國票63購01,2.59,2.20
1150820,079295,美律國票65購01,0.97,0.98
1150820,079296,創見國票65購02,,1.21
1150820,079297,宏璟國票63購01,1.46,1.51
1150820,079298,亞航國票63購02,1.56,1.53
1150820,079299,元大金國票65購01,1.07,1.21
1150820,079300,奇鋐國票67購01,1.85,1.95
1150820,079301,亞光國票63購01,1.46,1.54
1150820,079302,智原國票66購01,,1.16
1150820,079303,緯創國票65購01,,0.95
1150820,079304,新日興國票63購01,2.01,2.05
1150820,079306,貿聯國票64購02,,1.08
1150820,079307,合勤控國票65購01,0.67,0.82
1150820,079308,合勤控國票66購01,,0.83
1150820,079309,日月光國票66購01,1.02,1.11
1150820,079310,東台國票65購01,,1.19
1150820,079311,新唐國票6A購01,0.88,0.93
1150820,079312,十銓國票63購01,2.20,2.26
1150820,079313,十銓國票64購01,2.25,2.39
1150820,079314,凌華國票63購02,1.43,1.77
1150820,079315,飛捷國票65購01,,1.12
1150820,079316,力智國票63購01,1.41,1.58
1150820,079317,汎銓國票63購02,,2.61
1150820,079318,松川國票67購01,1.60,1.76
1150820,079319,華東國票63購01,1.69,1.83
1150820,07931U,道瓊銀國票59售03,,1.14
1150820,079320,華東國票64購01,,1.75
1150820,079321,至上國票67購01,1.41,1.51
1150820,079322,台灣50富邦62購09,0.88,0.95
1150820,079323,台灣50富邦63購11,,1.21
1150820,079324,旺宏富邦62購01,0.74,0.88
1150820,079325,微星富邦68購01,,0.79
1150820,079326,緯創富邦62購02,0.59,0.74
1150820,079327,緯創富邦62購03,0.64,0.79
1150820,079328,緯創富邦68購01,,0.88
1150820,079329,辛耘富邦62購01,0.70,0.82
1150820,07932U,鴻海富邦61售02,,0.34
1150820,079330,貿聯富邦63購04,0.66,0.67
1150820,079331,緯穎富邦64購04,1.16,1.20
1150820,079332,緯穎富邦66購01,,1.23
1150820,079333,富世達富邦63購04,1.21,1.30
1150820,079334,台股增台新62購04,,1.78
1150820,079335,華夏台新65購01,1.12,1.14
1150820,079336,台化台新65購02,2.67,2.86
1150820,079337,仁寶台新68購01,1.48,1.65
1150820,079338,旺宏台新65購01,,1.95
1150820,079339,金像電台新68購01,2.89,2.79
1150820,079340,美律台新65購01,1.42,1.41
1150820,079341,大立光台新62購02,4.36,3.14
1150820,079342,大立光台新68購02,3.40,2.58
1150820,079343,晟銘電台新65購01,,1.97
1150820,079344,嘉晶台新63購01,2.32,2.52
1150820,079345,緯創台新62購01,1.67,2.35
1150820,079346,緯創台新65購03,1.95,2.61
1150820,079347,貿聯台新62購02,,1.03
1150820,079348,今國光台新63購01,1.29,1.43
1150820,079350,勤誠台新62購01,0.73,0.83
1150820,079351,勤誠台新62購02,0.71,0.79
1150820,079352,勤誠台新68購01,,0.94
1150820,079353,華城中信62購01,0.84,0.80
1150820,079354,華邦電中信62購03,0.78,0.83
1150820,079355,金像電中信62購01,0.62,0.64
1150820,079356,南亞科中信62購03,,0.80
1150820,079357,臻鼎中信68購01,0.67,0.76
1150820,079358,力積電中信62購04,,0.89
1150820,079359,AES中信64購02,0.65,1.02
1150820,079360,至上中信64購01,0.99,1.12
1150820,079361,亞德客國票63購01,1.13,1.30
1150820,079362,亞德客國票64購01,1.10,1.25
1150820,079363,和桐國票67購01,,1.00
1150820,079364,第一銅國票63購01,1.38,1.47
1150820,079365,台亞國票65購02,,0.84
1150820,079366,金像電國票69購01,1.11,1.15
1150820,079368,正崴國票65購02,1.23,1.28
1150820,079370,大立光國票67購01,2.00,1.68
1150820,079371,聯詠國票63購01,1.40,1.41
1150820,079372,大聯大國票67購01,,0.76
1150820,079373,和碩國票65購01,,1.05
1150820,079374,ITH國票65購01,0.84,0.97
1150820,079375,新代國票65購01,1.55,1.55
1150820,079377,上銀富邦62購02,0.80,0.83
1150820,079378,華邦電富邦62購04,0.86,0.90
1150820,079379,華邦電富邦62購05,,1.02
1150820,079380,華邦電富邦68購01,0.78,0.80
1150820,079381,華邦電富邦78購01,1.03,1.05
1150820,079382,揚博富邦62購01,0.36,0.62
1150820,079383,晶技富邦65購01,0.75,0.82
1150820,079384,牧德富邦63購02,0.71,0.80
1150820,079385,日月光富邦62購02,0.66,0.78
1150820,079386,眾達富邦63購02,0.89,0.83
1150820,079387,至上富邦65購01,0.81,0.91
1150820,079388,道瓊銀群益64購01,,0.82
1150820,079389,台股增群益64購04,,1.03
1150820,079390,華新群益63購01,1.80,1.97
1150820,079391,東聯群益63購01,,1.24
1150820,079392,上銀群益68購01,,1.05
1150820,079393,光寶科群益64購01,0.81,0.81
1150820,079394,華通群益64購01,,0.76
1150820,079395,台積電群益67購03,0.69,0.73
1150820,079396,華邦電群益64購01,,1.26
1150820,079397,智邦群益64購01,,0.73
1150820,079398,所羅門群益64購01,1.20,1.25
1150820,079399,金像電群益63購01,2.23,2.27
1150820,079400,研華群益64購01,0.83,0.91
1150820,079401,友達群益63購03,1.36,1.48
1150820,079402,盟立群益63購03,,1.55
1150820,079404,大立光群益64購01,1.18,1.02
1150820,079405,奇鋐群益68購02,0.95,1.06
1150820,079406,智原群益63購01,1.20,1.40
1150820,079407,文曄群益63購01,,0.99
1150820,079408,牧德群益68購01,0.88,0.90
1150820,079409,碩天群益64購01,1.82,1.73
1150820,079410,合勤控群益63購01,,1.05
1150820,079411,國精化群益63購01,1.49,1.58
1150820,079412,眾達群益63購01,1.82,1.80
1150820,079413,亞翔群益63購01,,1.48
1150820,079414,力成群益68購01,0.85,0.94
1150820,079415,台郡群益68購01,,1.10
1150820,079416,保瑞群益64購01,1.53,1.53
1150820,079417,緯穎群益68購01,2.76,2.88
1150820,079418,力積電群益67購02,0.82,0.93
1150820,079419,FB科技凱基63購02,1.70,1.87
1150820,07941U,元金2X凱基5B售03,,3.39
1150820,079421,台玻凱基63購02,1.81,1.85
1150820,079422,上銀凱基63購01,,1.45
1150820,079423,華通凱基63購09,1.48,1.45
1150820,079424,鴻海凱基63購11,,1.61
1150820,079425,旺宏凱基63購03,1.17,1.46
1150820,079426,華邦電凱基63購07,1.48,1.63
1150820,079427,華邦電凱基68購01,,2.10
1150820,079428,所羅門凱基63購01,2.21,2.26
1150820,079429,毅嘉凱基63購01,,1.74
1150820,079430,南亞科凱基63購11,,1.22
1150820,079431,南亞科凱基63購12,1.53,1.49
1150820,079432,京元電凱基65購01,,1.34
1150820,079433,盟立凱基64購02,,2.00
1150820,079434,普安凱基63購01,1.43,1.59
1150820,079435,長榮凱基63購01,2.18,1.96
1150820,079436,元大金凱基63購01,1.33,1.63
1150820,079437,晶豪科凱基63購06,1.15,1.12
1150820,079438,大立光凱基63購09,2.50,1.94
1150820,079439,大立光凱基65購03,1.26,1.09
1150820,07943U,臺股指凱基59售14,,0.01
1150820,079440,奇鋐凱基65購04,2.18,2.25
1150820,079441,亞光凱基63購01,1.55,1.57
1150820,079442,智原凱基63購03,1.73,1.75
1150820,079443,文曄凱基63購01,0.95,0.93
1150820,079444,晶技凱基63購06,1.11,1.27
1150820,079445,緯創凱基64購02,,0.99
1150820,079446,嘉澤凱基64購01,0.64,1.03
1150820,079447,宏致凱基63購01,1.38,1.90
1150820,079448,大聯大凱基65購01,,0.97
1150820,079449,日月光凱基64購04,1.11,1.54
1150820,079450,臻鼎凱基63購11,,1.58
1150820,079451,臻鼎凱基65購01,,1.45
1150820,079452,十銓凱基63購01,,1.81
1150820,079453,祥碩凱基64購01,0.97,0.94
1150820,079454,飛捷凱基65購01,,0.96
1150820,079455,康舒凱基63購01,1.08,1.45
1150820,079456,樺漢凱基65購01,0.74,0.78
1150820,079457,緯穎凱基64購09,,1.34
1150820,079458,力積電凱基63購05,,1.06
1150820,079460,力積電凱基63購06,,1.48
1150820,079461,兆聯凱基66購01,,0.92
1150820,079462,新代凱基63購01,1.78,1.83
1150820,079463,華東凱基64購01,,1.64
1150820,079464,至上凱基67購01,1.32,1.44
1150820,079465,勤誠凱基63購03,0.88,0.98
1150820,079466,台股增永豐63購02,,1.82
1150820,079467,亞德客永豐63購01,0.78,0.96
1150820,079468,上銀永豐63購02,,2.35
1150820,079469,旺宏永豐63購03,1.28,1.54
1150820,079470,宏碁永豐63購02,2.11,2.24
1150820,079471,微星永豐63購02,0.86,1.08
1150820,079472,研華永豐63購02,1.20,1.24
1150820,079473,志聖永豐65購01,,1.76
1150820,079474,立隆電永豐63購02,,1.25
1150820,079475,奇鋐永豐66購03,1.00,1.05
1150820,079476,聯詠永豐63購02,1.41,1.33
1150820,079477,文曄永豐63購02,1.13,1.30
1150820,079478,玉晶光永豐63購02,,1.79
1150820,079479,定穎控永豐63購03,0.73,0.78
1150820,079480,國精化永豐64購02,0.95,1.06
1150820,079481,臻鼎永豐64購05,0.96,1.08
1150820,079482,盛群永豐63購01,,0.97
1150820,079483,台郡永豐63購02,,1.59
1150820,079484,緯穎永豐63購09,1.46,1.50
1150820,079485,緯穎永豐63購10,,1.01
1150820,079486,緯穎永豐68購04,,1.70
1150820,079487,富世達永豐63購04,1.12,1.24
1150820,079488,富世達永豐63購05,1.72,1.86
1150820,079489,富世達永豐65購01,,2.39
1150820,079490,新代永豐65購01,,1.48
1150820,079491,亞德客國泰63購02,0.91,1.08
1150820,079492,光寶科國泰63購01,2.22,2.19
1150820,079493,鴻海國泰67購02,,1.94
1150820,079494,義隆國泰63購02,1.07,1.12
1150820,079495,大立光國泰67購02,1.61,1.34
1150820,079496,嘉晶國泰63購01,1.64,1.78
1150820,079497,臻鼎國泰63購04,1.37,1.50
1150820,079498,飛捷國泰64購01,,1.24
1150820,079499,永光統一6A購01,,0.65
1150820,079500,台玻統一65購05,0.82,0.82
1150820,079501,光寶科統一65購03,0.71,0.73
1150820,079502,光寶科統一66購02,0.64,0.66
1150820,079503,光寶科統一68購01,0.76,0.79
1150820,079504,光寶科統一68購02,0.60,0.61
1150820,079505,旺宏統一68購02,0.68,0.79
1150820,079506,金像電統一64購04,0.75,0.69
1150820,079507,盟立統一68購03,0.85,0.93
1150820,079508,大毅統一66購02,0.69,0.70
1150820,079509,大立光統一64購03,2.16,1.89
1150820,079510,大立光統一68購01,1.64,1.37
1150820,079512,奇鋐統一68購03,0.77,0.79
1150820,079513,智原統一6B購01,0.66,0.67
1150820,079514,緯創統一65購01,0.50,0.58
1150820,079516,貿聯統一6A購01,1.05,1.03
1150820,079517,定穎控統一64購04,0.60,0.64
1150820,079518,國精化統一6B購01,0.55,0.56
1150820,079519,臻鼎統一6C購02,0.70,0.73
1150820,079520,凌華統一6B購02,,0.56
1150820,079521,光聖統一68購01,1.00,1.00
1150820,079522,緯穎統一62購02,0.92,0.99
1150820,079523,台股增台新64購01,3.52,3.85
1150820,079524,華城台新65購01,1.93,1.88
1150820,079525,華邦電台新65購01,1.35,1.35
1150820,079526,華邦電台新65購02,1.13,1.22
1150820,079527,華邦電台新65購03,0.90,0.94
1150820,079528,順德台新62購01,1.75,1.74
1150820,079529,順德台新62購02,1.32,1.24
1150820,079530,所羅門台新64購01,1.65,1.76
1150820,079531,研華台新62購02,2.18,2.26
1150820,079532,瑞軒台新62購01,1.41,1.40
1150820,079533,揚博台新62購02,,0.98
1150820,079534,晶豪科台新65購01,1.07,1.07
1150820,079535,晶豪科台新65購02,,1.29
1150820,079536,大立光台新65購02,,3.06
1150820,079537,大立光台新65購03,3.19,2.61
1150820,079538,凌航台新62購01,,1.25
1150820,079539,貿聯台新68購01,,1.60
1150820,079540,國精化台新62購01,,1.36
1150820,079542,緯穎台新65購08,,1.03
1150820,079543,緯穎台新65購09,0.95,0.99
1150820,079544,力積電台新68購01,1.91,2.18
1150820,079545,AES台新65購01,,1.01
1150820,079546,汎銓台新62購02,1.30,1.49
1150820,079547,振樺電台新68購01,1.38,1.59
1150820,079548,元金2X元大63購02,2.38,2.38
1150820,079549,元金2X元大63購03,2.16,1.96
1150820,079550,美費半元大63購02,,1.46
1150820,079551,美費半元大63購03,1.62,1.78
1150820,079552,亞德客元大63購02,0.87,1.00
1150820,079553,光寶科元大63購01,1.80,1.77
1150820,079554,光寶科元大63購02,1.42,1.54
1150820,079555,光寶科元大64購02,1.28,1.30
1150820,079556,華通元大63購10,1.29,1.23
1150820,079557,華通元大63購11,1.07,1.04
1150820,079558,華通元大64購09,0.60,0.58
1150820,079559,鴻海元大63購17,,1.08
1150820,079560,鴻海元大64購20,0.51,0.59
1150820,079561,仁寶元大63購02,1.53,1.72
1150820,079562,仁寶元大64購01,0.76,0.84
1150820,079563,台積電元大64購22,1.03,1.14
1150820,079564,華邦電元大63購12,1.09,1.14
1150820,079565,華邦電元大63購13,1.00,1.03
1150820,079566,華邦電元大64購08,0.65,0.65
1150820,079567,智邦元大63購08,0.73,0.85
1150820,079568,智邦元大64購09,0.65,0.88
1150820,079569,華碩元大64購02,2.04,1.92
1150820,079570,金像電元大64購07,1.65,1.67
1150820,079571,南亞科元大63購20,1.29,1.39
1150820,079572,南亞科元大63購21,0.70,0.70
1150820,079573,南亞科元大64購10,0.77,0.81
1150820,079574,盟立元大63購02,1.32,1.46
1150820,079575,盟立元大64購04,1.16,1.24
1150820,079576,立隆電元大64購02,0.53,0.62
1150820,079577,揚博元大64購02,0.47,0.62
1150820,079578,晶豪科元大63購07,,2.26
1150820,079579,晶豪科元大64購05,1.13,1.26
1150820,079580,嘉晶元大63購03,1.14,1.22
1150820,079581,奇鋐元大63購06,1.58,1.67
1150820,079582,奇鋐元大63購07,1.39,1.47
1150820,079583,奇鋐元大64購06,0.75,0.82
1150820,079584,信邦元大63購02,0.75,0.77
1150820,079585,緯創元大63購07,0.49,0.56
1150820,079586,緯創元大64購07,0.47,0.56
1150820,079587,辛耘元大64購03,1.41,1.53
1150820,079588,碩天元大63購01,1.77,1.75
1150820,079589,貿聯元大63購19,0.91,0.90
1150820,079590,貿聯元大64購03,0.92,0.98
1150820,079591,大聯大元大63購01,0.33,0.52
1150820,079592,日月光元大63購09,1.16,1.34
1150820,079593,日月光元大63購10,0.93,1.15
1150820,079594,日月光元大64購06,,0.67
1150820,079595,力成元大63購13,1.11,1.23
1150820,079596,力成元大64購04,,0.68
1150820,079597,樺漢元大63購05,0.87,1.12
1150820,079598,樺漢元大64購04,0.36,0.52
1150820,079599,保瑞元大63購02,1.51,1.54
1150820,079600,保瑞元大64購01,0.72,0.79
1150820,079601,緯穎元大63購10,1.21,1.28
1150820,079602,緯穎元大64購08,1.35,1.51
1150820,079603,騰輝電元大64購01,2.32,2.15
1150820,079604,新代元大63購01,1.11,1.11
1150820,079605,新代元大63購02,0.99,0.98
1150820,079606,勤誠元大63購06,0.69,0.73
1150820,079607,勤誠元大63購07,0.61,0.70
1150820,079608,勤誠元大64購04,0.51,0.59
1150820,079609,直得統一6B購01,0.59,0.62
1150820,079610,所羅門統一65購03,0.79,0.80
1150820,079611,研華統一66購02,,0.72
1150820,079612,盟立統一65購04,0.74,0.78
1150820,079614,威強電統一64購02,,0.72
1150820,079618,台股增中信68購01,0.50,0.50
1150820,079619,旺宏中信63購02,,0.67
1150820,079620,矽統中信62購01,0.80,0.92
1150820,079621,金像電中信66購01,0.62,0.63
1150820,079622,研華中信65購01,0.78,0.85
1150820,079623,南亞科中信6A購01,1.80,1.74
1150820,079624,晶豪科中信62購01,,0.69
1150820,079625,奇鋐中信68購01,1.56,1.69
1150820,079626,文曄中信62購01,0.70,0.78
1150820,079627,正文中信62購01,0.53,0.64
1150820,079628,富世達中信62購01,0.68,0.71
1150820,079629,勤誠中信65購01,,0.61
1150820,079630,今國光國泰63購02,1.09,1.09
1150820,079631,光聖國泰64購01,3.17,3.26
1150820,079632,泓德國泰63購01,,1.04
1150820,079634,東鋼永豐63購01,1.15,1.12
1150820,079635,旺宏永豐65購02,1.08,1.18
1150820,079636,順德永豐63購01,1.50,1.46
1150820,079637,鴻準永豐63購02,1.19,1.27
1150820,079639,嘉晶永豐63購02,0.87,0.92
1150820,079640,奇鋐永豐68購01,0.82,0.91
1150820,079641,奇鋐永豐68購02,0.71,0.78
1150820,079642,文曄永豐63購03,0.89,0.98
1150820,079643,凌航永豐63購01,0.87,0.90
1150820,079644,新日興永豐63購01,,1.30
1150820,079645,智伸科永豐63購02,1.19,1.34
1150820,079646,亞翔永豐64購02,,1.17
1150820,079647,矽創永豐63購01,0.85,0.93
1150820,079648,宏全永豐63購01,0.77,0.77
1150820,079649,元黃金群益64購01,0.97,0.90
1150820,079650,台玻群益62購02,2.88,2.96
1150820,079651,鴻海群益63購07,1.07,1.35
1150820,079652,旺宏群益63購01,1.47,1.80
1150820,079653,華邦電群益63購02,0.89,0.89
1150820,079654,所羅門群益65購01,0.98,1.06
1150820,079655,大同群益63購01,1.43,1.33
1150820,079656,微星群益66購01,,0.53
1150820,079658,南亞科群益62購05,1.43,1.37
1150820,079659,建準群益63購01,1.17,1.31
1150820,079660,京元電群益68購02,0.67,0.71
1150820,079662,大立光群益62購06,3.85,3.14
1150820,079664,奇鋐群益68購03,,0.93
1150820,079665,亞光群益62購02,0.97,1.00
1150820,079666,信邦群益63購01,1.46,1.45
1150820,079667,信邦群益63購02,1.32,1.34
1150820,079668,緯創群益64購02,0.70,0.78
1150820,079669,嘉澤群益62購02,1.59,2.04
1150820,07966U,上証2X凱基59售03,,0.93
1150820,079670,宏致群益63購01,1.00,1.34
1150820,079671,日月光群益67購02,0.70,0.82
1150820,079672,臻鼎群益62購06,1.94,2.31
1150820,079673,十銓群益62購02,2.76,2.81
1150820,079674,光聖群益63購01,1.89,1.92
1150820,079676,力積電群益67購03,0.73,0.87
1150820,079678,致新群益63購01,,1.39
1150820,079679,勤誠群益64購02,,0.60
1150820,079680,元金2X凱基63購02,2.65,2.48
1150820,079682,亞德客凱基63購02,,0.90
1150820,079683,華新凱基63購02,2.18,2.42
1150820,079684,東聯凱基63購01,0.97,0.96
1150820,079685,和桐凱基63購01,1.31,1.33
1150820,079686,第一銅凱基63購01,1.42,1.52
1150820,079687,光寶科凱基63購02,1.81,1.87
1150820,079688,光寶科凱基64購02,1.46,1.58
1150820,079689,華通凱基6A購01,1.38,1.32
1150820,079690,鴻海凱基64購10,,1.96
1150820,079691,台積電凱基69購03,2.35,2.48
1150820,079692,台積電凱基6B購02,2.35,2.44
1150820,079693,台積電凱基71購02,2.39,2.51
1150820,079694,旺宏凱基64購03,1.05,1.14
1150820,079695,華邦電凱基65購01,,1.68
1150820,079696,智邦凱基64購03,0.64,0.82
1150820,079697,鴻準凱基63購01,1.00,1.11
1150820,079698,華碩凱基64購01,1.97,2.05
1150820,079699,金像電凱基63購08,,0.88
1150820,079700,菱生凱基64購01,1.15,1.15
1150820,079701,南亞科凱基63購13,,2.02
1150820,079702,友達凱基63購01,1.93,2.10
1150820,079703,京元電凱基68購01,1.56,1.68
1150820,079704,大立光凱基67購02,3.56,2.86
1150820,079705,奇鋐凱基63購06,,1.54
1150820,079706,緯創凱基63購06,1.33,1.58
1150820,079707,牧德凱基64購01,1.56,1.70
1150820,079708,貿聯凱基63購05,0.66,0.89
1150820,079709,日月光凱基64購05,1.05,1.49
1150820,079710,臻鼎凱基64購02,1.32,1.54
1150820,079711,亞翔凱基63購05,,1.24
1150820,079712,力成凱基63購04,1.53,1.50
1150820,079713,保瑞凱基67購01,1.57,1.40
1150820,079714,緯穎凱基63購06,,1.04
1150820,079715,力積電凱基67購01,,1.48
1150820,079716,富世達凱基63購04,1.29,1.38
1150820,079717,富世達凱基64購02,1.26,1.33
1150820,079718,上銀元大63購05,2.12,2.09
1150820,079719,上銀元大63購06,1.89,1.92
1150820,079720,上銀元大64購05,0.68,0.67
1150820,079721,光寶科元大63購03,1.84,1.85
1150820,079722,光寶科元大63購04,1.51,1.64
1150820,079723,光寶科元大63購05,1.25,1.24
1150820,079724,光寶科元大64購03,0.84,0.85
1150820,079725,台積電元大64購23,1.70,1.80
1150820,079726,旺宏元大63購05,1.30,1.48
1150820,079727,旺宏元大63購06,1.22,1.42
1150820,079728,旺宏元大63購07,1.04,1.18
1150820,079729,華邦電元大63購15,1.14,1.27
1150820,079730,華邦電元大63購16,,1.16
1150820,079731,華邦電元大64購09,0.65,0.67
1150820,079732,威盛元大64購02,,1.29
1150820,079733,南亞科元大63購22,1.92,2.07
1150820,079734,南亞科元大64購11,0.83,0.81
1150820,079735,建準元大63購01,0.77,0.95
1150820,079736,建準元大63購02,0.70,0.79
1150820,079737,盟立元大63購03,1.33,1.54
1150820,079738,盟立元大64購05,1.30,1.36
1150820,079739,奇鋐元大63購08,1.63,1.77
1150820,07973U,旺宏群益59售02,0.23,0.14
1150820,079740,奇鋐元大63購09,1.39,1.46
1150820,079741,奇鋐元大63購10,1.32,1.43
1150820,079742,奇鋐元大63購11,1.26,1.37
1150820,079743,亞光統一58購03,,0.13
1150820,079744,亞光統一58購04,,0.07
1150820,079745,奇鋐元大64購07,1.62,1.76
1150820,079746,奇鋐元大64購08,1.49,1.61
1150820,079747,奇鋐元大64購09,0.73,0.77
1150820,079748,奇鋐元大64購10,0.69,0.74
1150820,079749,奇鋐元大65購01,0.77,0.83
1150820,07974U,友達群益5B售02,,0.21
1150820,079751,文曄元大64購01,1.14,1.27
1150820,079752,晶技元大64購04,0.60,0.62
1150820,079753,宏致元大64購01,,1.40
1150820,079754,大銀元大63購02,1.22,1.35
1150820,079755,大銀元大63購03,0.87,0.95
1150820,079756,國精化元大63購01,1.40,1.63
1150820,079757,國精化元大64購02,1.23,1.43
1150820,079758,帆宣元大64購01,,1.85
1150820,079759,力成元大64購05,,0.74
1150820,079760,樺漢元大64購05,0.36,0.51
1150820,079761,光聖元大63購01,1.55,1.61
1150820,079762,光聖元大63購02,1.50,1.55
1150820,079763,保瑞元大64購02,1.45,1.25
1150820,079764,緯穎元大64購09,1.54,1.70
1150820,079765,騰輝電元大64購02,2.38,2.28
1150820,079766,惠特元大63購02,1.70,1.86
1150820,079767,富世達元大63購07,1.74,1.77
1150820,079768,富世達元大63購08,,1.11
1150820,079769,富世達元大63購09,1.36,1.36
1150820,079770,富世達元大63購10,0.82,0.84
1150820,079771,富世達元大64購06,0.93,0.97
1150820,079772,富世達元大64購07,,0.93
1150820,079773,汎銓元大63購01,1.81,1.88
1150820,079774,汎銓元大64購02,1.60,1.66
1150820,079775,松川元大64購01,1.81,2.00
1150820,079776,和桐國票68購01,,0.96
1150820,079777,東鋼國票66購01,,0.88
1150820,079778,大成鋼國票66購01,,1.05
1150820,079779,盟立國票63購03,1.97,2.22
1150820,079780,盟立國票65購01,2.27,2.42
1150820,079781,奇鋐國票71購01,1.18,1.24
1150820,079782,國精化國票63購02,,1.36
1150820,079783,國精化國票65購01,,1.65
1150820,079785,汎銓國票63購03,,1.92
1150820,079786,汎銓國票64購01,,1.98
1150820,079787,汎銓國票66購01,,2.10
1150820,079789,台化富邦64購03,0.68,0.70
1150820,079790,亞德客富邦64購01,0.94,1.02
1150820,079791,亞德客富邦65購01,0.77,0.89
1150820,079792,美時富邦65購01,0.80,0.72
1150820,079793,光寶科富邦62購02,0.96,0.98
1150820,079794,華通富邦62購03,0.61,0.62
1150820,079795,華通富邦68購01,0.63,0.62
1150820,079796,燿華富邦64購02,0.79,0.86
1150820,079797,金像電富邦62購02,0.56,0.59
1150820,079798,金像電富邦68購01,0.72,0.76
1150820,079799,京元電富邦64購02,,0.79
1150820,079800,京元電富邦64購03,0.61,0.77
1150820,079801,盟立富邦64購02,0.67,0.81
1150820,079802,立隆電富邦62購01,,0.74
1150820,079803,亞航富邦65購01,0.86,0.86
1150820,079804,大立光富邦65購01,1.43,1.19
1150820,079805,大立光富邦65購02,1.92,1.43
1150820,079806,健鼎富邦62購01,1.21,1.24
1150820,079807,玉晶光富邦64購02,1.17,1.17
1150820,079808,嘉澤富邦64購01,0.46,0.60
1150820,079809,定穎控富邦64購01,0.71,0.80
1150820,079810,亞翔富邦68購01,0.70,0.79
1150820,079811,力成富邦62購02,0.66,0.65
1150820,079812,力成富邦62購03,0.56,0.78
1150820,079813,同欣電富邦64購03,0.59,0.69
1150820,079814,同欣電富邦64購04,0.61,0.74
1150820,079815,光聖富邦62購01,1.04,1.12
1150820,079816,保瑞富邦64購02,0.90,0.84
1150820,079817,台塑化富邦64購03,0.97,0.91
1150820,079818,松川富邦63購02,1.24,1.33
1150820,079819,T50正2台新65購04,,6.14
1150820,079820,群臺2X台新63購01,1.33,1.45
1150820,079821,上銀台新65購01,1.75,1.86
1150820,079823,華通台新65購01,,1.08
1150820,079824,華通台新65購02,,0.99
1150820,079825,鴻海台新65購03,,1.82
1150820,079826,鴻海台新68購02,,1.99
1150820,079828,台積電台新64購03,6.05,6.05
1150820,079829,台積電台新68購01,1.44,1.50
1150820,079830,旺宏台新62購02,1.08,1.02
1150820,079831,旺宏台新62購03,0.94,1.01
1150820,079832,金像電台新65購02,2.20,2.29
1150820,079833,金像電台新65購03,4.00,4.21
1150820,079834,群光台新65購01,1.19,1.18
1150820,079836,正崴台新62購01,1.16,1.21
1150820,079837,京元電台新65購02,1.87,2.19
1150820,079840,晶技台新65購01,1.85,1.81
1150820,079841,宏致台新62購01,0.94,1.27
1150820,079842,貿聯台新63購01,,0.98
1150820,079843,日月光台新65購01,2.55,2.88
1150820,079844,日月光台新68購01,2.84,3.21
1150820,079845,定穎控台新62購01,1.44,1.50
1150820,079846,定穎控台新62購02,0.75,0.90
1150820,079847,鈞興台新65購01,,1.12
1150820,079850,台郡台新65購01,,2.21
1150820,079851,統新台新65購01,2.89,2.56
1150820,079852,達發台新62購01,,1.25
1150820,079853,南亞統一67購02,0.59,0.64
1150820,079854,南亞統一6B購03,0.74,0.78
1150820,079855,南亞統一6C購01,,0.77
1150820,079856,所羅門統一65購04,0.73,0.84
1150820,079857,建準統一66購01,,0.59
1150820,079859,凌華統一66購02,0.47,0.55
1150820,079860,矽力統一66購01,0.58,0.62
1150820,079861,矽力統一6B購01,0.70,0.69
1150820,079862,矽力統一6C購01,0.64,0.65
1150820,079863,T50反1中信66購04,,1.83
1150820,079864,臺指反中信66購02,0.59,0.58
1150820,079865,南亞中信62購01,0.66,0.75
1150820,079866,鴻海中信65購04,,0.59
1150820,079867,台積電中信64購02,0.67,0.73
1150820,079868,台積電中信68購01,0.56,0.60
1150820,079869,京元電中信62購03,1.39,1.51
1150820,07986U,台積電富邦61售04,,0.04
1150820,079870,緯穎中信63購02,1.21,1.38
1150820,079871,南亞永豐63購02,1.14,1.23
1150820,079872,南亞永豐63購03,0.85,0.91
1150820,079873,南亞永豐63購04,1.04,1.10
1150820,079874,南亞永豐63購05,1.36,1.50
1150820,079875,南亞永豐63購06,0.57,0.67
1150820,079876,南亞永豐63購07,1.33,1.38
1150820,079877,南亞永豐65購01,1.11,1.16
1150820,079878,南亞永豐65購02,,1.16
1150820,079879,南亞永豐68購01,1.48,1.53
1150820,079880,南亞永豐68購02,,1.36
1150820,079881,南亞永豐72購01,2.56,2.71
1150820,079882,上銀永豐63購03,0.96,0.91
1150820,079883,仁寶永豐63購01,2.44,2.85
1150820,079884,鴻準永豐63購03,,1.23
1150820,079885,大銀永豐64購02,1.28,1.30
1150820,079886,矽力永豐63購01,1.06,1.18
1150820,079887,矽力永豐63購02,1.36,1.62
1150820,079888,矽力永豐63購03,1.02,1.10
1150820,079889,矽力永豐65購01,0.86,0.84
1150820,079890,矽力永豐65購02,,1.48
1150820,079893,光聖永豐65購01,1.83,1.88
1150820,079894,南茂永豐63購03,1.05,1.28
1150820,079895,T50正2元大63購02,1.19,1.28
1150820,079896,T50正2元大63購03,1.07,1.07
1150820,079897,臺指2X元大63購03,1.15,1.18
1150820,079899,南亞元大63購01,1.07,1.14
1150820,079900,南亞元大63購02,0.98,1.02
1150820,079901,南亞元大64購03,0.64,0.72
1150820,079902,南亞元大64購04,0.61,0.69
1150820,079903,上銀元大63購07,1.52,1.47
1150820,079904,上銀元大63購08,1.10,1.19
1150820,079905,上銀元大63購09,1.46,1.56
1150820,079906,上銀元大64購06,0.53,0.53
1150820,079907,光寶科元大63購06,1.62,1.78
1150820,079908,光寶科元大63購07,0.83,0.82
1150820,079909,光寶科元大63購08,0.73,0.74
1150820,07990U,臺股指富邦61售07,,0.03
1150820,079910,光寶科元大64購04,0.72,0.78
1150820,079911,全友元大63購01,1.34,1.47
1150820,079913,台積電元大64購24,1.23,1.28
1150820,079914,華邦電元大63購17,1.16,1.24
1150820,079915,華邦電元大63購18,1.28,1.32
1150820,079916,華邦電元大63購19,,0.82
1150820,079917,華邦電元大64購10,,0.71
1150820,079918,所羅門元大63購01,1.34,1.66
1150820,079919,所羅門元大64購03,1.05,1.19
1150820,079920,光聖統一5B購01,5.30,4.98
1150820,079921,南亞科元大63購23,0.87,0.82
1150820,079922,南亞科元大64購12,0.91,0.89
1150820,079923,揚博元大64購03,1.01,1.27
1150820,079924,晶豪科元大63購08,0.93,1.04
1150820,079925,晶豪科元大63購09,,1.54
1150820,079928,晶豪科元大64購07,0.86,0.96
1150820,079930,晶豪科元大65購01,0.54,0.60
1150820,079931,大立光元大64購08,1.71,1.47
1150820,079932,緯創元大64購08,0.98,1.00
1150820,079934,貿聯元大64購04,1.48,1.46
1150820,079935,臻鼎元大63購11,1.27,1.47
1150820,079936,臻鼎元大63購12,1.09,1.23
1150820,079937,臻鼎元大64購06,0.54,0.60
1150820,079938,飛捷元大63購01,0.81,0.86
1150820,079939,矽力元大64購01,1.40,1.48
1150820,079940,光聖元大63購03,1.96,2.05
1150820,079941,光聖元大63購05,1.69,1.77
1150820,079942,力積電元大64購05,,1.69
1150820,079943,元金2X群益62購08,2.53,2.24
1150820,079944,南亞群益63購01,1.32,1.39
1150820,079945,南亞群益63購02,1.00,1.30
1150820,079946,華新群益63購02,3.72,3.96
1150820,079947,上銀群益66購01,0.61,0.56
1150820,079948,光寶科群益62購02,1.78,1.79
1150820,079949,華通群益63購08,1.62,1.58
1150820,079950,台積電群益63購08,3.52,3.85
1150820,079952,華邦電群益63購03,3.02,3.15
1150820,079953,智邦群益63購05,2.76,3.12
1150820,079954,金像電群益63購02,1.22,1.32
1150820,079955,瑞昱群益62購01,1.27,1.51
1150820,079956,南亞科群益63購02,,1.58
1150820,079957,友達群益63購04,1.94,2.12
1150820,079958,京元電群益63購04,3.21,3.55
1150820,079960,王品群益63購01,1.35,1.30
1150820,079961,大立光群益63購01,4.72,3.89
1150820,079962,緯創群益63購03,3.08,3.60
1150820,079963,貿聯群益63購02,,3.51
1150820,079964,日月光群益63購01,2.77,3.09
1150820,079965,臻鼎群益63購01,2.61,2.97
1150820,079966,天鈺群益63購01,0.68,0.70
1150820,079967,天鈺群益63購02,,0.88
1150820,079968,祥碩群益62購01,1.62,1.57
1150820,079969,亞翔群益65購01,0.69,0.78
1150820,079970,力成群益68購02,,0.74
1150820,079971,同欣電群益62購01,1.84,1.94
1150820,079972,矽力群益63購01,,1.40
1150820,079974,力積電群益63購02,1.51,1.80
1150820,079975,松川群益63購02,2.42,2.88
1150820,079977,科技新凱基63購01,1.78,1.85
1150820,079978,南亞凱基63購01,0.87,1.01
1150820,079979,台玻凱基63購03,2.58,2.58
1150820,079980,東鋼凱基63購01,,0.65
1150820,079981,大成鋼凱基63購02,1.18,1.20
1150820,079982,上銀凱基63購02,1.18,1.14
1150820,079983,上銀凱基64購01,0.79,0.84
1150820,079984,華通凱基63購10,1.45,1.39
1150820,079985,台積電凱基68購02,2.36,2.44
1150820,079986,台積電凱基6A購01,2.34,2.41
1150820,079987,台積電凱基6C購08,2.37,2.43
1150820,079988,所羅門凱基65購01,1.85,2.14
1150820,079989,金像電凱基68購01,1.14,1.22
1150820,079990,大同凱基63購01,,1.65
1150820,079991,微星凱基66購01,1.12,1.33
1150820,079992,瑞昱凱基63購01,0.63,0.66
1150820,079993,威盛凱基64購02,,1.16
1150820,079994,建準凱基63購01,,1.34
1150820,079995,京元電凱基64購06,,0.81
1150820,079997,亞光凱基63購02,1.61,1.71
1150820,079998,文曄凱基64購01,0.86,0.86
1150820,079999,嘉澤凱基63購02,0.37,0.49
1150820,080000,宏致凱基63購02,1.31,1.48
1150820,080001,大銀凱基65購01,1.02,1.26
1150820,080002,十銓凱基63購02,,1.43
1150820,080003,帆宣凱基63購02,1.12,1.22
1150820,080004,力成凱基63購05,1.09,1.07
1150820,080005,樺漢凱基64購01,,0.88
1150820,080006,光聖凱基63購01,1.87,1.85
1150820,080007,台塑化凱基64購02,,1.00
1150820,080009,騰輝電凱基64購01,2.40,2.26
1150820,080010,惠特凱基63購01,1.20,1.52
1150820,080012,兆聯凱基64購01,,1.20
1150820,080013,松川凱基63購02,1.64,1.92
1150820,080014,致新凱基63購02,,1.18
1150820,080015,勤誠凱基63購04,0.71,0.78
1150820,080017,新光鋼國票68購01,0.81,0.81
1150820,080018,全友國票64購01,1.30,1.48
1150820,080019,茂矽國票66購01,1.09,0.95
1150820,080020,技嘉國票63購01,,2.66
1150820,080022,裕民國票65購01,0.95,0.97
1150820,080023,晶豪科國票63購02,1.76,1.73
1150820,080024,晶豪科國票65購01,,2.02
1150820,080026,矽力國票66購01,,1.18
1150820,080027,統新國票64購01,1.68,1.51
1150820,080028,統新國票66購01,2.02,1.84
1150820,080029,連加國票67購01,,0.60
1150820,080030,富邦媒國票68購01,0.61,0.63
1150820,080031,南亞國泰63購01,1.83,1.97
1150820,080032,南亞國泰63購02,,2.06
1150820,080033,光寶科國泰63購02,1.84,2.03
1150820,080034,晶豪科國泰63購01,1.66,1.87
1150820,080037,宏致國泰63購01,,2.69
1150820,080038,jpp國泰63購01,2.68,2.64
1150820,080040,矽力國泰63購01,1.81,1.93
1150820,080041,AES國泰63購02,1.25,1.25
1150820,080042,勤誠國泰63購03,0.95,1.04
1150820,080043,元金2X富邦68購01,1.03,0.97
1150820,080044,南亞富邦64購03,0.63,0.71
1150820,080045,南亞富邦65購01,0.62,0.73
1150820,080046,光寶科富邦62購03,0.80,0.84
1150820,080047,鴻海富邦64購02,,0.74
1150820,080048,鴻海富邦66購02,,0.74
1150820,080049,鴻海富邦68購01,,0.71
1150820,080050,鴻海富邦78購01,,1.03
1150820,080051,友達富邦62購02,,0.78
1150820,080052,皇昌富邦63購01,0.64,0.62
1150820,080053,嘉晶富邦62購01,0.59,0.64
1150820,080054,帆宣富邦62購01,,0.66
1150820,080055,矽格富邦62購03,0.55,0.72
1150820,080056,騰輝電富邦62購01,0.96,0.93
1150820,080057,AES富邦65購01,0.65,0.68
1150820,080058,勤誠富邦62購01,0.35,0.39
1150820,080059,台灣50台新68購01,,1.97
1150820,080060,台灣50台新68購02,,2.59
1150820,080061,日本2X台新62購01,1.75,1.70
1150820,080062,南亞台新62購01,1.72,2.01
1150820,080063,南亞台新65購01,1.26,1.41
1150820,080064,南亞台新65購02,0.98,1.11
1150820,080065,中砂台新65購01,,3.12
1150820,080066,永光台新65購01,2.13,2.13
1150820,080067,光寶科台新68購01,1.65,1.73
1150820,080068,光寶科台新68購02,2.19,2.28
1150820,080070,華邦電台新62購01,,3.70
1150820,080071,漢唐台新68購01,1.84,1.99
1150820,080072,南亞科台新68購01,1.47,1.44
1150820,080073,晶豪科台新62購02,2.76,2.80
1150820,080074,健鼎台新62購01,3.00,3.09
1150820,080075,健鼎台新62購02,2.36,2.44
1150820,080076,全科台新62購01,0.91,1.01
1150820,080077,牧德台新65購01,1.49,1.60
1150820,080078,辛耘台新62購01,1.64,1.77
1150820,080079,智伸科台新65購01,,1.12
1150820,080080,矽力台新62購01,1.78,1.97
1150820,080081,矽力台新65購01,1.94,2.08
1150820,080083,統新台新62購01,1.69,1.54
1150820,080085,力智台新65購01,,1.43
1150820,080087,松川台新63購01,1.45,1.68
1150820,080088,南茂台新65購01,,1.39
1150820,080090,倍利科國票66購01,1.05,0.97
1150820,080091,群臺2X中信68購01,,0.78
1150820,080092,光寶科中信62購02,0.62,0.62
1150820,080093,南亞科中信62購04,0.60,0.60
1150820,080094,南亞科中信62購05,,0.71
1150820,080095,強茂中信66購01,0.69,0.68
1150820,080096,定穎控中信67購01,0.33,0.33
1150820,080098,上銀富邦62購03,0.58,0.57
1150820,080099,楠梓電富邦63購02,0.61,0.69
1150820,080100,旺宏富邦62購02,0.72,0.77
1150820,080101,華碩富邦62購01,0.99,1.06
1150820,080102,技嘉富邦68購01,0.74,0.82
1150820,080103,南亞科富邦62購08,0.66,0.65
1150820,080104,長榮富邦65購01,1.27,1.12
1150820,080105,長榮航富邦62購01,,0.43
1150820,080106,群創富邦64購02,,0.67
1150820,080107,緯穎富邦66購02,1.10,1.21
1150820,080108,富世達富邦63購05,1.08,1.13
1150820,080109,楠梓電永豐63購01,0.87,1.09
1150820,080110,楠梓電永豐63購02,,1.10
1150820,080111,楠梓電永豐65購01,1.14,1.27
1150820,080113,旺宏永豐64購02,0.99,1.12
1150820,080114,華邦電永豐63購03,1.03,1.11
1150820,080115,華邦電永豐78購01,1.45,1.50
1150820,080116,南亞科永豐67購04,1.48,1.49
1150820,080117,南亞科永豐75購01,2.04,2.24
1150820,080119,超豐永豐66購01,,0.76
1150820,080120,強茂永豐64購02,1.35,1.40
1150820,080122,兆赫永豐64購01,0.52,0.52
1150820,080123,長榮航永豐63購01,1.23,1.17
1150820,080124,健和興永豐64購01,,1.00
1150820,080125,威強電永豐64購01,,0.54
1150820,080126,群創永豐63購02,,0.94
1150820,080127,群創永豐65購02,,1.05
1150820,080128,群創永豐68購01,,1.36
1150820,080129,定穎控永豐63購04,0.61,0.66
1150820,080130,帆宣永豐63購01,,0.97
1150820,080131,帆宣永豐63購02,,1.42
1150820,080132,飛捷永豐64購01,0.82,0.84
1150820,080133,飛捷永豐64購02,,0.98
1150820,080135,同欣電永豐65購01,,1.18
1150820,080137,力積電永豐64購06,1.54,1.75
1150820,080138,AES永豐64購01,0.75,0.74
1150820,080139,AES永豐64購02,0.65,0.65
1150820,080140,富世達永豐63購06,1.22,1.30
1150820,080141,天二永豐63購01,1.17,1.36
1150820,080142,天二永豐63購02,1.01,1.20
1150820,080143,天二永豐65購01,,1.50
1150820,080144,倍利科永豐64購01,1.00,0.94
1150820,080145,勤誠永豐64購02,0.77,0.83
1150820,080146,宇瞻永豐63購01,1.20,1.20
1150820,080147,宇瞻永豐64購01,1.41,1.43
1150820,080149,元黃金元大63購03,,1.59
1150820,080150,台橡元大63購01,1.10,1.09
1150820,080151,光寶科元大64購05,0.55,0.56
1150820,080152,楠梓電元大64購01,0.52,0.54
1150820,080153,台積電元大64購25,,0.60
1150820,080154,旺宏元大63購08,1.09,1.21
1150820,080155,旺宏元大63購09,0.52,0.62
1150820,080156,旺宏元大64購01,0.49,0.52
1150820,080157,華邦電元大63購20,1.00,1.03
1150820,080158,華邦電元大63購21,0.61,0.62
1150820,080159,華邦電元大64購11,0.58,0.62
1150820,080160,華碩元大63購02,0.73,0.80
1150820,080161,矽統元大64購02,,0.56
1150820,080162,研華元大64購06,0.55,0.58
1150820,080163,南亞科元大63購24,,1.39
1150820,080164,南亞科元大63購25,,1.16
1150820,080166,南亞科元大63購26,1.25,1.25
1150820,080167,南亞科元大63購27,0.69,0.68
1150820,080168,南亞科元大64購13,,1.30
1150820,080169,南亞科元大64購14,1.09,1.09
1150820,080172,南亞科元大65購07,0.60,0.60
1150820,080173,建準元大63購03,1.03,1.05
1150820,080174,建準元大64購01,,0.47
1150820,080175,鼎元元大63購01,2.05,1.79
1150820,080176,文曄元大64購02,,0.92
1150820,080177,凌航元大63購01,1.12,1.19
1150820,080178,緯創元大63購08,0.95,0.96
1150820,080179,緯創元大64購09,1.10,1.18
1150820,080180,群創元大64購07,0.47,0.54
1150820,080181,宏致元大63購01,1.06,1.06
1150820,080182,貿聯元大63購20,1.18,1.13
1150820,080183,貿聯元大64購05,1.08,1.07
1150820,080184,飛捷元大63購02,1.15,1.28
1150820,080185,飛捷元大63購03,0.47,0.51
1150820,080186,緯穎元大64購10,1.30,1.37
1150820,080187,力積電元大64購06,0.66,0.73
1150820,080188,富世達元大63購12,,1.50
1150820,080189,富世達元大64購08,,0.92
1150820,080190,天二元大63購01,1.07,1.20
1150820,080191,松川元大64購02,0.80,0.90
1150820,080194,臺股指元大64購19,1.59,1.59
1150820,080195,南亞統一68購01,0.58,0.61
1150820,080196,光寶科統一6C購01,0.83,0.83
1150820,080197,楠梓電統一65購02,,0.67
1150820,080198,南亞科統一6C購03,,0.74
1150820,080199,大毅統一6A購01,0.71,0.69
1150820,080200,強茂統一64購02,0.60,0.67
1150820,080201,強茂統一66購02,0.51,0.50
1150820,080203,嘉晶統一6B購02,0.53,0.56
1150820,080204,文曄統一68購01,,0.49
1150820,080205,矽力統一6C購02,0.65,0.65
1150820,080206,倍利科統一6A購01,0.64,0.60
1150820,080207,直得國泰63購01,1.21,1.27
1150820,080208,楠梓電國泰63購01,,1.56
1150820,080210,鴻準國泰63購01,1.28,1.29
1150820,080211,鴻準國泰63購02,1.04,1.06
1150820,080212,強茂國泰63購02,1.59,1.65
1150820,080213,健鼎國泰63購02,2.11,2.12
1150820,080214,群創國泰63購02,1.06,1.25
1150820,080216,台郡國泰63購01,,1.60
1150820,080217,富世達國泰63購03,1.66,1.76
1150820,080218,富世達國泰63購04,1.43,1.43
1150820,080219,華新群益62購01,3.21,3.20
1150820,080220,台玻群益62購03,3.46,3.19
1150820,080221,第一銅群益63購01,,1.00
1150820,080222,光寶科群益62購03,2.98,3.16
1150820,080223,華通群益62購04,1.43,1.32
1150820,080226,台積電群益62購14,,1.00
1150820,080227,台積電群益63購09,2.53,2.53
1150820,080228,台積電群益64購05,1.20,1.20
1150820,080229,旺宏群益62購06,2.89,3.19
1150820,080230,華邦電群益62購04,2.13,2.13
1150820,080231,所羅門群益66購01,0.78,0.92
1150820,080232,金像電群益62購05,1.59,1.76
1150820,080233,微星群益62購04,,1.28
1150820,080234,瑞昱群益62購02,1.30,1.28
1150820,080235,南亞科群益66購01,0.81,0.81
1150820,080237,京元電群益62購06,2.21,2.54
1150820,080238,志聖群益62購01,3.66,3.64
1150820,080239,強茂群益63購01,0.87,0.87
1150820,080241,亞光群益62購03,0.78,0.87
1150820,080242,群創群益62購03,1.48,1.76
1150820,080243,群創群益64購01,1.07,1.30
1150820,080244,嘉澤群益62購03,,0.87
1150820,080245,日月光群益62購04,0.93,1.04
1150820,080246,十銓群益62購03,1.77,1.61
1150820,080247,彩晶群益62購01,0.75,0.78
1150820,080248,力成群益68購03,0.58,0.65
1150820,080249,台塑化群益62購01,2.86,2.68
1150820,080250,騰輝電群益63購01,,1.21
1150820,080251,富世達群益64購01,1.30,1.36
1150820,080252,兆聯群益62購01,3.31,3.33
1150820,080253,意騰群益63購01,1.02,1.02
1150820,080255,勤誠群益62購05,1.80,2.01
1150820,080256,宇瞻群益64購01,1.33,1.29
1150820,080257,巨大群益64購01,0.84,0.77
1150820,080258,南亞凱基63購03,1.03,1.06
1150820,080259,新光鋼凱基63購01,1.29,1.26
1150820,080260,光寶科凱基63購03,1.34,1.44
1150820,080261,楠梓電凱基63購01,1.33,1.33
1150820,080262,華邦電凱基63購08,1.06,1.08
1150820,080263,技嘉凱基63購02,1.74,2.23
1150820,080264,南亞科凱基63購15,,1.55
1150820,080265,南亞科凱基63購16,1.46,1.92
1150820,080266,友達凱基63購02,1.09,1.20
1150820,080267,強茂凱基63購01,1.22,1.28
1150820,080268,強茂凱基63購02,1.33,1.46
1150820,080269,強茂凱基63購03,1.44,1.52
1150820,080270,大立光凱基63購10,4.41,3.75
1150820,080272,群創凱基63購03,0.94,1.15
1150820,080273,群創凱基64購02,,1.03
1150820,080274,貿聯凱基66購01,1.11,1.16
1150820,080275,日月光凱基66購01,1.07,1.15
1150820,080276,臻鼎凱基66購02,1.53,1.68
1150820,080277,祥碩凱基63購02,1.83,1.89
1150820,080278,亞翔凱基65購01,,1.16
1150820,080279,力成凱基63購06,0.76,0.76
1150820,080280,啟碁凱基65購01,1.22,1.23
1150820,080281,矽力凱基63購01,0.93,1.03
1150820,080282,矽力凱基63購02,0.98,1.06
1150820,080283,矽力凱基64購01,0.83,0.90
1150820,080284,光聖凱基63購02,1.55,1.65
1150820,080285,力積電凱基64購02,1.25,1.34
1150820,080286,富世達凱基63購05,0.91,0.91
1150820,080287,天二凱基63購01,,1.07
1150820,080289,ITH凱基64購01,,0.71
1150820,080290,金像電台新62購03,,1.59
1150820,080291,金像電台新65購04,2.27,2.43
1150820,080292,凱美台新62購01,1.24,1.34
1150820,080293,凱美台新63購01,1.56,1.63
1150820,080294,凱美台新65購01,1.17,1.30
1150820,080295,凱美台新65購02,1.30,1.31
1150820,080296,威盛台新65購01,1.37,1.37
1150820,080297,研華台新63購01,,1.35
1150820,080298,南亞科台新62購08,,2.19
1150820,080300,南亞科台新68購02,1.13,1.13
1150820,080301,群創台新65購03,,1.26
1150820,080302,群創台新68購01,0.96,1.13
1150820,080303,臻鼎台新62購02,1.89,2.15
1150820,080304,力成台新68購01,2.67,2.93
1150820,080305,旭隼台新63購01,,1.42
1150820,080306,富世達台新65購01,2.73,2.78
1150820,080307,倍利科台新62購01,1.46,1.32
1150820,080308,宇瞻台新65購01,1.81,1.82
1150820,080309,華新中信62購01,0.55,0.53
1150820,080310,金像電中信64購03,1.33,1.43
1150820,080311,永光永豐63購01,1.86,1.86
1150820,080312,中鋼永豐63購01,1.29,1.23
1150820,080314,新光鋼永豐64購01,0.96,0.92
1150820,080315,南帝永豐64購01,,0.76
1150820,080316,華邦電永豐6C購04,1.28,1.25
1150820,080318,立隆電永豐63購03,,1.08
1150820,080319,群創永豐65購03,0.71,0.78
1150820,080320,群創永豐68購02,,1.72
1150820,080321,嘉澤永豐65購01,,0.43
1150820,080322,致新永豐63購01,0.73,0.74
1150820,080325,美利達永豐63購01,1.15,1.07
1150820,080326,巨大永豐63購01,0.66,0.66
1150820,080327,巨大永豐64購01,0.45,0.45
1150820,080328,南亞統一68購02,0.75,0.83
1150820,080329,偉詮電統一6A購01,,0.61
1150820,080330,威強電統一65購01,,0.43
1150820,080331,智伸科統一68購01,,0.66
1150820,080332,飛捷統一68購01,,0.64
1150820,080333,矽力統一68購01,0.72,0.77
1150820,080334,矽創統一6B購01,0.68,0.70
1150820,080337,巨大統一68購01,0.69,0.67
1150820,080339,旺宏國泰63購07,1.36,1.50
1150820,08033U,世芯群益59售01,0.02,0.02
1150820,080340,聯鈞統一5B購01,,3.02
1150820,080341,聯鈞統一5B購02,,1.89
1150820,080343,華邦電國泰63購06,,1.75
1150820,080344,華邦電國泰63購07,,1.69
1150820,080346,長榮國泰63購01,1.97,1.83
1150820,080347,長榮國泰63購02,2.56,2.38
1150820,080348,萬海國泰63購01,3.19,2.78
1150820,080349,萬海國泰63購02,3.93,3.17
1150820,080353,研華國票63購01,2.10,2.13
1150820,080354,超豐國票64購01,,1.31
1150820,080355,強茂國票63購01,1.55,1.58
1150820,080356,強茂國票63購02,1.61,1.77
1150820,080358,長榮太國票63購01,,1.32
1150820,080360,威強電國票63購01,,0.91
1150820,080363,昇貿國票64購01,,1.07
1150820,080364,群創國票64購01,1.61,1.88
1150820,080365,鈞興國票63購01,1.17,1.25
1150820,080366,臻鼎國票63購02,1.60,1.81
1150820,080367,天二國票68購01,,0.76
1150820,080368,永擎國票63購01,2.06,2.36
1150820,080369,永擎國票65購01,2.80,2.96
1150820,080371,亞德客台新63購01,1.12,1.13
1150820,080372,光寶科台新65購01,1.15,1.17
1150820,080373,光寶科台新65購02,1.34,1.35
1150820,080374,華邦電台新62購02,1.02,1.06
1150820,080375,華邦電台新63購03,,1.75
1150820,080377,長榮台新62購01,1.99,1.84
1150820,080378,長榮台新62購02,1.77,1.57
1150820,080380,緯創台新68購01,1.40,1.54
1150820,080381,辛耘台新62購02,5.05,5.20
1150820,080382,力成台新68購02,1.76,1.77
1150820,080383,啟碁台新68購01,,1.75
1150820,080384,矽力台新65購02,1.62,1.82
1150820,080386,光寶科富邦66購01,0.81,0.83
1150820,080387,光寶科富邦68購01,0.87,0.90
1150820,080388,光寶科富邦78購01,0.81,0.85
1150820,080390,台積電富邦64購04,0.62,0.62
1150820,080391,台積電富邦64購05,0.84,0.83
1150820,080392,台積電富邦66購01,,1.06
1150820,080393,友達富邦78購01,,0.93
1150820,080394,強茂富邦63購02,0.69,0.73
1150820,080395,強茂富邦65購01,0.58,0.62
1150820,080396,萬海富邦62購01,1.38,1.12
1150820,080398,晶技富邦62購03,0.65,0.68
1150820,080399,日月光富邦65購02,,0.65
1150820,080400,南茂富邦63購02,0.60,0.63
1150820,080401,南茂富邦65購01,,0.67
1150820,080402,元黃金群益64購02,,0.57
1150820,080406,台股增群益63購01,,3.58
1150820,080407,南亞群益64購02,2.93,3.20
1150820,080408,華城群益63購03,1.36,1.36
1150820,080409,和桐群益63購01,1.21,1.17
1150820,080412,中砂統一59購01,3.23,3.46
1150820,080413,光寶科群益68購01,0.80,0.82
1150820,080414,楠梓電群益63購03,,0.98
1150820,080415,聯鈞統一59購01,,3.44
1150820,080416,聯鈞統一61購01,,1.93
1150820,080417,鴻海群益63購08,1.07,1.04
1150820,080418,台積電群益63購10,,0.86
1150820,080419,台積電群益65購03,,0.72
1150820,080420,台積電群益66購06,0.73,0.76
1150820,080421,華碩群益63購01,1.59,1.78
1150820,080422,華碩群益63購02,1.98,2.06
1150820,080423,矽統群益63購03,1.61,1.60
1150820,080424,金像電群益63購03,2.02,2.11
1150820,080425,技嘉群益62購03,3.58,4.30
1150820,080429,友達群益63購05,1.02,1.11
1150820,080431,京元電群益63購05,1.29,1.28
1150820,080433,亞航群益63購01,1.53,1.53
1150820,080434,健和興群益63購01,,1.00
1150820,080435,大立光群益63購02,2.78,2.45
1150820,080437,晶技群益63購02,1.33,1.33
1150820,080438,晶技群益63購03,1.57,1.59
1150820,080439,健鼎群益63購01,2.83,2.86
1150820,080440,緯創群益62購05,2.74,2.67
1150820,080441,緯創群益63購04,1.13,1.11
1150820,080442,緯創群益63購05,0.77,0.76
1150820,080443,緯創群益63購06,1.13,1.14
1150820,080444,群創群益63購01,1.36,1.63
1150820,080445,貿聯群益63購03,,2.19
1150820,080446,日月光群益62購05,0.97,1.06
1150820,080448,臻鼎群益63購02,1.52,1.77
1150820,080449,中磊群益62購01,0.66,0.69
1150820,080450,亞翔群益63購02,,1.03
1150820,080451,帆宣群益63購03,,2.14
1150820,080452,啟碁群益63購02,1.18,1.15
1150820,080453,旭隼群益63購02,2.55,2.48
1150820,080454,旭隼群益63購03,,1.46
1150820,080456,富世達群益63購02,1.25,1.34
1150820,080460,至上群益63購01,0.73,0.77
1150820,080461,至上群益63購02,,0.77
1150820,080462,巨大群益63購01,0.94,0.86
1150820,080463,巨大群益63購02,0.91,0.91
1150820,080464,南亞凱基63購04,1.19,1.42
1150820,080465,東元凱基63購01,2.14,2.06
1150820,080466,上銀凱基63購03,1.82,1.83
1150820,080467,光寶科凱基66購01,1.36,1.46
1150820,080468,華通凱基65購02,1.40,1.33
1150820,080469,楠梓電凱基63購02,,0.78
1150820,080471,旺宏凱基63購04,0.87,0.89
1150820,080472,華邦電凱基65購02,1.16,1.13
1150820,080473,華碩凱基65購01,1.72,1.71
1150820,080474,所羅門凱基64購01,2.09,2.43
1150820,080475,矽統凱基63購01,,1.45
1150820,080476,金像電凱基63購09,1.87,1.94
1150820,080477,瑞昱凱基63購02,1.19,1.27
1150820,080478,研華凱基63購02,1.31,1.36
1150820,080479,建準凱基63購02,1.13,1.21
1150820,080480,京元電凱基63購07,1.39,1.42
1150820,080483,文曄凱基63購02,1.38,1.36
1150820,080484,健鼎凱基63購02,1.45,1.58
1150820,080485,群創凱基63購04,0.94,1.08
1150820,080486,嘉澤凱基65購01,0.73,0.74
1150820,080489,力成凱基64購02,1.20,1.19
1150820,08048U,台積電統一61售05,,0.02
1150820,080490,GIS凱基63購01,,1.22
1150820,080491,捷敏凱基63購01,1.40,1.49
1150820,080492,緯穎凱基63購07,,1.24
1150820,080493,力積電凱基63購07,1.89,1.89
1150820,080495,富世達凱基66購01,1.42,1.52
1150820,080496,倍利科凱基63購01,1.09,1.00
1150820,080498,勤誠凱基63購05,0.84,1.01
1150820,080499,寶成凱基63購01,1.23,1.22
1150820,08049U,元金2X凱基59售01,,1.36
1150820,080500,臺股指凱基63購30,,1.08
1150820,080504,道瓊銀元大63購02,1.50,1.50
1150820,080506,南亞元大63購03,1.44,1.56
1150820,080507,南亞元大63購04,1.23,1.29
1150820,080508,南亞元大64購05,0.90,0.99
1150820,080509,聯鈞統一65購01,,2.45
1150820,080510,世芯統一5B購01,,1.32
1150820,080512,亞德客元大63購03,0.89,0.88
1150820,080513,上銀元大63購10,1.84,1.77
1150820,080514,上銀元大64購07,0.91,0.96
1150820,080515,華通元大63購12,1.73,1.67
1150820,080516,華通元大64購10,0.64,0.62
1150820,080517,仁寶元大63購03,1.67,1.82
1150820,080518,仁寶元大64購02,1.29,1.47
1150820,080519,台積電元大64購26,1.39,1.43
1150820,08051P,台積電凱基64售01,0.05,0.05
1150820,080520,鴻準元大64購03,1.31,1.38
1150820,080521,英業達元大64購06,1.13,1.29
1150820,080522,所羅門元大63購02,1.38,1.44
1150820,080523,所羅門元大64購04,0.92,1.00
1150820,080525,金像電元大64購08,1.21,1.19
1150820,080526,技嘉元大64購02,1.28,1.45
1150820,080527,創見元大64購02,1.30,1.28
1150820,080528,大毅元大63購02,0.66,0.67
1150820,080529,揚博元大64購04,,0.43
1150820,080530,長榮元大64購01,1.56,1.45
1150820,080531,新興元大63購01,2.61,2.58
1150820,080532,萬海元大64購03,2.34,1.95
1150820,080533,嘉晶元大64購01,1.13,1.23
1150820,080534,威強電元大63購01,,0.57
1150820,080536,晶技元大64購05,0.61,0.64
1150820,080537,群創元大63購11,1.40,1.57
1150820,080538,群創元大63購12,,1.50
1150820,080539,群創元大64購08,,1.38
1150820,080540,大聯大元大64購02,,0.46
1150820,080541,日月光元大64購07,0.52,0.56
1150820,080542,定穎控元大63購02,0.75,0.82
1150820,080544,定穎控元大64購02,,0.53
1150820,080545,中磊元大63購02,,0.33
1150820,080546,亞翔元大64購09,1.10,1.23
1150820,080548,矽力元大63購02,1.39,1.39
1150820,080549,矽力元大64購02,0.52,0.54
1150820,080550,保瑞元大64購03,1.74,1.53
1150820,080551,力積電元大64購07,1.54,1.76
1150820,080552,天二元大63購02,1.03,1.09
1150820,080553,天二元大63購03,0.98,1.03
1150820,080554,永擎元大63購01,1.31,1.48
1150820,080555,永擎元大63購02,0.83,0.96
1150820,080556,松川元大64購03,1.40,1.67
1150820,080557,至上元大64購03,0.53,0.53
1150820,080558,巨大元大63購01,0.71,0.63
1150820,080559,台股增國票63購01,,2.02
1150820,080560,台股增國票64購01,2.10,2.10
1150820,080561,長興國票63購01,,1.37
1150820,080563,昆盈國票63購01,0.78,0.78
1150820,080564,宏致國票63購01,1.04,1.28
1150820,080565,GIS國票63購01,1.86,1.86
1150820,080569,所羅門統一68購01,0.81,0.86
1150820,080570,金像電統一6B購03,,0.60
1150820,080571,技嘉統一66購01,,0.53
1150820,080572,微星統一6C購01,,0.55
1150820,080574,大毅統一68購02,0.70,0.70
1150820,080577,宏致統一66購01,0.46,0.55
1150820,080578,宏致統一68購01,0.62,0.69
1150820,080580,宏致統一6B購02,0.57,0.61
1150820,080582,誠美材統一6A購01,,0.49
1150820,080583,光聖統一68購02,0.94,0.99
1150820,080584,光聖統一6C購02,0.88,0.92
1150820,080585,富世達統一66購04,0.95,1.01
1150820,080587,T50正2中信66購07,0.63,0.63
1150820,080589,健鼎中信62購01,0.79,0.81
1150820,080592,台玻國泰63購01,,1.97
1150820,080593,金像電國泰63購01,1.32,1.49
1150820,080595,晶技國泰63購02,,1.93
1150820,080596,健鼎國泰63購03,1.12,1.19
1150820,080597,GIS國泰63購01,1.91,1.71
1150820,080599,至上國泰63購04,1.23,1.23
1150820,080600,台化群益63購01,1.40,1.40
1150820,080602,中鋼群益63購01,0.98,0.98
1150820,080603,光寶科群益68購02,0.75,0.79
1150820,080604,華通群益62購05,0.67,0.63
1150820,080605,鴻海群益63購09,0.78,0.80
1150820,080606,仁寶群益63購01,2.09,2.20
1150820,080608,英業達群益62購03,,1.94
1150820,080609,所羅門群益66購02,,1.29
1150820,080610,矽統群益62購01,2.09,2.08
1150820,080611,研華群益62購01,1.24,1.31
1150820,080612,漢唐群益62購01,1.60,1.77
1150820,080613,興勤群益63購01,2.22,2.22
1150820,080614,可成群益63購01,1.13,1.13
1150820,080615,強茂群益63購03,1.08,1.06
1150820,080616,揚博群益63購02,,0.69
1150820,080617,長榮群益62購03,1.73,1.73
1150820,080618,長榮航群益62購02,,2.12
1150820,080619,長榮太群益62購01,0.82,0.81
1150820,080620,聯詠群益64購02,1.71,1.70
1150820,080622,晶技群益62購02,1.56,1.57
1150820,080623,健鼎群益63購02,1.72,1.82
1150820,080624,緯創群益62購06,2.38,2.49
1150820,080625,新日興群益62購01,,1.02
1150820,080626,玉晶光群益62購01,6.00,6.33
1150820,080627,群創群益63購02,1.12,1.26
1150820,080628,達明群益63購01,,0.95
1150820,080629,帆宣群益62購02,,1.93
1150820,08062U,可寧衛群益61售01,,2.20
1150820,080630,矽格群益62購03,1.77,1.73
1150820,080632,旭隼群益62購03,1.16,1.12
1150820,080634,力智群益63購02,,1.07
1150820,080635,力積電群益62購04,2.02,2.02
1150820,080636,勤誠群益62購06,2.44,2.57
1150820,080639,元黃金凱基63購02,0.97,0.94
1150820,080641,南亞凱基64購02,,1.67
1150820,080642,華城凱基63購03,2.16,2.10
1150820,080643,長興凱基67購01,1.18,1.18
1150820,080644,美時凱基64購01,1.64,1.59
1150820,080645,鴻海凱基68購05,1.23,1.23
1150820,080646,仁寶凱基63購01,,1.38
1150820,080647,旺宏凱基63購05,1.11,1.11
1150820,080648,華邦電凱基63購09,1.28,1.24
1150820,080649,華邦電凱基78購01,,2.27
1150820,080650,智邦凱基63購03,1.05,1.09
1150820,080651,鴻準凱基63購02,1.81,1.78
1150820,080655,金像電凱基68購02,1.03,1.07
1150820,080656,技嘉凱基64購04,,1.03
1150820,080657,微星凱基63購03,0.58,0.61
1150820,080658,鼎元凱基63購01,1.68,1.42
1150820,080659,超豐凱基63購03,0.80,0.81
1150820,080660,大毅凱基63購02,1.23,1.22
1150820,080661,萬海凱基64購01,3.02,2.54
1150820,080663,健鼎凱基63購03,1.27,1.29
1150820,080664,宏致凱基63購03,0.76,0.91
1150820,080665,貿聯凱基67購01,1.65,1.76
1150820,080666,神達凱基63購02,1.55,1.58
1150820,080667,日月光凱基64購06,1.17,1.26
1150820,080669,亞翔凱基66購01,,1.20
1150820,080670,力成凱基63購07,1.06,1.06
1150820,080671,矽格凱基63購02,1.36,1.34
1150820,080672,世芯元富5B購02,,3.18
1150820,080673,同欣電凱基63購01,1.58,1.59
1150820,080674,光聖凱基63購03,1.14,1.18
1150820,080675,洋基凱基66購01,0.87,0.91
1150820,080677,松川凱基63購03,,2.26
1150820,080678,富邦媒凱基63購01,,0.73
1150820,080679,巨大凱基63購01,0.60,0.59
1150820,080681,士電富邦62購01,0.75,0.75
1150820,080688,長榮太富邦62購03,0.56,0.63
1150820,080689,健鼎富邦62購02,0.83,0.91
1150820,080690,辛耘富邦62購02,0.71,0.76
1150820,080691,神達富邦65購01,0.67,0.68
1150820,080692,大銀富邦62購01,0.57,0.57
1150820,080694,崇越富邦62購01,0.67,0.72
1150820,080695,光聖富邦62購02,0.65,0.69
1150820,080696,力積電富邦63購05,0.57,0.58
1150820,080698,長興台新64購01,1.00,1.00
1150820,080699,台玻台新65購01,1.03,1.03
1150820,080700,上銀台新68購01,2.60,2.40
1150820,080701,鴻海台新65購04,1.61,1.60
1150820,080703,微星台新65購01,,1.56
1150820,080706,宏致台新65購01,,1.48
1150820,080707,臻鼎台新65購01,4.12,4.40
1150820,080708,誠美材台新62購01,,0.79
1150820,080711,矽力台新65購03,2.02,2.04
1150820,080713,力積電台新65購02,2.02,2.03
1150820,080716,台橡永豐64購01,1.43,1.42
1150820,080719,仁寶永豐63購02,1.37,1.36
1150820,080721,所羅門永豐65購01,0.97,1.10
1150820,080722,技嘉永豐63購02,0.79,0.79
1150820,080724,微星永豐63購03,0.61,0.60
1150820,080726,興勤永豐63購01,0.87,0.84
1150820,080729,健鼎永豐63購03,0.99,1.02
1150820,080730,緯創永豐63購02,0.87,0.87
1150820,080731,嘉澤永豐65購02,0.38,0.42
1150820,080732,宏致永豐63購02,1.10,1.43
1150820,080734,大聯大永豐63購01,0.34,0.34
1150820,080735,光聖永豐63購02,0.98,0.98
1150820,080736,力積電永豐63購02,1.10,1.11
1150820,080737,松川永豐63購01,1.38,1.63
1150820,080740,南亞元大63購05,1.39,1.47
1150820,080741,南亞元大63購06,1.13,1.13
1150820,080743,台光電統一59購01,20.30,18.75
1150820,080744,南亞元大64購06,0.78,0.86
1150820,080745,上銀元大64購08,1.17,1.15
1150820,080746,光寶科元大64購06,1.28,1.32
1150820,080748,鴻海元大64購21,,0.41
1150820,080749,仁寶元大63購04,1.46,1.68
1150820,080751,華邦電元大63購22,,0.91
1150820,080752,華邦電元大64購12,0.58,0.59
1150820,080753,鴻準元大64購04,1.27,1.30
1150820,080754,華碩元大64購03,2.15,2.15
1150820,080755,金像電元大63購10,0.89,0.94
1150820,080757,金像電元大63購11,0.62,0.65
1150820,080758,金像電元大64購09,0.84,0.88
1150820,080759,技嘉元大64購03,1.14,1.20
1150820,08075U,國巨群益61售01,0.10,0.11
1150820,080760,微星元大64購07,0.36,0.39
1150820,080761,研華元大64購07,1.50,1.59
1150820,080763,揚博元大64購05,,0.36
1150820,080764,長榮元大63購01,2.13,1.95
1150820,080765,長榮元大63購02,1.67,1.58
1150820,080766,長榮元大64購02,1.70,1.53
1150820,080767,裕民元大63購01,1.89,1.83
1150820,080768,漢翔元大64購05,2.61,2.52
1150820,080769,聯詠元大64購02,1.36,1.41
1150820,080770,文曄元大64購04,,0.91
1150820,080771,緯創元大64購10,0.45,0.48
1150820,080773,貿聯元大64購06,1.57,1.50
1150820,080774,大聯大元大64購03,,0.47
1150820,080775,日月光元大63購11,0.53,0.53
1150820,080776,日月光元大64購08,,0.63
1150820,080777,智伸科元大63購01,,1.50
1150820,080778,材料元大64購02,0.55,0.55
1150820,080779,臻鼎元大64購07,0.57,0.60
1150820,080780,力成元大63購14,1.15,1.15
1150820,080783,台塑化元大64購04,0.76,0.73
1150820,080784,騰輝電元大64購03,1.76,1.84
1150820,080785,力積電元大64購08,,0.59
1150820,080786,松川元大64購04,1.48,1.58
1150820,080787,至上元大64購04,0.56,0.56
1150820,080788,宇瞻元大64購03,0.56,0.56
1150820,080789,臺指2X國票63購02,1.83,1.80
1150820,080790,鴻準國票63購01,1.67,1.64
1150820,080791,鴻準國票64購01,1.76,1.77
1150820,080793,大毅國票64購01,,1.51
1150820,080796,臻鼎國票64購01,,2.01
1150820,080797,光聖國票63購01,1.60,1.60
1150820,080798,騰輝電國票63購01,2.18,2.23
1150820,080799,勤誠國票63購01,,1.41
1150820,080800,電子類國票63購01,1.82,1.91
1150820,080801,電子類國票63購02,,1.99
1150820,080803,大立光中信64購01,1.15,1.13
1150820,080804,奇鋐中信62購01,,0.63
1150820,080805,奇鋐中信62購02,,0.61
1150820,080806,奇鋐中信65購01,0.67,0.69
1150820,080810,台灣50永豐63購09,1.16,1.16
1150820,080811,T50反1永豐63購01,1.09,1.09
1150820,080812,台塑永豐63購01,1.05,1.05
1150820,080814,亞力永豐63購01,1.30,1.30
1150820,080815,中砂永豐65購01,1.34,1.34
1150820,080816,和桐永豐64購01,0.88,0.85
1150820,080817,長興永豐63購01,,1.37
1150820,080821,華碩永豐63購03,1.38,1.30
1150820,080822,所羅門永豐63購01,0.72,0.72
1150820,080826,大立光永豐66購03,1.27,1.20
1150820,080838,玉晶光永豐63購03,0.92,0.96
1150820,080843,力積電永豐64購07,1.12,1.22
1150820,080844,亞光統一65購01,0.31,0.32
1150820,080845,世芯統一5B購02,,1.45
1150820,080846,富世達永豐63購07,2.50,2.67
1150820,080848,光聖統一61購01,3.80,4.20
1150820,080849,光聖統一65購01,3.22,3.12
1150820,080850,羅昇統一5B購01,0.21,0.22
1150820,080853,仁寶統一6B購01,0.69,0.69
1150820,080854,華碩統一6C購02,0.54,0.54
1150820,080855,所羅門統一6B購01,0.66,0.68
1150820,080856,所羅門統一6B購02,0.59,0.63
1150820,080857,偉詮電統一6A購02,,0.63
1150820,080858,大立光統一65購04,1.50,1.48
1150820,080859,奇鋐統一68購04,0.77,0.77
1150820,080860,奇鋐統一6A購03,1.45,1.48
1150820,080861,奇鋐統一6C購02,1.65,1.64
1150820,080865,光聖統一66購01,0.88,0.86
1150820,080868,台化台新68購01,1.92,1.90
1150820,080869,士電台新66購01,2.23,2.23
1150820,08086U,T50正2富邦5B售02,0.18,0.23
1150820,080870,亞力台新66購01,1.42,1.42
1150820,080871,大成鋼台新62購02,,1.23
1150820,080872,鴻海台新62購02,2.87,2.89
1150820,080873,鴻海台新65購05,0.94,0.96
1150820,080875,鴻準台新65購01,1.19,1.22
1150820,080877,所羅門台新65購01,0.98,1.14
1150820,080878,偉詮電台新63購01,,0.88
1150820,08087U,臺股指富邦64售04,,0.17
1150820,080880,鉅祥台新62購01,1.01,1.02
1150820,080881,奇鋐台新62購01,1.35,1.41
1150820,080882,奇鋐台新62購02,1.18,1.29
1150820,080884,奇鋐台新63購02,0.95,1.05
1150820,080887,辛耘台新62購03,1.64,1.72
1150820,080888,辛耘台新63購02,0.86,0.90
1150820,080890,鈺邦台新62購01,,1.29
1150820,080892,力積電台新65購04,,2.82
1150820,080893,富世達台新65購02,,1.66
1150820,080895,上銀元大63購11,1.53,1.53
1150820,080896,光寶科元大64購07,1.36,1.36
1150820,080897,鴻海元大64購22,,1.16
1150820,08089U,臺股指富邦67售03,0.25,0.18
1150820,080900,華邦電元大63購24,,0.61
1150820,080901,華邦電元大64購13,0.61,0.64
1150820,080902,華碩元大64購04,1.46,1.40
1150820,080903,所羅門元大64購05,1.34,1.45
1150820,080904,金像電元大63購12,0.95,1.01
1150820,080905,金像電元大64購10,0.68,0.72
1150820,080906,技嘉元大64購04,0.97,1.00
1150820,080907,微星元大64購08,0.38,0.40
1150820,080909,宏達電元大64購05,1.41,1.37
1150820,080910,新興元大63購02,2.96,2.85
1150820,080911,大立光元大63購21,1.62,1.59
1150820,080912,大立光元大63購22,1.54,1.50
1150820,080913,大立光元大64購09,1.58,1.59
1150820,080914,奇鋐元大64購11,0.63,0.66
1150820,080915,威健元大63購01,0.88,0.91
1150820,080916,威健元大64購01,0.83,0.83
1150820,080918,健鼎元大63購02,1.58,1.60
1150820,080919,健鼎元大63購03,1.16,1.20
1150820,080920,健鼎元大64購01,1.12,1.17
1150820,080921,緯創元大64購11,0.84,0.86
1150820,080922,群創元大64購10,1.20,1.20
1150820,080923,貿聯元大64購07,,1.03
1150820,080924,日月光元大63購12,1.19,1.19
1150820,080925,日月光元大63購13,,0.53
1150820,080926,日月光元大64購09,,0.58
1150820,080927,和碩元大63購02,0.58,0.57
1150820,080928,和碩元大63購03,0.57,0.57
1150820,080929,飛捷元大63購04,1.05,1.04
1150820,08092U,國巨凱基61售01,0.08,0.08
1150820,080930,力成元大63購16,1.25,1.25
1150820,080932,台郡元大64購02,0.50,0.50
1150820,080933,騰輝電元大64購04,1.74,1.79
1150820,080934,松川元大64購05,1.06,1.06
1150820,080935,至上元大64購05,0.64,0.64
1150820,080936,技嘉國泰63購01,,0.90
1150820,080938,大毅國泰63購02,1.22,1.29
1150820,080939,光聖國泰63購03,1.41,1.40
1150820,080942,東元群益63購01,1.89,1.84
1150820,080943,華城群益62購03,2.59,2.59
1150820,080944,大成鋼群益63購01,1.12,1.12
1150820,080947,智邦群益62購03,2.46,2.52
1150820,080950,神基群益62購01,1.24,1.22
1150820,080951,大立光群益63購03,2.20,2.25
1150820,080952,奇鋐群益62購04,2.27,2.46
1150820,080953,奇鋐群益64購01,1.60,1.60
1150820,080954,日月光群益62購06,1.10,1.12
1150820,080956,精誠群益63購01,1.72,1.68
1150820,080957,力成群益62購01,0.72,0.74
1150820,080959,力積電群益62購05,1.64,1.66
1150820,080961,至上群益63購03,0.87,0.86
1150820,080962,世紀鋼群益64購01,1.15,1.15
1150820,080965,臺股指群益62購07,1.45,1.45
1150820,080973,台股增凱基63購05,1.06,1.06
1150820,080974,台化凱基63購03,1.60,1.58
1150820,080978,光寶科凱基63購04,1.04,1.08
1150820,080979,華通凱基63購11,1.72,1.72
1150820,080981,華邦電凱基63購10,2.21,2.25
1150820,080983,所羅門凱基63購02,,1.55
1150820,080984,漢唐凱基63購06,1.09,1.07
1150820,080985,興勤凱基63購01,2.06,2.06
1150820,080987,可成凱基63購02,1.33,1.32
1150820,080988,強茂凱基63購04,1.02,0.96
1150820,080992,奇鋐凱基64購03,0.74,0.82
1150820,080993,奇鋐凱基64購04,1.80,1.86
1150820,080997,聯詠凱基64購01,2.02,2.08
1150820,081006,達明凱基63購01,0.91,0.91
1150820,081010,精誠凱基63購01,,2.62
1150820,081012,旭隼凱基63購03,1.81,1.87
1150820,081014,台塑化凱基63購03,2.66,2.50
1150820,081015,緯穎凱基63購08,1.52,1.50
1150820,081016,騰輝電凱基63購02,1.52,1.50
1150820,081017,力智凱基63購01,1.14,1.17
1150820,081019,至上凱基63購04,0.70,0.70
1150820,081020,勤誠凱基63購06,2.16,2.16
1150820,081026,美費半富邦64購04,0.71,0.72
1150820,081028,新纖富邦65購01,0.60,0.60
1150820,081029,中興電富邦62購01,0.65,0.65
1150820,081030,華城富邦64購01,0.77,0.77
1150820,081032,所羅門富邦64購02,0.73,0.85
1150820,081035,研華富邦64購01,0.80,0.82
1150820,081037,偉詮電富邦65購01,0.54,0.57
1150820,081038,亞航富邦64購01,0.96,0.93
1150820,081039,大立光富邦64購02,1.63,1.63
1150820,081040,大立光富邦65購03,1.43,1.44
1150820,081041,奇鋐富邦65購01,0.62,0.66
1150820,081044,大聯大富邦64購01,0.50,0.52
1150820,081045,大聯大富邦65購01,0.37,0.39
1150820,081046,材料富邦64購01,0.70,0.70
1150820,081049,捷敏富邦64購01,,0.90
1150820,081050,洋基富邦62購01,0.57,0.57
1150820,081054,宇隆永豐64購01,0.72,0.72
1150820,081056,國巨永豐63購03,1.59,1.65
1150820,081063,宏碁永豐63購03,0.87,0.85
1150820,081066,漢翔永豐63購01,0.74,0.74
1150820,081067,奇鋐永豐63購07,1.11,1.11
1150820,081068,精金永豐64購01,0.69,0.69
1150820,081069,精金永豐65購01,0.78,0.78
1150820,081070,嘉基永豐64購01,1.17,1.09
1150820,081071,嘉基永豐66購01,1.42,1.42
1150820,081073,力積電永豐68購01,1.74,1.74
1150820,081075,寶成永豐63購01,1.07,1.07
1150820,081079,國巨國票64購01,,1.78
1150820,081080,研華國票64購01,2.10,2.10
1150820,081082,星宇國票68購01,1.90,1.90
1150820,081083,精金國票63購01,1.18,1.12
1150820,081086,南亞台新62購02,0.90,0.90
1150820,081087,南亞台新62購03,0.84,0.84
1150820,081089,精英台新62購01,1.09,1.09
1150820,081092,志聖台新65購01,2.61,2.61
1150820,081095,華懋台新62購01,1.09,1.09
1150820,081096,GIS台新65購01,2.32,2.32
1150820,081099,世紀鋼台新65購02,1.29,1.29
1150820,081107,國巨富邦63購04,0.55,0.57
1150820,081108,國巨富邦64購03,0.59,0.59
1150820,081109,旺宏富邦62購03,0.47,0.47
1150820,081110,華碩富邦78購01,0.73,0.74
1150820,081115,緯穎富邦66購03,1.17,1.17
1150820,081124,國巨國泰63購01,1.36,1.36
1150820,081130,國巨國泰63購03,1.18,1.22
1150820,081131,國巨國泰63購04,,1.17
1150820,081138,國巨統一67購02,0.61,0.61
1150820,081139,國巨統一68購01,0.61,0.62
1150820,081140,國巨統一68購02,0.55,0.56
1150820,081141,國巨統一6C購01,0.64,0.67
1150820,081142,國巨統一6C購02,0.61,0.60
1150820,081143,國巨統一6C購03,0.93,0.95
1150820,081149,嘉基統一6C購01,0.87,0.87
1150820,081152,南亞群益63購03,0.54,0.55
1150820,081154,光寶科群益67購01,0.78,0.81
1150820,081155,華通群益62購06,,2.00
1150820,081171,新日興群益65購01,,0.76
1150820,081172,精誠群益62購01,1.38,1.38
1150820,081174,台塑化群益68購01,0.82,0.82
1150820,081175,勤誠群益62購07,,2.30
1150820,081179,東元凱基63購02,1.86,1.85
1150820,08117U,友達統一5B售01,,0.11
1150820,081180,華城凱基63購04,1.58,1.58
1150820,081186,台積電凱基63購23,1.87,1.85
1150820,081187,台積電凱基63購24,1.93,1.93
1150820,081190,華邦電凱基63購11,1.39,1.31
1150820,081194,金像電凱基66購02,1.80,1.80
1150820,081197,正崴凱基65購01,,0.91
1150820,081199,新興凱基63購01,2.75,2.87
1150820,081201,漢翔凱基66購01,1.88,1.88
1150820,081202,長榮太凱基63購02,,0.89
1150820,081203,大立光凱基63購11,3.15,3.13
1150820,081205,健鼎凱基63購04,2.17,2.17
1150820,081206,群創凱基65購02,1.61,1.61
1150820,081208,台積電凱基65購01,,13.40
1150820,081209,貿聯凱基65購01,1.63,1.63
1150820,081210,日月光凱基66購02,1.61,1.61
1150820,081212,佳必琪凱基64購02,1.94,1.94
1150820,081216,光聖凱基63購04,2.02,2.02
1150820,081217,緯穎凱基63購09,1.44,1.45
1150820,081218,龍德船凱基63購02,1.03,1.03
1150820,081219,力積電凱基65購01,1.31,1.29
1150820,081220,富世達凱基68購01,2.04,2.04
1150820,081221,南亞元大62購02,0.73,0.73
1150820,081224,大成鋼元大68購01,1.02,1.02
1150820,081226,光寶科元大65購03,0.58,0.60
1150820,081229,仁寶元大62購01,0.44,0.45
1150820,081231,台積電元大62購16,0.96,0.95
1150820,081237,所羅門元大62購02,,1.18
1150820,081239,金像電元大62購02,0.78,0.81
1150820,081240,技嘉元大62購01,,1.00
1150820,081243,創見元大66購02,1.40,1.40
1150820,081245,神基元大62購01,0.95,0.95
1150820,081246,大立光元大62購06,1.33,1.33
1150820,081247,晶技元大62購01,1.57,1.61
1150820,081249,群創元大65購04,0.52,0.52
1150820,081250,嘉澤元大62購01,1.11,1.11
1150820,081251,嘉澤元大62購02,0.98,0.98
1150820,081252,嘉澤元大68購02,0.81,0.81
1150820,081254,貿聯元大65購05,1.17,1.17
1150820,081255,日月光元大62購04,,1.33
1150820,081258,精誠元大62購01,1.21,1.24
1150820,081259,樺漢元大62購02,1.52,1.58
1150820,08125U,臺股指元大5B售11,0.02,0.01
1150820,081260,光聖元大62購01,,1.14
1150820,081262,騰輝電元大62購01,1.72,1.69
1150820,081264,力積電元大65購01,0.46,0.46
1150820,081266,勤誠元大62購01,0.77,0.77
1150820,081267,勤誠元大66購01,0.61,0.62
1150820,081268,世紀鋼元大62購01,0.69,0.68
1150820,081273,國巨中信64購03,0.50,0.50
1150820,081274,國巨中信68購01,0.52,0.52
1150820,081275,國巨中信68購02,0.66,0.66
1150820,081283,弘憶股台新65購01,1.52,1.52
1150820,081285,嘉澤台新62購01,1.27,1.27
1150820,081286,南寶台新65購01,2.57,2.57
1150820,081299,精誠國泰63購02,1.65,1.65
1150820,081300,T50反1富邦62購05,1.36,1.36
1150820,081303,東元富邦62購01,0.74,0.74
1150820,081314,漢翔富邦62購02,0.81,0.81
1150820,081317,日月光富邦62購03,0.71,0.71
1150820,081327,國巨統一64購04,0.63,0.63
1150820,081333,志聖統一6C購02,0.57,0.57
1150820,081336,長榮統一68購01,0.81,0.81
1150820,081337,陽明統一65購02,0.82,0.82
1150820,081341,慧洋統一65購01,0.76,0.76
1150820,081347,永光永豐63購02,1.91,1.91
1150820,081348,中華化永豐63購01,1.51,1.51
1150820,081349,光寶科永豐66購01,1.53,1.53
1150820,081357,聯電永豐68購01,1.98,1.98
1150820,081369,南亞科永豐69購03,1.09,1.09
1150820,08136U,臺股指元大59售20,,0.04
1150820,081370,南亞科永豐73購02,2.17,2.17
1150820,081373,萬海永豐64購02,1.83,1.83
1150820,081374,大立光永豐63購01,0.73,0.73
1150820,081375,大立光永豐64購07,1.74,1.74
1150820,081381,台表科永豐63購01,1.49,1.49
1150820,081383,力積電永豐63購04,1.50,1.50
1150820,081388,華城國票67購01,1.08,1.08
1150820,081396,強茂國票64購02,1.77,1.77
1150820,081398,陽明國票63購01,2.66,2.66
1150820,081402,萬海國票68購01,1.18,1.18
1150820,081403,華南金國票66購01,0.71,0.71
1150820,081409,嘉基國票66購01,1.05,1.05
1150820,081416,南亞元大62購05,0.63,0.63
1150820,081417,南亞元大62購06,0.71,0.71
1150820,08141U,道瓊銀群益59售02,,1.86
1150820,081421,聯電元大62購04,0.51,0.51
1150820,081426,鴻海元大62購14,1.18,1.18
1150820,081427,仁寶元大62購02,0.67,0.67
1150820,081428,台積電元大62購17,1.05,1.05
1150820,08142U,新日興群益59售01,,1.72
1150820,081433,華邦電元大65購03,0.60,0.60
1150820,081435,所羅門元大62購03,0.95,0.95
1150820,081443,陽明元大62購01,1.05,1.05
1150820,081444,萬海元大62購02,1.06,1.06
1150820,081445,萬海元大62購03,1.02,1.02
1150820,081447,漢翔元大68購01,1.59,1.59
1150820,081448,大立光元大62購07,1.17,1.17
1150820,081449,奇鋐元大62購05,1.01,1.01
1150820,08144U,南電群益61售02,0.10,0.10
1150820,081453,晶技元大62購02,0.59,0.59
1150820,081457,貿聯元大62購03,1.71,1.71
1150820,081460,力成元大65購02,0.62,0.62
1150820,081463,力積電元大62購02,1.43,1.43
1150820,081477,國巨群益66購01,1.25,1.25
1150820,081485,大同統一5B購01,,0.03
1150820,081489,萬海統一5B購01,0.24,0.17
1150820,081490,漢唐群益62購02,1.34,1.34
1150820,081491,亞光統一5B購01,0.18,0.19
1150820,081494,萬海群益63購01,1.25,1.25
1150820,081496,大立光群益62購07,1.74,1.74
1150820,081512,保瑞群益62購01,2.50,2.50
1150820,081514,力積電群益62購06,1.31,1.31
1150820,081525,聯電凱基63購05,1.40,1.40
1150820,081529,國巨凱基63購03,1.40,1.40
1150820,08152U,道瓊銀群益61售05,1.22,1.30
1150820,081534,國巨凱基63購08,1.46,1.46
1150820,081540,所羅門凱基63購03,1.18,1.18
1150820,081542,研華凱基64購02,1.48,1.48
1150820,081544,南亞科凱基63購17,2.36,2.36
1150820,081546,南亞科凱基63購19,2.33,2.33
1150820,081548,南亞科凱基67購02,2.45,2.45
1150820,081550,陽明凱基63購01,1.97,1.97
1150820,081551,萬海凱基63購02,1.08,1.08
1150820,081555,晶技凱基63購07,1.52,1.52
1150820,081558,嘉澤凱基63購03,1.43,1.43
1150820,081561,臻鼎凱基63購14,1.42,1.42
1150820,081564,緯穎凱基63購10,1.35,1.35
1150820,081565,騰輝電凱基63購03,1.95,1.95
1150820,081566,力積電凱基67購02,1.52,1.52
1150820,08156U,亞力國票58售02,,1.00
1150820,08158U,台玻國票58售06,0.01,0.16
1150820,081621,長榮統一65購01,0.34,0.25
1150820,081624,陽明統一65購01,0.11,0.08
1150820,081626,萬海統一65購01,0.21,0.11
1150820,08164U,聯電富邦61售04,,0.06
1150820,08169U,臺股指凱基5A售15,,0.11
1150820,08183U,欣興群益59售04,0.60,0.68
1150820,08184U,聯電統一61售07,0.03,0.03
1150820,081879,長榮元富65購01,0.91,0.66
1150820,081890,聯鈞統一65購02,,1.72
1150820,08190U,臺股指凱基59售18,0.10,0.10
1150820,08191U,臺股指富邦5A售12,,0.03
1150820,08196U,啟碁群益61售02,,0.76
1150820,082020,牧德統一59購01,,0.30
1150820,08204U,臺股指元富59售06,,0.14
1150820,08212U,啟碁凱基61售01,0.10,0.11
1150820,08216U,啟碁群益59售03,,0.02
1150820,08219U,燿華國票58售02,0.16,0.34
1150820,082222,聯發科元富5A購05,,8.93
1150820,082278,昇陽半統一58購01,1.54,1.73
1150820,082513,萬海統一5C購01,,0.10
1150820,082517,精成科統一5C購01,0.14,0.15
1150820,08252U,元黃金群益62售02,2.14,2.44
1150820,08254U,元金反群益62售02,,0.17
1150820,08256U,SGBR2X群益5C售02,,0.15
1150820,08260U,台光電群益5A售01,,0.09
1150820,082619,鴻海統一5C購02,2.04,2.19
1150820,082620,台積電統一5C購04,,4.32
1150820,08262U,元黃金群益62售03,0.99,1.09
1150820,08263U,元金2X群益62售03,2.44,2.73
1150820,08264U,道瓊銀群益62售03,2.38,2.44
1150820,08268U,道瓊銀富邦5C售03,,1.14
1150820,08275U,元黃金群益5C售03,,0.27
1150820,08278U,道瓊銀群益65售02,0.41,0.41
1150820,08279U,道瓊銅群益62售02,,0.54
1150820,08280U,飛宏群益62售01,,1.42
1150820,082893,元日2X國票66購01,,0.09
1150820,082918,聯發科永豐5A購02,25.40,25.40
1150820,08292U,長榮凱基59售01,,0.03
1150820,08295U,臺股指凱基5A售26,,0.13
1150820,08296U,華通國票59售04,,0.16
1150820,083078,美時統一5C購01,0.07,0.07
1150820,083178,華泰統一5C購01,,0.26
1150820,083189,南亞科統一59購02,25.80,25.63
1150820,083190,南亞科統一5C購01,22.10,22.57
1150820,083192,晶豪科統一5C購01,,7.10
1150820,083200,大銀統一59購01,1.07,0.95
1150820,08320U,元黃金群益62售05,0.64,0.76
1150820,08321U,元金2X群益62售06,0.94,1.08
1150820,08322U,道瓊銀群益62售08,,1.62
1150820,08327U,康舒國票59售01,,0.54
1150820,08330U,英業達群益5A售01,,0.10
1150820,08332U,裕民群益5A售01,,0.57
1150820,083335,南亞科統一5C購02,,20.25
1150820,08336U,聯茂群益5A售01,0.25,0.18
1150820,08341U,可寧衛群益5A售02,,0.45
1150820,08345U,欣興凱基5B售02,,0.14
1150820,083512,晶心科統一59購01,,0.04
1150820,08356U,立積群益5A售03,,0.72
1150820,08360U,金像電凱基5A售04,,0.17
1150820,083642,勤誠統一5C購01,,4.00
1150820,08365U,日月光國票59售02,,0.04
1150820,08368U,元金2X凱基5A售02,,0.69
1150820,08370U,上銀凱基59售01,,0.04
1150820,08374U,聯詠凱基5A售01,,0.08
1150820,08379U,旭隼凱基5A售04,0.41,0.61
1150820,083833,富世達統一59購01,,1.08
1150820,08387U,台積電富邦58售01,,0.01
1150820,08388U,T50正2永豐5C售01,0.81,0.90
1150820,08394U,元金2X元富62售02,,0.96
1150820,08395U,上銀群益59售03,,0.66
1150820,08397U,宇瞻國票5B售01,,0.06
1150820,084021,奇鋐統一5C購01,3.78,3.70
1150820,084022,亞光統一66購01,0.25,0.25
1150820,08405U,鴻海凱基5C售05,,1.34
1150820,08407U,台積電凱基58售23,,0.01
1150820,08408U,台積電凱基59售05,,0.10
1150820,08410U,鴻海凱基63售03,,2.91
1150820,08416U,華泰國票59售01,,0.31
1150820,08420P,台積電凱基5C售05,0.02,0.02
1150820,08422U,華通元富58售06,,0.10
1150820,08429U,華通凱基58售08,,0.40
1150820,08430U,鴻海凱基65售01,0.91,0.82
1150820,08431U,台積電凱基59售09,,0.06
1150820,08432U,台積電凱基5A售04,0.08,0.08
1150820,08433U,A50正2國票59售01,0.16,0.16
1150820,08434U,華城國票59售01,,0.65
1150820,08435U,華城國票59售04,,1.27
1150820,08436U,台達電國票59售02,0.15,0.28
1150820,08437U,台達電國票5A售05,0.29,0.41
1150820,08438U,華通國票5A售02,0.16,0.28
1150820,08439U,啟碁國票59售02,,0.09
1150820,08442U,華城群益5A售02,0.99,1.28
1150820,08445U,矽統群益5A售01,0.23,0.27
1150820,084512,訊芯統一5C購01,,2.57
1150820,08453U,台積電富邦5A售01,,0.03
1150820,08454U,臺股指富邦5B售07,,0.03
1150820,08455U,臺股指富邦5C售12,,0.10
1150820,08458U,台光電國泰5B售01,,0.02
1150820,08460U,台灣50國票59售04,,0.01
1150820,08461U,華通國票5A售04,,1.03
1150820,08462U,華通國票5A售05,,0.95
1150820,08464U,欣興國票5A售03,,0.01
1150820,08465U,欣興國票5A售04,,0.03
1150820,08468U,國巨群益5A售01,0.11,0.19
1150820,08472U,聯鈞群益59售03,,0.11
1150820,08473U,華城凱基5A售01,,1.29
1150820,08474U,台積電凱基59售10,,0.02
1150820,08477U,臺股指凱基5A售27,,0.04
1150820,08479U,華通元富59售07,,0.45
1150820,08483U,臺股指元富5A售05,,0.04
1150820,08484U,臺股指元富5A售06,,0.04
1150820,084889,旺宏統一5C購01,,10.80
1150820,084891,南亞科統一66購01,10.10,9.20
1150820,084892,晶豪科統一66購01,3.95,3.78
1150820,08490U,臺股指凱基5C售09,0.25,0.28
1150820,08492U,台光電國票5A售03,,0.03
1150820,08494U,國精化國票5A售02,,0.61
1150820,08495U,眾達國票5A售03,,0.70
1150820,08498U,台積電凱基5C售07,0.22,0.29
1150820,08499U,台光電凱基59售05,,0.06
1150820,08500U,台積電元大59售09,,0.04
1150820,08502U,台塑群益5B售01,,0.18
1150820,08503U,台積電群益59售08,,0.07
1150820,08506U,元石油國票59售02,,0.06
1150820,08507U,光罩國票5A售03,,0.70
1150820,08508U,台灣50元大59售04,,0.01
1150820,085105,亞翔統一5C購01,,2.57
1150820,08511U,奇鋐元大59售11,,0.16
1150820,08513U,臺股指元大59售26,,0.01
1150820,08514U,臺股指元大5A售13,0.01,0.01
1150820,08515U,臺股指元大5A售14,,0.02
1150820,08516U,SGBR2X群益61售02,,3.31
1150820,08519U,台積電凱基63售04,0.10,0.10
1150820,08520U,臺股指凱基5A售28,,0.08
1150820,08522U,奇鋐凱基59售05,,0.04
1150820,08523U,華泰國票5A售02,,0.63
1150820,08525U,台積電國票5A售03,,0.16
1150820,085277,亞翔統一62購01,,1.99
1150820,08527U,汎銓國票59售03,,0.10
1150820,085281,勤誠統一62購02,,1.80
1150820,08528U,汎銓國票5B售02,,0.28
1150820,08541U,萬海群益61售01,,0.28
1150820,08544U,德律群益63售01,1.24,1.21
1150820,08545U,世芯群益59售05,,0.30
1150820,085465,全新統一58購01,3.27,3.32
1150820,085468,京鼎統一58購01,,0.16
1150820,08552U,台積電台新59售03,,0.27
1150820,08553U,道瓊2X凱基5A售01,,0.32
1150820,08554U,德律凱基59售03,,0.14
1150820,08555U,世芯凱基59售05,0.08,0.27
1150820,08556U,緯穎凱基5B售04,,0.15
1150820,08558U,台積電統一63售06,0.19,0.21
1150820,08560U,台積電元大59售15,,0.01
1150820,085630,零壹統一5C購01,,0.23
1150820,085632,緯創統一5C購01,0.50,0.61
1150820,085639,立積統一5C購01,,0.10
1150820,08563U,智邦群益59售05,,0.64
1150820,085670,道瓊銅國票59購01,,1.93
1150820,08568U,滬深2X國票5C售01,,0.25
1150820,08569U,南亞國票5A售02,,0.02
1150820,08571U,三集瑞國票5A售02,0.52,0.55
1150820,08574U,定穎控元富59售02,,1.26
1150820,08575U,臺股指元富59售13,,0.01
1150820,085788,T50反1中信5C購01,0.33,0.19
1150820,08578U,台灣50中信63售03,,0.56
1150820,08580U,台積電中信63售03,0.37,0.37
1150820,08581U,臺股指中信5C售10,,0.06
1150820,08582U,牧德國票5A售03,0.23,0.27
1150820,08583U,貿聯國票5A售02,0.07,0.14
1150820,08585U,元石油凱基59售01,,0.80
1150820,08588U,萬海凱基61售01,0.15,0.35
1150820,08589U,奇鋐凱基5A售05,,0.11
1150820,08595U,上銀元富59售02,,0.10
1150820,08597U,元石油群益63售02,,1.67
1150820,08599U,毅嘉群益63售01,,0.28
1150820,08602U,緯創群益5A售03,,0.04
1150820,08603U,新日興群益63售01,0.89,0.96
1150820,08609U,台積電富邦73售01,0.27,0.28
1150820,08610U,台積電富邦73售02,0.55,0.55
1150820,08611U,聯發科國泰5A售03,,0.01
1150820,08612U,健策國票5A售06,,0.06
1150820,08613U,健策國票5A售07,,0.17
1150820,08614U,健策國票5A售08,0.16,0.29
1150820,08617U,創見群益59售04,,0.02
1150820,08618U,健策群益5B售02,0.05,0.23
1150820,08619U,健策群益63售02,0.37,0.56
1150820,086206,聯發科統一67購01,4.32,4.87
1150820,08620U,長興凱基59售02,,0.19
1150820,086211,融程電統一59購01,,0.57
1150820,08624U,臺股指凱基5A售36,,0.09
1150820,08626U,臺股指凱基5A售38,0.14,0.22
1150820,08630U,台塑化中信59售02,,0.09
1150820,08632U,緯穎富邦5A售03,,0.01
1150820,08634U,元石油國票59售03,,0.30
1150820,08635U,SGBR2X國票59售03,0.41,0.72
1150820,08639U,SGBR2X元大59售11,2.06,2.44
1150820,08640U,鴻海元大59售08,,0.14
1150820,08641U,元石油群益63售04,3.85,3.85
1150820,08642U,元油反群益63售02,,2.00
1150820,086448,大立光統一67購01,2.49,1.73
1150820,086450,偉訓統一5B購01,,0.23
1150820,086457,華擎統一61購01,,0.11
1150820,086458,華擎統一61購02,,0.09
1150820,086460,神達統一61購01,0.81,0.73
1150820,086465,智伸科統一61購01,0.70,0.74
1150820,086466,智伸科統一61購02,0.44,0.49
1150820,08646U,台積電群益59售13,0.01,0.01
1150820,086470,龍德船統一59購01,0.47,0.49
1150820,08647U,台塑中信59售03,,0.16
1150820,086496,聯發科永豐65購01,,28.80
1150820,08653U,台積電元大59售22,,0.06
1150820,08654U,創見國票5A售03,,0.12
1150820,08655U,台化元富59售04,,0.40
1150820,08658U,世芯元富59售04,0.04,0.04
1150820,08659U,緯穎元富59售05,,0.06
1150820,08662U,華通群益5B售05,0.27,0.41
1150820,08663U,景碩群益63售01,0.14,0.14
1150820,08665U,兆聯群益63售02,0.36,0.35
1150820,08667U,臺股指群益5B售12,0.05,0.05
1150820,08669U,景碩凱基5A售05,,0.01
1150820,08671U,臺股指富邦63售05,,0.10
1150820,08672U,牧德國票5A售04,,0.12
1150820,08674U,鴻海元富59售03,,0.07
1150820,08676U,緯創中信59售02,,0.09
1150820,08678U,日本2X元大5A售01,0.50,0.55
1150820,08680U,SGBR2X元大5A售03,,1.89
1150820,08681U,臺股指元大5A售20,,0.47
1150820,08686U,臺股指凱基5A售39,0.18,0.23
1150820,086894,中砂統一61購01,,1.28
1150820,086895,台積電統一67購02,,2.05
1150820,08689U,台灣50國票5A售03,,0.06
1150820,086901,宏達電統一61購01,0.14,0.16
1150820,086907,力積電統一59購01,5.20,5.67
1150820,086908,天虹統一59購01,,0.07
1150820,08690U,元石油國票59售05,,0.46
1150820,08691U,S&P正2國票59售01,,0.22
1150820,08692U,FBNQ2X國票59售02,,0.16
1150820,08693U,SGBR2X國票59售06,,0.73
1150820,08694U,金像電國票5A售02,0.42,0.57
1150820,08695U,宇瞻國票5A售04,,0.14
1150820,086980,美時統一61購01,0.14,0.15
1150820,086985,鴻海統一59購01,,2.02
1150820,086986,鴻海統一67購01,,1.73
1150820,086989,創見統一61購01,,2.49
1150820,086994,全新統一59購01,,5.70
1150820,086995,宏達電統一59購01,,0.13
1150820,086996,奇鋐統一5C購02,,6.53
1150820,087002,貿聯統一61購01,,3.07
1150820,08701U,臺股指富邦5C售15,,0.14
1150820,08702U,臺股指富邦5C售16,,0.04
1150820,08703U,嘉澤中信59售01,,0.11
1150820,08704U,鴻海群益61售03,,0.71
1150820,08710U,臺股指群益59售37,,0.09
1150820,08711U,臺股指群益59售38,,0.19
1150820,08714U,南亞中信59售05,,0.02
1150820,08716U,日本2X凱基5A售01,,0.22
1150820,087194,雄獅統一61購01,,0.23
1150820,08720U,台虹國票5A售02,0.07,0.10
1150820,08721U,國巨元富59售04,,0.06
1150820,08722U,國泰金元富59售02,,0.06
1150820,08723U,FBNQ2X元大5A售01,0.05,0.05
1150820,08726U,亞翔中信5B售04,0.29,0.29
1150820,08727U,臺股指中信63售01,,0.06
1150820,08728U,華通凱基59售03,0.68,0.87
1150820,08729U,SGBR2X國票59售07,0.84,0.94
1150820,087312,金像電統一59購02,5.40,5.13
1150820,087313,漢唐統一63購01,0.76,0.83
1150820,08731U,景碩國票5A售08,,0.04
1150820,087327,台積電凱基67購02,,12.70
1150820,08732U,至上國票5A售02,0.37,0.47
1150820,08735U,華通群益63售04,1.23,1.41
1150820,08738U,臺股指群益5B售15,,0.24
1150820,08739U,臺股指群益5B售16,,0.24
1150820,08740U,電子類群益5B售01,,0.08
1150820,08741U,台積電中信63售06,0.45,0.47
1150820,08742U,創見中信59售03,,0.15
1150820,08743U,至上台新59售02,,0.34
1150820,08744U,台灣50富邦5C售11,,0.34
1150820,08747U,國巨群益5B售03,0.07,0.06
1150820,087488,矽統統一59購01,,0.20
1150820,087489,矽統統一61購01,,0.37
1150820,08748U,國巨群益63售02,0.17,0.19
1150820,087496,洋基統一59購01,,1.29
1150820,08749U,奇鋐群益59售15,,0.21
1150820,08750U,臺股指群益65售02,,0.34
1150820,08751U,元石油國票59售06,,0.87
1150820,08752U,愛普國票5A售02,,0.27
1150820,08753U,京元電元富59售07,,0.90
1150820,08757U,元石油元大5B售02,1.18,1.38
1150820,08759U,台積電元大59售31,,0.10
1150820,08760U,台灣50凱基5A售08,,0.25
1150820,087618,台積電凱基67購03,,11.10
1150820,08762U,國巨凱基59售08,,0.03
1150820,08763U,奇鋐凱基59售09,,0.11
1150820,08764U,貿聯凱基59售06,,0.04
1150820,08765U,元石油群益59售01,,1.00
1150820,08766U,智邦群益59售09,,0.24
1150820,087678,矽統統一61購02,,0.23
1150820,08767U,訊芯群益5B售01,0.18,0.24
1150820,087680,奇鋐統一5B購01,,5.48
1150820,087683,欣興統一61購01,,12.03
1150820,087684,欣興統一67購01,,12.98
1150820,087686,世芯統一67購01,1.00,1.02
1150820,087691,保瑞統一61購01,0.38,0.34
1150820,087694,晶心科統一61購01,0.42,0.39
1150820,08769U,美費半元大59售02,,0.14
1150820,08770U,道瓊2X中信63售01,,0.38
1150820,08771U,臺股指中信62售02,,0.25
1150820,08772U,臺股指中信62售03,,0.56
1150820,08773U,台聚群益63售03,,2.72
1150820,08775U,元黃金元大59售06,1.19,1.41
1150820,08776U,元金2X元大59售07,,2.55
1150820,08777U,元金2X元大5A售07,1.54,1.75
1150820,08778U,臺股指元大5A售24,,0.07
1150820,08779U,貿聯中信59售05,,0.12
1150820,08780U,元黃金元富59售02,,1.49
1150820,08781U,台積電凱基59售14,,0.08
1150820,08785U,奇鋐元大59售30,,0.33
1150820,08786U,SGBR2X群益5B售02,1.62,1.84
1150820,087873,台積電凱基67購05,,10.30
1150820,087874,台積電凱基67購06,,8.60
1150820,08787U,SGBR2X群益63售05,,2.10
1150820,087904,世芯元富67購01,,1.77
1150820,08791U,台積電凱基6B售01,4.23,4.19
1150820,08792U,上証2X國票5A售02,,0.05
1150820,08793U,臺股指國票59售08,,0.07
1150820,087956,漢唐統一61購01,,0.60
1150820,087960,大銀統一59購02,2.39,2.24
1150820,087966,台積電群益61購01,,17.33
1150820,08796U,滬深2X元富59售04,0.23,0.22
1150820,08797U,香港2X元大5A售03,0.22,0.29
1150820,08798U,美指2X元大5B售01,0.29,0.30
1150820,08800U,SGBR2X群益5B售04,1.16,1.27
1150820,08801U,SGBR2X群益63售06,2.57,2.57
1150820,08802U,台積電群益59售15,,0.10
1150820,088038,南電統一59購01,,12.30
1150820,08803U,金像電群益59售05,0.25,0.46
1150820,08806U,台積電凱基63售05,,2.58
1150820,08807U,金像電凱基59售05,,0.45
1150820,08809U,惠特國票5A售02,0.65,0.71
1150820,08810U,大同元富59售02,,1.27
1150820,08812U,臺股指元富59售21,,0.03
1150820,08814U,台灣50元大59售12,,0.03
1150820,08816U,上証2X元大59售03,0.93,0.90
1150820,08817U,滬深2X元大59售04,0.22,0.24
1150820,08818U,臺股指國泰5C售01,0.40,0.36
1150820,08820U,勤誠元大59售14,,0.26
1150820,08821U,臺股指元大59售36,,0.08
1150820,08822U,臺股指元大5B售14,,0.14
1150820,08823U,台灣50凱基5A售09,,0.50
1150820,08824U,台積電凱基5C售08,,0.94
1150820,08826U,惠特凱基5A售02,0.82,0.95
1150820,08827U,SP黃豆群益61售02,,0.76
1150820,08829U,友達群益5B售03,,0.08
1150820,08830U,定穎控群益5B售03,1.62,1.64
1150820,08831U,S&P正2國票5A售01,0.13,0.15
1150820,08832U,臺股指富邦5A售13,,0.12
1150820,08833U,臺股指富邦62售04,,0.20
1150820,08836U,華通凱基63售02,1.17,1.29
1150820,08838U,台積電凱基67售09,,1.78
1150820,08839U,定穎控凱基59售08,,2.12
1150820,08840U,台達電群益5B售02,0.26,0.27
1150820,088412,鴻海統一67購02,0.76,0.87
1150820,088416,英業達統一61購01,1.04,1.03
1150820,088418,全新統一61購01,3.00,2.67
1150820,08841U,華通群益59售03,,1.75
1150820,088424,聯茂統一61購01,,5.99
1150820,088426,南電統一61購01,,15.90
1150820,088427,南電統一67購01,,10.84
1150820,088429,東哥統一61購02,,0.09
1150820,08842U,華通群益63售06,2.35,2.50
1150820,08844U,緯穎群益62售01,,0.12
1150820,08845U,惠特群益5C售01,,0.65
1150820,08847U,華通元富59售17,0.86,1.08
1150820,08848U,智邦元富59售05,0.26,0.24
1150820,08852U,台達電元大59售10,,0.27
1150820,08853U,台積電元大59售43,,0.01
1150820,08854U,金像電元大59售12,,0.50
1150820,08855U,台達電中信63售04,0.51,0.52
1150820,088560,技嘉統一59購01,,0.70
1150820,088561,微星統一59購01,0.08,0.30
1150820,088564,威盛統一59購01,,0.21
1150820,088565,威盛統一61購01,,0.57
1150820,088569,京元電統一61購01,,1.73
1150820,08856U,華通中信59售01,,0.37
1150820,088570,聯發科統一59購01,5.85,6.26
1150820,088571,宏達電統一59購02,0.01,0.03
1150820,088573,晟銘電統一5A購01,0.01,0.02
1150820,088575,奇鋐統一61購01,,3.42
1150820,088581,日電貿統一59購01,1.31,1.30
1150820,088582,景碩統一61購01,,9.55
1150820,088583,聯鈞統一67購01,2.34,2.18
1150820,088584,世芯統一67購02,1.22,1.20
1150820,088586,聯茂統一59購01,,9.55
1150820,08858U,台達電台新59售01,,0.23
1150820,08861U,元石油元富59售03,,0.64
1150820,08862U,美時元富59售06,,1.60
1150820,088635,鉅祥統一61購01,,0.95
1150820,088637,達興統一61購01,,0.51
1150820,088639,富世達統一61購01,1.42,1.45
1150820,08865U,台達電凱基5B售02,,0.11
1150820,08866U,台積電凱基69售02,,1.05
1150820,08868U,緯穎凱基5B售05,,0.10
1150820,08869U,臺股指凱基62售02,,0.38
1150820,08871U,台達電永豐5B售01,,0.58
1150820,08874U,川湖群益59售09,,0.07
1150820,088753,鴻海統一59購02,1.38,1.77
1150820,088754,台積電統一59購01,,4.38
1150820,088755,台積電統一67購04,,1.81
1150820,088760,神達統一58購02,,0.55
1150820,08876U,國巨群益65售01,0.17,0.13
1150820,08877U,智邦群益63售03,0.40,0.38
1150820,088791,FB越南凱基58購01,,0.21
1150820,088800,台積電凱基67購08,,8.10
1150820,08881U,聯詠群益63售01,0.30,0.31
1150820,08882U,緯創群益63售01,,0.20
1150820,08884U,帆宣群益5C售01,0.13,0.16
1150820,08885U,聯茂群益5B售02,0.03,0.11
1150820,08886U,矽格群益63售02,,0.29
1150820,08889U,兆聯群益5B售03,,0.06
1150820,08891U,川湖凱基5A售02,,0.06
1150820,08892U,華通凱基5A售05,0.97,1.28
1150820,08893U,世芯凱基5A售03,,0.20
1150820,08895U,FBNQ2X群益5C售01,,0.05
1150820,088964,台積電富邦61購01,10.70,11.57
1150820,08900U,臺股指元大5A售28,0.13,0.13
1150820,08901U,T50正2國票5A售03,,0.20
1150820,08902U,香港2X國票5A售02,0.36,0.49
1150820,08903U,金像電國票5B售01,0.25,0.37
1150820,08904U,牧德國票5B售02,0.52,0.59
1150820,08905U,T50正2凱基5A售05,,0.04
1150820,08906U,T50正2凱基5B售07,,0.29
1150820,08907U,鴻海凱基5A售06,,0.18
1150820,08908U,智邦凱基5A售05,,0.11
1150820,08909U,臺股指凱基5A售46,,0.03
1150820,08910U,台灣50富邦64售04,,0.25
1150820,08912U,T50正2富邦5B售03,,0.16
1150820,08913U,T50正2富邦61售08,,0.18
1150820,08914U,臺股指富邦64售07,0.14,0.15
1150820,08917U,FBNQ2X元大5C售01,,0.18
1150820,08918U,美費半元大5A售03,,0.06
1150820,08921U,T50正2群益5A售03,,0.16
1150820,08927U,智邦群益63售04,,0.24
1150820,089289,川湖統一61購01,,8.47
1150820,089291,廣宇統一59購01,0.03,0.09
1150820,089294,瀚宇博統一59購01,,0.09
1150820,089297,緯穎統一61購01,3.33,3.39
1150820,08929U,世芯群益5C售01,,0.09
1150820,08930U,國精化群益5A售02,,0.27
1150820,08931U,T50正2中信64售02,,0.91
1150820,08932U,S&P正2中信64售01,,0.41
1150820,08933U,台積電中信64售01,,0.57
1150820,08934U,聯發科中信62售01,0.11,0.09
1150820,08936U,鴻海群益63售05,,0.07
1150820,08937U,金像電群益64售01,,0.69
1150820,08938U,乙盛群益5A售01,,0.41
1150820,08939U,世芯元大5A售02,0.28,0.42
1150820,08940U,台灣50中信64售01,0.07,0.07
1150820,08941U,T50正2中信64售04,0.17,0.18
1150820,08943U,華東國票5A售03,,0.97
1150820,08945U,台灣50元大61售02,0.27,0.27
1150820,08946U,T50正2元大5B售06,,0.35
1150820,089470,士電統一59購01,,0.10
1150820,089473,緯穎統一61購02,,3.17
1150820,08947U,華東元大5A售02,,0.80
1150820,08948U,聯發科國泰64售01,0.06,0.08
1150820,089497,緯穎元富61購01,,14.69
1150820,08949U,中砂國票5B售01,0.11,0.14
1150820,08950U,華東國票5B售01,0.56,0.58
1150820,08951U,FBNQ2X凱基5C售01,0.11,0.11
1150820,08952U,華東凱基5A售03,0.87,0.99
1150820,08953U,元石油群益5C售03,1.48,1.74
1150820,089540,鴻海富邦61購01,,4.53
1150820,08954U,T50正2元大5A售08,,0.31
1150820,08956U,世芯元大5A售03,0.52,0.64
1150820,08958U,臺股指元大5C售12,0.25,0.27
1150820,089590,元債2X凱基67購01,0.63,0.66
1150820,089591,美債2X凱基67購01,,0.71
1150820,08959U,鴻海凱基63售04,,0.14
1150820,08961U,世芯凱基5A售06,0.27,0.37
1150820,08962U,臺股指凱基61售07,,0.19
1150820,08963U,臺股指凱基61售08,,0.24
1150820,08964U,T50正2中信64售06,,0.55
1150820,08968U,臺股指國泰5A售01,,0.17
1150820,08969U,台積電統一64售04,,0.39
1150820,08970U,華城永豐5B售01,,0.97
1150820,08971U,台積電永豐5A售12,,0.17
1150820,08972U,台積電永豐5A售13,,0.04
1150820,08974U,台積電凱基61售04,,0.95
1150820,08976U,奇鋐元大5A售05,,0.59
1150820,08977U,日本2X國票5A售01,,0.15
1150820,08978U,辛耘國票5A售04,0.72,0.79
1150820,08979U,辛耘國票5B售02,0.63,0.69
1150820,08980U,元石油凱基5B售02,0.90,1.09
1150820,08981U,FBNQ2X凱基5A售02,,0.14
1150820,08983U,台積電凱基6C售07,2.25,2.25
1150820,08984U,奇鋐凱基5A售10,,0.29
1150820,089850,瀚宇博統一59購02,,0.09
1150820,089852,南電統一67購02,10.30,10.85
1150820,08985U,聯鈞凱基5A售06,0.03,0.06
1150820,08986U,台灣50群益5A售06,0.17,0.16
1150820,08987U,台灣50群益5B售03,,0.28
1150820,089927,台積電永豐67購02,,8.10
1150820,08992U,台積電凱基64售07,,2.37
1150820,08993U,聯發科凱基5C售06,,0.04
1150820,08994U,道瓊2X國票5B售01,,0.24
1150820,08995U,天虹國票5A售02,,0.91
1150820,08996U,T50正2台新5A售02,,0.27
1150820,08997U,T50正2台新5C售01,,0.67
1150820,08998U,T50正2台新61售01,,0.96
1150820,08999U,T50正2台新64售02,0.52,0.56
1150820,1101,台泥,24.80,24.23
1150820,1101B,台泥乙特,43.20,43.30
1150820,1102,亞泥,34.70,32.99
1150820,1103,嘉泥,13.20,13.11
1150820,1104,環泥,26.80,26.58
1150820,1108,幸福,11.80,11.90
1150820,1109,信大,13.50,13.58
1150820,1110,東泥,16.00,16.06
1150820,1201,味全,12.45,12.19
1150820,1203,味王,44.35,46.01
1150820,1210,大成,52.60,53.51
1150820,1213,大飲,7.25,7.48
1150820,1215,卜蜂,110.50,107.50
1150820,1216,統一,78.20,75.41
1150820,1217,愛之味,10.00,9.88
1150820,1218,泰山,14.90,15.18
1150820,1219,福壽,11.15,10.93
1150820,1220,台榮,11.00,11.08
1150820,1225,福懋油,24.50,24.45
1150820,1227,佳格,29.15,28.90
1150820,1229,聯華,42.05,40.96
1150820,1231,聯華食,82.40,80.96
1150820,1232,大統益,156.50,154.46
1150820,1233,天仁,27.80,28.20
1150820,1234,黑松,33.50,33.56
1150820,1235,興泰,36.15,36.26
1150820,1236,宏亞,25.55,25.20
1150820,1256,鮮活果汁-KY,179.50,179.86
1150820,1301,台塑,57.80,56.68
1150820,1303,南亞,186.00,186.68
1150820,1304,台聚,11.80,11.80
1150820,1305,華夏,11.80,11.61
1150820,1307,三芳,30.75,31.10
1150820,1308,亞聚,13.50,13.32
1150820,1309,台達化,12.75,12.83
1150820,1310,台苯,8.10,8.00
1150820,1312,國喬,11.75,11.82
1150820,1312A,國喬特,,20.83
1150820,1313,聯成,11.55,11.39
1150820,1314,中石化,7.82,7.76
1150820,1315,達新,66.00,64.50
1150820,1316,上曜,10.65,10.22
1150820,1319,東陽,83.00,78.46
1150820,1321,大洋,32.35,31.93
1150820,1323,永裕,21.60,20.92
1150820,1324,地球,10.05,10.05
1150820,1325,恆大,26.35,26.35
1150820,1326,台化,58.40,58.61
1150820,1337,再生-KY,4.57,4.66
1150820,1338,廣華-KY,14.65,15.03
1150820,1339,昭輝,45.20,45.23
1150820,1340,勝悅-KY,5.10,5.12
1150820,1341,富林-KY,59.60,59.39
1150820,1342,八貫,104.00,102.15
1150820,1402,遠東新,29.20,27.43
1150820,1409,新纖,24.40,23.82
1150820,1410,南染,25.50,25.79
1150820,1413,宏洲,9.32,9.35
1150820,1414,東和,20.25,19.63
1150820,1416,廣豐,11.75,11.30
1150820,1417,嘉裕,8.23,8.27
1150820,1418,東華,17.65,17.98
1150820,1419,新紡,64.50,64.94
1150820,1423,利華,35.75,35.53
1150820,1432,大魯閣,15.05,15.11
1150820,1434,福懋,17.70,17.48
1150820,1435,中福,24.40,23.91
1150820,1436,華友聯,38.60,36.98
1150820,1437,勤益控,32.40,30.89
1150820,1438,三地開發,22.35,22.46
1150820,1439,雋揚,29.35,28.77
1150820,1440,南紡,13.55,13.13
1150820,1441,大東,8.86,8.92
1150820,1442,名軒,30.30,29.74
1150820,1443,立益物流,24.75,25.43
1150820,1444,力麗,7.36,7.21
1150820,1445,大宇,10.35,10.37
1150820,1446,宏和,13.65,13.81
1150820,1447,力鵬,6.98,6.95
1150820,1449,佳和,12.20,12.39
1150820,1451,年興,17.35,17.48
1150820,1452,宏益,11.50,11.36
1150820,1453,大將,11.25,11.18
1150820,1454,台富,12.40,12.72
1150820,1455,集盛,10.00,9.51
1150820,1456,怡華,13.45,13.89
1150820,1457,宜進,14.35,14.29
1150820,1459,聯發,14.50,13.64
1150820,1460,宏遠,6.62,6.64
1150820,1463,強盛新,17.60,17.73
1150820,1464,得力,10.20,10.24
1150820,1465,偉全,12.30,12.29
1150820,1466,聚隆,16.30,16.35
1150820,1467,南緯,8.27,9.06
1150820,1468,昶和,13.10,13.47
1150820,1470,大統新創,23.70,23.37
1150820,1471,首利,9.79,9.50
1150820,1472,三洋實業,87.50,88.66
1150820,1473,台南,20.00,19.91
1150820,1474,弘裕,10.05,10.05
1150820,1475,業旺,26.10,26.45
1150820,1476,儒鴻,317.00,333.21
1150820,1477,聚陽,201.00,215.07
1150820,1503,士電,201.50,197.82
1150820,1504,東元,73.10,68.61
1150820,1506,正道,10.25,10.30
1150820,1512,瑞利,6.55,6.63
1150820,1513,中興電,166.00,163.43
1150820,1514,亞力,101.00,100.96
1150820,1515,力山,34.50,31.48
1150820,1516,川飛,15.00,15.19
1150820,1517,利奇,11.45,11.57
1150820,1519,華城,727.00,699.79
1150820,1521,大億,25.55,25.38
1150820,1522,堤維西,27.85,28.18
1150820,1522A,堤維西甲特,50.90,50.15
1150820,1524,耿鼎,27.25,26.95
1150820,1525,江申,68.10,67.94
1150820,1526,日馳,16.70,17.79
1150820,1527,鑽全,32.90,32.69
1150820,1528,恩德,18.65,18.76
1150820,1529,樂事綠能,16.95,17.04
1150820,1530,亞崴,30.00,28.42
1150820,1531,高林股,13.05,12.97
1150820,1532,勤美,22.95,21.98
1150820,1533,車王電,31.30,32.16
1150820,1535,中宇,46.00,45.98
1150820,1536,和大,50.30,50.87
1150820,1537,廣隆,120.00,125.93
1150820,1538,正峰,,9.19
1150820,1539,巨庭,15.90,16.08
1150820,1540,喬福,19.10,19.60
1150820,1541,錩泰,21.70,21.75
1150820,1558,伸興,103.00,95.69
1150820,1560,中砂,698.00,697.93
1150820,1563,巧新,63.50,60.27
1150820,1568,倉佑,29.20,28.71
1150820,1582,信錦,73.90,72.81
1150820,1583,程泰,53.60,49.62
1150820,1587,吉茂,24.10,24.29
1150820,1590,亞德客-KY,1420.00,1495.00
1150820,1597,直得,135.00,140.82
1150820,1598,岱宇,20.15,20.21
1150820,1603,華電,30.80,29.79
1150820,1604,聲寶,23.25,23.15
1150820,1605,華新,36.85,36.72
1150820,1608,華榮,35.50,35.34
1150820,1609,大亞,36.90,36.76
1150820,1611,中電,12.20,11.98
1150820,1612,宏泰,34.55,33.05
1150820,1614,三洋電,30.70,30.87
1150820,1615,大山,44.30,43.11
1150820,1616,億泰,19.25,19.41
1150820,1617,榮星,17.55,18.21
1150820,1618,合機,39.05,39.52
1150820,1623,大東電,202.50,209.11
1150820,1626,艾美特-KY,9.50,9.62
1150820,1702,南僑,32.75,32.93
1150820,1707,葡萄王,90.50,89.56
1150820,1708,東鹼,50.80,49.46
1150820,1709,和益,30.30,28.70
1150820,1710,東聯,15.20,14.55
1150820,1711,永光,39.35,37.21
1150820,1712,興農,39.40,39.08
1150820,1713,國化,44.70,45.01
1150820,1714,和桐,17.00,16.23
1150820,1717,長興,70.20,69.76
1150820,1718,中纖,10.35,10.37
1150820,1720,生達,57.10,56.42
1150820,1721,三晃,19.50,19.89
1150820,1722,台肥,46.25,45.65
1150820,1723,中碳,86.30,84.79
1150820,1725,元禎,30.80,30.47
1150820,1726,永記,77.50,77.30
1150820,1727,中華化,91.60,78.87
1150820,1730,花仙子,51.70,51.39
1150820,1731,美吾華,20.80,20.82
1150820,1732,毛寶,26.40,26.49
1150820,1733,五鼎,32.10,31.44
1150820,1734,杏輝,32.50,31.80
1150820,1735,日勝化,20.40,20.31
1150820,1736,喬山,130.50,134.75
1150820,1737,臺鹽,32.40,32.05
1150820,1752,南光,31.90,31.88
1150820,1760,寶齡富錦,58.80,58.85
1150820,1762,中化生,35.40,34.48
1150820,1773,勝一,156.00,157.25
1150820,1776,展宇,17.05,16.97
1150820,1783,和康生,40.50,40.39
1150820,1786,科妍,49.60,50.21
1150820,1789,神隆,19.45,18.94
1150820,1795,美時,195.00,187.71
1150820,1802,台玻,57.70,55.33
1150820,1805,寶徠,10.25,10.00
1150820,1806,冠軍,8.02,7.99
1150820,1808,潤隆,34.50,32.91
1150820,1809,中釉,37.95,38.87
1150820,1810,和成,26.05,25.30
1150820,1817,凱撒衛,40.05,39.06
1150820,1903,士紙,48.40,47.34
1150820,1904,正隆,25.50,23.67
1150820,1905,華紙,13.50,13.36
1150820,1906,寶隆,11.50,11.29
1150820,1907,永豐餘,30.45,29.91
1150820,1909,榮成,11.15,10.47
1150820,2002,中鋼,19.35,19.15
1150820,2002A,中鋼特,37.25,37.31
1150820,2006,東和鋼鐵,82.00,82.97
1150820,2007,燁興,7.10,7.04
1150820,2008,高興昌,30.80,30.84
1150820,2009,第一銅,39.20,39.11
1150820,2010,春源,22.80,22.35
1150820,2012,春雨,15.00,15.15
1150820,2013,中鋼構,41.40,41.06
1150820,2014,中鴻,17.35,17.19
1150820,2015,豐興,64.50,64.14
1150820,2017,官田鋼,9.19,8.86
1150820,2020,美亞,21.75,21.34
1150820,2022,聚亨,7.76,7.68
1150820,2023,燁輝,14.00,13.78
1150820,2024,志聯,13.30,13.44
1150820,2025,千興,12.55,12.43
1150820,2027,大成鋼,50.50,47.47
1150820,2028,威致,15.80,15.52
1150820,2029,盛餘,21.95,21.14
1150820,2030,彰源,21.85,19.87
1150820,2031,新光鋼,46.05,43.56
1150820,2032,新鋼,17.05,16.71
1150820,2033,佳大,22.75,19.59
1150820,2034,允強,20.45,19.71
1150820,2038,海光,12.80,12.64
1150820,2049,上銀,366.50,367.11
1150820,2059,川湖,13925.00,11853.57
1150820,2062,橋椿,19.15,18.80
1150820,2069,運錩,20.05,19.58
1150820,2072,世紀風電,151.00,153.89
1150820,2101,南港,32.85,33.49
1150820,2102,泰豐,18.90,18.81
1150820,2103,台橡,27.85,25.86
1150820,2104,國際中橡,10.45,10.14
1150820,2105,正新,31.50,31.05
1150820,2106,建大,17.55,17.94
1150820,2107,厚生,26.10,25.61
1150820,2108,南帝,29.50,29.00
1150820,2109,華豐,14.80,14.59
1150820,2114,鑫永銓,88.50,88.00
1150820,2115,六暉-KY,23.55,22.72
1150820,2201,裕隆,29.20,28.06
1150820,2204,中華,55.00,51.93
1150820,2206,三陽工業,63.50,61.86
1150820,2207,和泰車,508.00,513.43
1150820,2208,台船,19.25,19.19
1150820,2211,長榮鋼,83.50,85.14
1150820,2227,裕日車,48.85,49.10
1150820,2228,劍麟,76.80,76.68
1150820,2231,為升,94.00,97.95
1150820,2233,宇隆,183.50,199.86
1150820,2236,百達-KY,123.00,130.82
1150820,2237,華德動能-創,27.00,27.12
1150820,2239,英利-KY,20.00,19.51
1150820,2241,艾姆勒,33.55,33.39
1150820,2243,宏旭-KY,40.10,41.00
1150820,2247,汎德永業,224.50,225.82
1150820,2248,華勝-KY,63.90,59.25
1150820,2250,IKKA-KY,60.20,59.71
1150820,2254,巨鎧精密-創,60.50,60.13
1150820,2258,鴻華先進-創,32.15,30.99
1150820,2301,光寶科,267.00,260.25
1150820,2302,麗正,43.25,43.44
1150820,2303,聯電,115.50,120.14
1150820,2305,全友,26.55,28.60
1150820,2308,台達電,1745.00,1755.36
1150820,2312,金寶,31.35,32.42
1150820,2313,華通,217.50,210.07
1150820,2314,台揚,11.10,11.60
1150820,2316,楠梓電,155.50,160.07
1150820,2317,鴻海,246.50,257.18
1150820,2321,東訊,,15.28
1150820,2323,中環,10.75,10.58
1150820,2324,仁寶,38.50,38.51
1150820,2327,國巨*,562.00,586.00
1150820,2328,廣宇,45.60,45.16
1150820,2329,華泰,42.75,43.93
1150820,2330,台積電,2375.00,2382.50
1150820,2331,精英,19.95,19.60
1150820,2332,友訊,20.50,22.27
1150820,2337,旺宏,122.00,126.21
1150820,2338,光罩,38.20,39.22
1150820,2340,台亞,31.15,31.28
1150820,2342,茂矽,39.10,38.12
1150820,2344,華邦電,176.50,171.50
1150820,2345,智邦,2105.00,2249.64
1150820,2347,聯強,87.00,91.12
1150820,2348,海悅,71.80,70.37
1150820,2348A,海悅甲特,38.10,37.87
1150820,2349,錸德,11.15,11.08
1150820,2351,順德,183.50,171.50
1150820,2352,佳世達,29.25,28.85
1150820,2353,宏碁,31.00,30.71
1150820,2354,鴻準,60.20,60.53
1150820,2355,敬鵬,41.90,41.45
1150820,2356,英業達,64.50,66.09
1150820,2357,華碩,913.00,871.86
1150820,2359,所羅門,158.00,151.61
1150820,2360,致茂,2140.00,2114.64
1150820,2362,藍天,47.35,47.80
1150820,2363,矽統,51.00,52.93
1150820,2364,倫飛,82.10,77.61
1150820,2365,昆盈,30.55,30.44
1150820,2367,燿華,42.55,42.70
1150820,2368,金像電,1025.00,981.14
1150820,2369,菱生,30.90,32.64
1150820,2371,大同,27.55,26.27
1150820,2373,震旦行,53.40,53.34
1150820,2374,佳能,67.10,69.59
1150820,2375,凱美,125.00,125.64
1150820,2376,技嘉,344.00,353.68
1150820,2377,微星,140.00,152.82
1150820,2379,瑞昱,703.00,736.57
1150820,2380,虹光,19.95,19.48
1150820,2382,廣達,327.00,316.18
1150820,2383,台光電,5985.00,5624.29
1150820,2385,群光,107.00,104.96
1150820,2387,精元,36.25,37.08
1150820,2388,威盛,73.40,77.37
1150820,2390,云辰,10.15,10.37
1150820,2392,正崴,40.60,38.96
1150820,2393,億光,66.30,62.76
1150820,2395,研華,673.00,654.00
1150820,2397,友通,64.20,63.97
1150820,2399,映泰,44.45,43.15
1150820,2401,凌陽,25.75,26.84
1150820,2402,毅嘉,53.10,54.29
1150820,2404,漢唐,1075.00,1127.14
1150820,2405,輔信,15.60,15.95
1150820,2406,國碩,28.60,30.71
1150820,2408,南亞科,517.00,480.71
1150820,2409,友達,25.80,25.60
1150820,2412,中華電,136.50,136.57
1150820,2413,環科,43.75,43.08
1150820,2414,精技,52.30,54.75
1150820,2415,錩新,30.55,30.43
1150820,2417,圓剛,43.95,43.51
1150820,2419,仲琦,24.50,24.58
1150820,2420,新巨,57.30,56.50
1150820,2421,建準,144.00,146.29
1150820,2423,固緯,75.40,74.53
1150820,2424,隴華,8.02,8.47
1150820,2425,承啟,38.60,44.59
1150820,2426,鼎元,74.80,66.41
1150820,2427,三商電,22.20,22.21
1150820,2428,興勤,267.00,242.46
1150820,2429,銘旺科,32.70,32.40
1150820,2430,燦坤,17.50,17.05
1150820,2431,聯昌,10.30,10.32
1150820,2432,倚天酷碁-創,27.35,28.08
1150820,2433,互盛電,41.85,41.84
1150820,2434,統懋,49.05,52.74
1150820,2436,偉詮電,63.30,64.44
1150820,2438,翔耀,18.05,18.11
1150820,2439,美律,82.00,80.79
1150820,2440,太空梭,13.90,14.79
1150820,2441,超豐,114.00,119.57
1150820,2442,新美齊,19.50,19.33
1150820,2444,兆勁,10.95,11.04
1150820,2449,京元電子,235.00,244.68
1150820,2450,神腦,28.30,28.30
1150820,2451,創見,284.50,288.86
1150820,2453,凌群,51.60,52.29
1150820,2454,聯發科,3700.00,3964.64
1150820,2455,全新,412.00,381.50
1150820,2457,飛宏,22.85,23.26
1150820,2458,義隆,146.00,147.64
1150820,2459,敦吉,67.00,65.63
1150820,2460,建通,28.55,30.18
1150820,2461,光群雷,18.15,17.43
1150820,2462,良得電,19.60,19.59
1150820,2464,盟立,180.50,179.21
1150820,2465,麗臺,86.00,88.25
1150820,2466,冠西電,96.10,94.53
1150820,2467,志聖,560.00,536.61
1150820,2468,華經,34.95,34.72
1150820,2471,資通,48.85,49.25
1150820,2472,立隆電,223.50,238.18
1150820,2474,可成,204.00,196.82
1150820,2476,鉅祥,119.50,122.46
1150820,2477,美隆電,21.00,21.52
1150820,2478,大毅,128.50,123.93
1150820,2480,敦陽科,160.00,156.00
1150820,2481,強茂,138.50,137.36
1150820,2482,連宇,15.75,16.06
1150820,2483,百容,35.50,37.25
1150820,2484,希華,71.10,72.01
1150820,2485,兆赫,41.10,41.67
1150820,2486,一詮,251.00,229.68
1150820,2488,漢平,48.70,49.40
1150820,2489,瑞軒,32.45,31.67
1150820,2491,吉祥全,36.60,33.42
1150820,2492,華新科,272.50,277.93
1150820,2493,揚博,183.00,210.64
1150820,2495,普安,37.20,38.17
1150820,2496,卓越,54.90,58.76
1150820,2497,怡利電,45.35,46.75
1150820,2498,宏達電,40.00,40.25
1150820,2501,國建,23.00,22.60
1150820,2504,國產,31.10,30.81
1150820,2505,國揚,17.45,17.93
1150820,2506,太設,8.63,8.59
1150820,2509,全坤建,14.80,13.63
1150820,2511,太子,8.30,8.32
1150820,2514,龍邦,11.95,12.18
1150820,2515,中工,11.95,11.94
1150820,2516,新建,14.05,13.99
1150820,2520,冠德,36.55,35.12
1150820,2524,京城,35.05,34.71
1150820,2527,宏璟,44.15,45.11
1150820,2528,皇普,20.40,20.22
1150820,2530,華建,19.55,19.41
1150820,2534,宏盛,17.25,17.00
1150820,2535,達欣工,92.00,89.72
1150820,2536,宏普,20.85,19.95
1150820,2537,聯上發,11.65,11.10
1150820,2538,基泰,9.06,9.17
1150820,2539,櫻花建,35.50,41.58
1150820,2540,愛山林,48.30,49.52
1150820,2542,興富發,48.30,45.55
1150820,2543,皇昌,38.95,38.59
1150820,2545,皇翔,34.10,33.32
1150820,2546,根基,116.50,102.42
1150820,2547,日勝生,10.20,10.30
1150820,2548,華固,95.70,94.73
1150820,2597,潤弘,169.00,165.93
1150820,2601,益航,6.72,6.38
1150820,2603,長榮,246.00,219.07
1150820,2605,新興,36.40,33.09
1150820,2606,裕民,70.20,66.59
1150820,2607,榮運,51.80,49.02
1150820,2608,嘉里大榮,28.65,28.59
1150820,2609,陽明,60.30,52.99
1150820,2610,華航,20.00,20.95
1150820,2611,志信,16.00,14.38
1150820,2612,中航,58.70,55.10
1150820,2613,中櫃,22.65,20.90
1150820,2614,東森,18.30,18.09
1150820,2615,萬海,113.50,92.23
1150820,2616,山隆,13.50,13.36
1150820,2617,台航,30.95,29.26
1150820,2618,長榮航,42.25,42.42
1150820,2630,亞航,52.30,49.90
1150820,2633,台灣高鐵,26.00,25.87
1150820,2634,漢翔,72.30,65.29
1150820,2636,台驊控股,71.20,67.46
1150820,2637,慧洋-KY,94.70,87.30
1150820,2642,宅配通,20.40,20.31
1150820,2645,長榮航太,179.00,187.04
1150820,2646,星宇航空,21.15,20.91
1150820,2701,萬企,10.65,10.61
1150820,2702,華園,12.30,12.38
1150820,2704,國賓,46.50,46.03
1150820,2705,六福,15.80,15.99
1150820,2706,第一店,12.50,12.47
1150820,2707,晶華,180.00,178.29
1150820,2712,遠雄來,14.40,14.50
1150820,2722,夏都,21.90,21.86
1150820,2723,美食-KY,66.60,62.49
1150820,2727,王品,237.00,232.00
1150820,2731,雄獅,145.00,144.82
1150820,2739,寒舍,35.90,34.94
1150820,2748,雲品,38.40,38.31
1150820,2753,八方雲集,186.50,182.14
1150820,2762,世界健身-KY,83.00,83.48
1150820,2801,彰銀,23.85,23.79
1150820,2812,台中銀,18.80,18.88
1150820,2816,旺旺保,36.50,34.08
1150820,2820,華票,16.30,16.30
1150820,2832,台產,61.00,58.95
1150820,2834,臺企銀,16.55,16.63
1150820,2836,高雄銀,12.10,11.91
1150820,2836A,高雄銀甲特,24.10,24.15
1150820,2838,聯邦銀,20.15,20.24
1150820,2838A,聯邦銀甲特,51.90,51.92
1150820,2845,遠東銀,13.60,13.30
1150820,2849,安泰銀,14.40,14.50
1150820,2850,新產,166.00,160.71
1150820,2851,中再保,44.20,37.34
1150820,2852,第一保,29.20,27.12
1150820,2855,統一證,46.65,46.04
1150820,2880,華南金,38.80,41.73
1150820,2881,富邦金,128.00,128.11
1150820,2881A,富邦特,61.80,61.79
1150820,2881B,富邦金乙特,60.80,60.59
1150820,2881C,富邦金丙特,51.50,51.51
1150820,2882,國泰金,97.70,99.41
1150820,2882A,國泰特,60.40,60.31
1150820,2882B,國泰金乙特,58.90,58.92
1150820,2883,凱基金,30.40,30.97
1150820,2883B,凱基金乙特,8.18,8.15
1150820,2884,玉山金,37.35,37.72
1150820,2885,元大金,62.10,67.34
1150820,2886,兆豐金,46.40,48.85
1150820,2887,台新新光金,35.95,35.98
1150820,2887E,台新新光戊特一,48.65,48.71
1150820,2887F,台新新光戊特二,45.80,45.80
1150820,2887G,台新新光庚特一,44.05,43.89
1150820,2887H,台新新光庚特二,42.00,41.88
1150820,2887I,台新新光辛特,9.52,9.51
1150820,2887Z1,台新新光己特,19.00,18.93
1150820,2889,國票金,15.65,15.46
1150820,2890,永豐金,39.35,39.51
1150820,2891,中信金,63.40,65.60
1150820,2891B,中信金乙特,62.30,62.46
1150820,2891C,中信金丙特,61.40,61.66
1150820,2892,第一金,33.30,34.25
1150820,2897,王道銀行,10.25,10.16
1150820,2897B,王道銀乙特,11.55,11.50
1150820,2901,欣欣,23.90,23.85
1150820,2903,遠百,22.75,22.00
1150820,2904,匯僑,12.90,12.99
1150820,2905,三商,17.40,16.83
1150820,2906,高林,13.65,13.32
1150820,2908,特力,21.85,21.75
1150820,2910,統領,24.00,24.31
1150820,2911,麗嬰房,6.61,6.87
1150820,2912,統一超,220.00,218.61
1150820,2913,農林,11.25,10.98
1150820,2915,潤泰全,61.60,55.65
1150820,2923,鼎固-KY,25.15,27.09
1150820,2929,淘帝-KY,5.71,5.69
1150820,2939,永邑-KY,19.60,19.21
1150820,2945,三商家購,39.80,40.62
1150820,3002,歐格,16.80,16.77
1150820,3003,健和興,64.00,64.66
1150820,3004,豐達科,121.50,125.46
1150820,3005,神基,117.50,115.89
1150820,3006,晶豪科,250.50,253.86
1150820,3008,大立光,5515.00,4709.64
1150820,3010,華立,127.00,124.57
1150820,3011,今皓,10.75,11.23
1150820,3013,晟銘電,82.20,84.66
1150820,3014,聯陽,130.50,131.82
1150820,3015,全漢,53.70,55.46
1150820,3016,嘉晶,103.00,101.69
1150820,3017,奇鋐,2985.00,2910.00
1150820,3018,隆銘綠能,14.65,13.83
1150820,3019,亞光,136.00,135.43
1150820,3021,鴻名,20.10,20.63
1150820,3022,威強電,92.50,98.32
1150820,3023,信邦,319.00,313.50
1150820,3024,憶聲,13.70,13.11
1150820,3025,星通,56.40,55.83
1150820,3026,禾伸堂,710.00,617.61
1150820,3027,盛達,18.20,18.24
1150820,3028,增你強,65.90,68.00
1150820,3029,零壹,111.50,108.86
1150820,3030,德律,289.50,295.32
1150820,3031,佰鴻,22.65,22.76
1150820,3032,偉訓,78.00,80.93
1150820,3033,威健,45.35,47.65
1150820,3034,聯詠,527.00,530.14
1150820,3035,智原,172.00,172.57
1150820,3036,文曄,205.50,213.68
1150820,3037,欣興,1140.00,1016.07
1150820,3038,全台,20.50,20.64
1150820,3040,遠見,38.65,37.63
1150820,3041,揚智,22.40,22.86
1150820,3042,晶技,188.50,178.54
1150820,3043,科風,21.25,20.55
1150820,3044,健鼎,485.50,443.21
1150820,3045,台灣大,115.00,110.86
1150820,3046,建碁,58.40,58.14
1150820,3047,訊舟,13.85,14.26
1150820,3048,益登,56.00,57.32
1150820,3049,精金,11.20,10.76
1150820,3050,鈺德,11.55,11.40
1150820,3051,力特,22.45,22.76
1150820,3052,夆典,11.20,10.91
1150820,3054,立萬利,52.80,49.84
1150820,3055,蔚華科,108.50,110.54
1150820,3056,富華新,14.20,14.05
1150820,3057,喬鼎,17.00,16.20
1150820,3058,立德,8.15,8.20
1150820,3059,華晶科,39.40,40.01
1150820,3060,銘異,27.40,28.52
1150820,3062,建漢,20.50,20.65
1150820,3090,日電貿,172.00,161.89
1150820,3092,鴻碩,23.90,23.63
1150820,3094,聯傑,35.90,36.46
1150820,3130,一零四,212.00,207.18
1150820,3135,凌航,168.00,166.43
1150820,3138,耀登,95.40,96.25
1150820,3149,正達,66.20,66.32
1150820,3150,鈺寶-創,17.30,17.03
1150820,3164,景岳,15.90,16.16
1150820,3167,大量,762.00,671.29
1150820,3168,眾福科,42.15,41.96
1150820,3189,景碩,851.00,834.86
1150820,3209,全科,51.10,55.08
1150820,3229,晟鈦,56.90,50.76
1150820,3231,緯創,180.00,188.93
1150820,3257,虹冠電,49.75,50.87
1150820,3266,昇陽,13.95,13.86
1150820,3296,勝德,23.70,23.39
1150820,3305,昇貿,109.00,111.75
1150820,3308,聯德,19.95,19.77
1150820,3311,閎暉,31.70,32.07
1150820,3312,弘憶股,51.40,50.59
1150820,3321,同泰,18.00,18.75
1150820,3338,泰碩,61.60,63.46
1150820,3346,麗清,20.10,20.43
1150820,3356,奇偶,62.80,60.32
1150820,3376,新日興,188.50,186.64
1150820,3380,明泰,27.30,28.16
1150820,3406,玉晶光,650.00,585.00
1150820,3413,京鼎,287.00,304.46
1150820,3416,融程電,178.00,183.57
1150820,3419,譁裕,12.10,12.04
1150820,3432,台端,14.90,15.62
1150820,3437,榮創,17.20,17.46
1150820,3443,創意,5630.00,4976.79
1150820,3447,展達,27.30,27.39
1150820,3450,聯鈞,553.00,505.36
1150820,3481,群創,46.00,48.91
1150820,3494,誠研,7.09,7.07
1150820,3501,維熹,39.90,39.19
1150820,3504,揚明光,78.10,76.27
1150820,3515,華擎,217.00,216.18
1150820,3518,柏騰,28.70,27.54
1150820,3528,安馳,84.50,88.33
1150820,3530,晶相光,55.10,55.28
1150820,3532,台勝科,340.00,322.61
1150820,3533,嘉澤,1610.00,1849.64
1150820,3535,晶彩科,88.00,88.15
1150820,3543,州巧,43.25,38.49
1150820,3545,敦泰,49.55,50.01
1150820,3550,聯穎,22.70,22.99
1150820,3557,嘉威,24.40,25.35
1150820,3563,牧德,674.00,678.93
1150820,3576,聯合再生,17.00,17.28
1150820,3583,辛耘,713.00,708.14
1150820,3588,通嘉,52.20,53.89
1150820,3591,艾笛森,20.40,20.96
1150820,3592,瑞鼎,223.50,235.29
1150820,3593,力銘,11.00,12.01
1150820,3596,智易,162.50,171.57
1150820,3605,宏致,110.00,112.77
1150820,3607,谷崧,14.00,14.13
1150820,3617,碩天,254.00,238.89
1150820,3622,洋華,48.70,52.74
1150820,3645,達邁,65.80,68.66
1150820,3652,精聯,34.40,34.83
1150820,3653,健策,5600.00,4628.21
1150820,3661,世芯-KY,3750.00,3785.00
1150820,3665,貿聯-KY,2250.00,2221.07
1150820,3669,圓展,37.85,38.48
1150820,3673,TPK-KY,65.10,61.60
1150820,3679,新至陞,109.50,109.46
1150820,3686,達能,14.30,14.58
1150820,3694,海華,51.40,53.93
1150820,3701,大眾控,40.15,40.66
1150820,3702,大聯大,104.50,118.25
1150820,3703,欣陸,19.90,20.06
1150820,3704,合勤控,42.30,44.69
1150820,3705,永信,55.70,54.00
1150820,3706,神達,90.10,91.46
1150820,3708,上緯投控,103.50,100.08
1150820,3711,日月光投控,590.00,605.86
1150820,3712,永崴投控,20.50,20.89
1150820,3714,富采,57.00,56.64
1150820,3715,定穎投控,109.50,113.61
1150820,3716,中化控股,36.05,34.22
1150820,3717,聯嘉投控,22.15,22.82
1150820,4104,佳醫,71.70,70.90
1150820,4106,雃博,24.45,24.50
1150820,4108,懷特,11.05,11.10
1150820,4119,旭富,52.40,51.74
1150820,4133,亞諾法,20.85,21.00
1150820,4137,麗豐-KY,90.30,93.52
1150820,4142,國光生,18.10,17.30
1150820,4148,全宇生技-KY,32.00,31.55
1150820,4155,訊映,14.85,14.64
1150820,4164,承業醫,26.50,26.27
1150820,4169,泰宗,163.50,155.29
1150820,4178,永笙-KY,17.45,17.81
1150820,4190,佐登-KY,25.20,25.08
1150820,4195,基米-創,14.25,14.86
1150820,4306,炎洲,15.35,14.74
1150820,4414,如興,8.35,8.43
1150820,4426,利勤,7.81,7.89
1150820,4438,廣越,60.70,60.56
1150820,4439,冠星-KY,99.20,102.80
1150820,4440,宜新實業,17.50,17.55
1150820,4441,振大環球,184.00,192.86
1150820,4526,東台,29.90,30.32
1150820,4532,瑞智,24.05,23.94
1150820,4536,拓凱,170.50,168.54
1150820,4540,全球傳動,58.80,57.73
1150820,4545,銘鈺,32.00,32.64
1150820,4551,智伸科,162.00,165.89
1150820,4552,力達-KY,17.70,17.65
1150820,4555,氣立,47.30,46.90
1150820,4557,永新-KY,51.60,50.15
1150820,4560,強信-KY,33.00,32.15
1150820,4562,穎漢,31.75,31.93
1150820,4564,元翎,16.85,16.76
1150820,4566,時碩工業,68.30,71.81
1150820,4569,六方科-KY,160.50,163.18
1150820,4571,鈞興-KY,161.50,165.43
1150820,4572,駐龍,140.50,140.46
1150820,4576,大銀微系統,208.00,215.82
1150820,4581,光隆精密-KY,48.75,49.64
1150820,4582,聚恆-創,23.65,26.31
1150820,4583,台灣精銳,488.00,495.82
1150820,4585,達明,300.50,303.21
1150820,4588,玖鼎電力,51.50,51.64
1150820,4590,富田-創,87.20,85.88
1150820,4720,德淵,17.90,19.07
1150820,4722,國精化,205.00,211.00
1150820,4736,泰博,145.50,135.25
1150820,4737,華廣,57.30,56.04
1150820,4739,康普,83.30,85.81
1150820,4746,台耀,53.90,53.04
1150820,4755,三福化,115.00,116.25
1150820,4763,材料*-KY,50.20,50.36
1150820,4764,雙鍵,211.00,237.57
1150820,4766,南寶,347.50,332.11
1150820,4770,上品,210.00,216.39
1150820,4771,望隼,201.00,198.43
1150820,4807,日成-KY,31.45,33.09
1150820,4904,遠傳,102.00,101.29
1150820,4906,正文,34.30,35.26
1150820,4912,聯德控股-KY,91.50,90.61
1150820,4915,致伸,60.10,61.13
1150820,4916,事欣科,99.30,102.88
1150820,4919,新唐,118.50,123.93
1150820,4927,泰鼎-KY,32.85,33.01
1150820,4930,燦星網,16.20,16.17
1150820,4934,太極,14.25,14.33
1150820,4935,茂林-KY,34.45,34.78
1150820,4938,和碩,89.70,89.96
1150820,4942,嘉彰,33.45,33.85
1150820,4943,康控-KY,8.42,8.52
1150820,4949,有成精密,70.80,69.32
1150820,4952,凌通,52.00,50.05
1150820,4956,光鋐,30.45,30.45
1150820,4958,臻鼎-KY,463.00,471.75
1150820,4960,誠美材,20.50,20.91
1150820,4961,天鈺,164.50,165.46
1150820,4967,十銓,266.00,268.11
1150820,4968,立積,91.20,95.04
1150820,4976,佳凌,38.15,37.16
1150820,4977,眾達-KY,156.50,144.14
1150820,4989,榮科,62.00,65.60
1150820,4994,傳奇,86.00,86.40
1150820,4999,鑫禾,18.85,18.75
1150820,5007,三星,56.30,56.20
1150820,5203,訊連,58.70,63.06
1150820,5215,科嘉-KY,40.40,39.20
1150820,5222,全訊,105.50,115.43
1150820,5225,東科-KY,60.50,66.29
1150820,5234,達興材料,299.00,323.21
1150820,5236,凌陽創新,136.50,141.64
1150820,5243,乙盛-KY,88.30,87.89
1150820,5244,弘凱,33.40,32.93
1150820,5258,虹堡,47.75,50.68
1150820,5269,祥碩,1425.00,1402.86
1150820,5283,禾聯碩,57.20,55.29
1150820,5284,jpp-KY,318.00,301.57
1150820,5285,界霖,77.20,77.64
1150820,5288,豐祥-KY,189.50,191.54
1150820,5292,華懋,214.00,183.25
1150820,5306,桂盟,96.20,94.36
1150820,5388,中磊,77.60,85.20
1150820,5434,崇越,526.00,519.71
1150820,5469,瀚宇博,71.60,72.86
1150820,5471,松翰,57.60,56.34
1150820,5484,慧友,40.70,41.29
1150820,5515,建國,54.20,47.20
1150820,5519,隆大,27.90,27.84
1150820,5521,工信,10.70,10.44
1150820,5522,遠雄,64.10,63.67
1150820,5525,順天,22.30,22.18
1150820,5531,鄉林,7.56,7.56
1150820,5533,皇鼎,13.95,13.94
1150820,5534,長虹,80.90,78.56
1150820,5538,東明-KY,37.20,34.73
1150820,5546,永固-KY,13.60,13.72
1150820,5607,遠雄港,55.30,50.84
1150820,5608,四維航,17.05,14.40
1150820,5706,鳳凰,45.30,45.03
1150820,5871,中租-KY,111.50,111.21
1150820,5871A,中租-KY甲特,100.00,99.94
1150820,5876,上海商銀,43.65,43.31
1150820,5880,合庫金,24.80,25.32
1150820,5906,台南-KY,38.00,39.12
1150820,5907,大洋-KY,4.91,4.93
1150820,6005,群益證,30.35,32.15
1150820,6024,群益期,61.50,60.50
1150820,6108,競國,26.00,20.52
1150820,6112,邁達特,44.80,44.70
1150820,6115,鎰勝,44.65,45.08
1150820,6116,彩晶,13.80,13.87
1150820,6117,迎廣,61.10,64.35
1150820,6120,達運,12.60,12.98
1150820,6128,上福,20.25,20.27
1150820,6133,金橋,22.15,21.82
1150820,6136,富爾特,24.90,24.93
1150820,6139,亞翔,766.00,796.00
1150820,6141,柏承,43.95,36.70
1150820,6142,友勁,9.00,9.39
1150820,6152,百一,13.95,13.65
1150820,6153,嘉聯益,16.65,16.46
1150820,6155,鈞寶,56.70,57.04
1150820,6164,華興,11.90,11.83
1150820,6165,浪凡,47.35,48.95
1150820,6166,凌華,120.50,132.32
1150820,6168,宏齊,25.00,24.64
1150820,6177,達麗,47.05,47.98
1150820,6183,關貿,93.30,92.84
1150820,6184,大豐電,41.65,42.14
1150820,6189,豐藝,48.15,48.50
1150820,6191,精成科,82.60,84.81
1150820,6192,巨路,117.00,116.36
1150820,6196,帆宣,496.00,503.11
1150820,6197,佳必琪,300.50,304.64
1150820,6201,亞弘電,44.95,45.74
1150820,6202,盛群,57.30,60.24
1150820,6205,詮欣,61.40,61.17
1150820,6206,飛捷,142.50,145.29
1150820,6209,今國光,69.00,71.49
1150820,6213,聯茂,510.00,425.68
1150820,6214,精誠,180.00,158.00
1150820,6215,和椿,99.20,100.06
1150820,6216,居易,22.30,22.14
1150820,6224,聚鼎,72.10,60.72
1150820,6225,天瀚,58.90,35.40
1150820,6226,光鼎,22.00,20.96
1150820,6230,尼得科超眾,107.00,109.11
1150820,6235,華孚,37.85,38.73
1150820,6239,力成,268.50,269.39
1150820,6243,迅杰,42.85,45.90
1150820,6257,矽格,199.50,203.89
1150820,6269,台郡,63.60,63.65
1150820,6271,同欣電,196.00,192.11
1150820,6272,驊陞,23.40,24.06
1150820,6277,宏正,81.50,80.76
1150820,6278,台表科,180.00,166.96
1150820,6281,全國電,51.50,51.49
1150820,6282,康舒,45.00,47.32
1150820,6283,淳安,20.00,20.14
1150820,6285,啟碁,237.00,245.43
1150820,6405,悅城,38.80,39.15
1150820,6409,旭隼,1040.00,1000.93
1150820,6412,群電,78.40,78.85
1150820,6414,樺漢,402.50,439.07
1150820,6415,矽力*-KY,448.00,449.46
1150820,6416,瑞祺電通,102.50,98.19
1150820,6426,統新,250.00,210.79
1150820,6431,光麗-KY,20.00,19.09
1150820,6438,迅得,143.50,145.04
1150820,6442,光聖,1555.00,1474.29
1150820,6443,元晶,26.10,26.66
1150820,6446,藥華藥,1375.00,1357.50
1150820,6449,鈺邦,223.00,232.54
1150820,6451,訊芯-KY,437.00,428.61
1150820,6456,GIS-KY,71.20,64.70
1150820,6464,台數科,79.00,78.01
1150820,6472,保瑞,445.50,416.39
1150820,6477,安集,38.15,36.14
1150820,6491,晶碩,374.00,371.50
1150820,6504,南六,37.75,38.32
1150820,6505,台塑化,73.00,69.92
1150820,6515,穎崴,6380.00,6666.79
1150820,6525,捷敏-KY,141.50,140.96
1150820,6526,達發,585.00,605.00
1150820,6531,愛普*,882.00,866.36
1150820,6533,晶心科,245.50,243.39
1150820,6534,正瀚-創,92.40,93.62
1150820,6541,泰福-KY,37.10,37.68
1150820,6550,北極星藥業-KY,11.15,10.96
1150820,6552,易華電,24.85,24.62
1150820,6558,興能高,24.85,25.68
1150820,6573,虹揚-KY,17.00,17.05
1150820,6579,研揚,150.00,160.82
1150820,6581,鋼聯,108.00,108.04
1150820,6582,申豐,32.00,31.64
1150820,6585,鼎基,116.00,117.25
1150820,6589,台康生技,51.60,49.56
1150820,6591,動力-KY,42.85,44.35
1150820,6592,和潤企業,60.30,60.69
1150820,6592A,和潤企業甲特,95.30,95.39
1150820,6592B,和潤企業乙特,,94.79
1150820,6598,ABC-KY,27.95,28.93
1150820,6605,帝寶,141.00,137.50
1150820,6606,建德工業,26.00,26.46
1150820,6614,資拓宏宇,36.00,35.95
1150820,6625,必應,76.60,77.13
1150820,6641,基士德-KY,18.10,17.94
1150820,6645,金萬林-創,12.90,13.20
1150820,6655,科定,116.00,117.29
1150820,6657,華安,30.25,30.58
1150820,6658,聯策,164.00,157.96
1150820,6666,羅麗芬-KY,41.75,42.92
1150820,6668,中揚光,36.20,35.70
1150820,6669,緯穎,6325.00,6204.29
1150820,6670,復盛應用,265.50,263.64
1150820,6671,三能-KY,23.50,22.79
1150820,6672,騰輝電子-KY,287.50,254.75
1150820,6674,鋐寶科技,16.10,15.20
1150820,6689,伊雲谷,61.20,61.73
1150820,6691,洋基工程,610.00,707.43
1150820,6695,芯鼎,48.15,49.92
1150820,6698,旭暉應材,32.00,32.63
1150820,6706,惠特,117.00,115.20
1150820,6715,嘉基,492.00,386.89
1150820,6719,力智,194.00,205.43
1150820,6722,輝創,32.30,32.79
1150820,6742,澤米,43.70,43.86
1150820,6743,安普新,25.10,26.29
1150820,6753,龍德造船,144.00,140.46
1150820,6754,匯僑設計,41.75,41.98
1150820,6756,威鋒電子,97.20,98.57
1150820,6757,台灣虎航,56.30,56.11
1150820,6768,志強-KY,65.20,66.06
1150820,6770,力積電,67.30,68.06
1150820,6771,平和環保-創,41.90,39.76
1150820,6776,展碁國際,53.20,53.91
1150820,6781,AES-KY,1075.00,1094.93
1150820,6782,視陽,204.00,203.64
1150820,6789,采鈺,427.50,439.32
1150820,6790,永豐實,38.50,38.14
1150820,6792,詠業,59.00,57.47
1150820,6794,向榮生技,70.80,72.79
1150820,6796,晉弘,62.50,58.93
1150820,6799,來頡,79.20,83.69
1150820,6805,富世達,1850.00,1760.00
1150820,6807,峰源-KY,38.20,37.19
1150820,6830,汎銓,420.00,414.39
1150820,6831,邁科,602.00,635.00
1150820,6834,天二科技,93.50,96.94
1150820,6835,圓裕,31.00,30.98
1150820,6838,台新藥,23.10,23.14
1150820,6854,錼創科技-KY創,92.40,93.55
1150820,6861,睿生光電,196.50,208.14
1150820,6862,三集瑞-KY,137.00,142.50
1150820,6863,永道-KY,113.50,121.29
1150820,6869,雲豹能源,67.20,67.06
1150820,6873,泓德能源,69.50,73.85
1150820,6885,全福生技,20.55,20.67
1150820,6887,寶綠特-KY,36.05,36.44
1150820,6890,來億-KY,164.00,169.04
1150820,6901,鑽石投資,16.80,16.95
1150820,6902,GOGOLOOK,126.50,127.36
1150820,6906,現觀科,72.00,71.84
1150820,6908,宏碁遊戲-創,30.85,32.65
1150820,6909,創控,40.40,40.67
1150820,6914,阜爾運通,148.50,147.54
1150820,6916,華凌,19.00,18.55
1150820,6918,愛派司,74.00,72.70
1150820,6919,康霈*,109.00,106.75
1150820,6921,嘉雨思-創,69.70,66.42
1150820,6923,中台,77.40,75.76
1150820,6924,榮惠-KY創,119.50,112.68
1150820,6928,攸泰科技,48.00,48.66
1150820,6931,青松健康,41.40,39.84
1150820,6933,AMAX-KY,193.00,181.25
1150820,6934,心誠鎂,72.20,73.01
1150820,6936,永鴻生技,32.45,32.05
1150820,6937,天虹,267.00,270.46
1150820,6944,兆聯實業,715.00,753.71
1150820,6947,台鎔科技,71.00,75.30
1150820,6949,沛爾生醫-創,1125.00,998.86
1150820,6951,青新-創,71.70,71.50
1150820,6952,大武山,37.15,37.38
1150820,6955,邦睿生技-創,119.50,121.54
1150820,6957,裕慶-KY,215.50,214.14
1150820,6958,日盛台駿,17.60,17.95
1150820,6958A,日盛台駿甲特,20.00,19.34
1150820,6962,奕力-KY,31.00,31.80
1150820,6965,中傑-KY,73.90,75.71
1150820,6969,成信實業*-創,34.70,33.71
1150820,6988,威力暘-創,11.85,12.32
1150820,6994,富威電力,35.00,36.03
1150820,7610,聯友金屬-創,1535.00,1712.14
1150820,7631,聚賢研發-創,146.00,139.39
1150820,7689,大鵬科CLMX,173.00,170.68
1150820,7705,三商餐飲,30.85,30.65
1150820,7711,永擎,454.00,413.75
1150820,7721,微程式,61.10,62.13
1150820,7722,LINEPAY,281.50,281.29
1150820,7730,暉盛-創,163.50,162.07
1150820,7732,金興精密,34.30,34.89
1150820,7736,虎山,70.80,70.06
1150820,7740,熙特爾-創,141.00,150.00
1150820,7749,意騰-KY,336.50,345.32
1150820,7750,新代,2460.00,2395.36
1150820,7760,享溫馨,33.20,33.15
1150820,7765,中華資安,225.00,224.54
1150820,7768,頌勝科技,296.00,267.32
1150820,7769,鴻勁,6455.00,6470.36
1150820,7780,大研生醫*,16.85,16.72
1150820,7786,東方風能,123.00,125.57
1150820,7788,松川精密,256.00,244.25
1150820,7791,皇家可口,57.20,58.45
1150820,7795,長廣,552.00,486.50
1150820,7799,禾榮科,379.50,358.36
1150820,7803,雲象科技-創,19.15,19.66
1150820,7818,溢泰實業,62.40,62.52
1150820,7821,神數,39.10,39.75
1150820,7822,倍利科,938.00,868.14
1150820,7823,奧義賽博-KY創,84.00,83.81
1150820,7827,漢康-KY創,159.50,157.25
1150820,7835,永悅健康-創,20.70,25.02
1150820,7855,和運租車,43.35,43.81
1150820,8011,台通,15.90,16.25
1150820,8016,矽創,291.50,299.71
1150820,8021,尖點,408.50,411.14
1150820,8028,昇陽半導體,247.00,261.93
1150820,8033,雷虎,187.50,184.57
1150820,8039,台虹,283.00,239.00
1150820,8045,達運光電,53.20,53.07
1150820,8046,南電,1195.00,1158.79
1150820,8070,長華*,50.20,48.96
1150820,8072,陞泰,26.35,26.46
1150820,8081,致新,259.00,259.71
1150820,8101,華冠,12.10,11.69
1150820,8103,瀚荃,91.90,80.78
1150820,8104,錸寶,30.90,31.16
1150820,8110,華東,44.35,45.14
1150820,8112,至上,93.70,91.74
1150820,8112A,至上甲特,45.00,44.99
1150820,8114,振樺電,198.50,213.07
1150820,8131,福懋科,62.80,63.72
1150820,8150,南茂,87.90,88.89
1150820,8162,微矽電子-創,58.80,55.83
1150820,8163,達方,31.15,31.46
1150820,8201,無敵,12.00,11.80
1150820,8210,勤誠,964.00,1059.57
1150820,8213,志超,32.75,31.81
1150820,8215,明基材,24.20,24.39
1150820,8222,寶一,39.60,38.65
1150820,8249,菱光,40.50,41.75
1150820,8261,富鼎,179.50,183.43
1150820,8271,宇瞻,233.00,230.07
1150820,8341,日友,76.60,76.06
1150820,8367,建新國際,40.50,40.34
1150820,8374,羅昇,83.10,82.59
1150820,8404,百和興業-KY,16.15,16.20
1150820,8411,福貞-KY,12.95,12.95
1150820,8422,可寧衛*,27.10,26.57
1150820,8429,金麗-KY,6.03,6.03
1150820,8438,昶昕,66.20,65.89
1150820,8442,威宏-KY,45.90,44.25
1150820,8443,阿瘦,11.45,11.45
1150820,8454,富邦媒,254.00,262.71
1150820,8462,柏文,176.00,171.82
1150820,8463,潤泰材,21.35,21.04
1150820,8464,億豐,374.50,377.79
1150820,8466,美吉吉-KY,15.85,16.37
1150820,8467,波力-KY,97.00,100.25
1150820,8473,山林水,45.25,43.20
1150820,8476,台境*,20.00,20.12
1150820,8478,東哥遊艇,142.00,146.11
1150820,8481,政伸,40.70,40.50
1150820,8482,商億-KY,48.70,48.99
1150820,8487,愛爾達-創,70.60,72.63
1150820,8488,吉源-KY,9.92,10.00
1150820,8499,鼎炫-KY,264.50,260.11
1150820,8926,台汽電,56.80,58.61
1150820,8940,新天地,15.25,15.34
1150820,8996,高力,1135.00,1122.86
1150820,9103,美德醫療-DR,5.21,5.20
1150820,910322,康師傅-DR,28.20,25.17
1150820,9105,泰金寶-DR,8.35,8.35
1150820,910861,神州-DR,3.80,3.91
1150820,9110,越南控-DR,3.11,3.14
1150820,911608,明輝-DR,,2.66
1150820,911622,泰聚亨-DR,3.60,3.67
1150820,911868,同方友友-DR,1.17,1.18
1150820,912000,晨訊科-DR,2.64,2.62
1150820,9136,巨騰-DR,11.15,11.49
1150820,9802,鈺齊-KY,71.30,71.24
1150820,9902,台火,13.70,13.76
1150820,9904,寶成,25.05,24.25
1150820,9905,大華,21.50,21.23
1150820,9906,欣巴巴,39.25,39.65
1150820,9907,統一實,15.20,14.84
1150820,9908,大台北,29.15,29.06
1150820,9910,豐泰,70.40,69.39
1150820,9911,櫻花,83.10,82.16
1150820,9912,偉聯,12.95,12.71
1150820,9914,美利達,87.80,83.72
1150820,9917,中保科,110.00,108.18
1150820,9918,欣天然,42.80,42.64
1150820,9919,康那香,13.90,13.91
1150820,9921,巨大,106.00,97.75
1150820,9924,福興,38.65,38.46
1150820,9925,新保,40.15,40.10
1150820,9926,新海,49.05,49.14
1150820,9927,泰銘,69.40,69.16
1150820,9928,中視,18.50,18.32
1150820,9929,秋雨,11.20,11.35
1150820,9930,中聯資源,63.60,62.68
1150820,9931,欣高,34.00,33.83
1150820,9933,中鼎,42.50,39.70
1150820,9934,成霖,11.40,11.19
1150820,9935,慶豐富,20.25,20.20
1150820,9937,全國,55.20,55.18
1150820,9938,百和,42.40,42.49
1150820,9939,宏全,132.00,134.61
1150820,9940,信義,20.80,20.82
1150820,9941,裕融,85.40,84.07
1150820,9941A,裕融甲特,51.10,51.01
1150820,9942,茂順,114.50,115.39
1150820,9943,好樂迪,51.20,51.19
1150820,9944,新麗,17.50,17.55
1150820,9945,潤泰新,29.85,27.94
1150820,9946,三發地產,19.05,18.45
1150820,9955,佳龍,24.85,24.18
1150820,9958,世紀鋼,101.00,106.43
